{"type":"FeatureCollection","features":[{"type":"Feature","properties":{"name":"강남대로61길"},"geometry":{"type":"LineString","coordinates":[[127.0235819,37.4984918],[127.0236491,37.4985104],[127.0243718,37.4987114],[127.0251346,37.4989361]]}},{"type":"Feature","properties":{"name":"사임당로"},"geometry":{"type":"LineString","coordinates":[[127.0218597,37.4905902],[127.0210626,37.4903481],[127.0210519,37.4903449]]}},{"type":"Feature","properties":{"name":"사임당로"},"geometry":{"type":"LineString","coordinates":[[127.0222614,37.4907133],[127.0220118,37.4906366]]}},{"type":"Feature","properties":{"name":"사임당로"},"geometry":{"type":"LineString","coordinates":[[127.0228034,37.4908789],[127.0225011,37.4907874],[127.0224174,37.4907614]]}},{"type":"Feature","properties":{"name":"사임당로"},"geometry":{"type":"LineString","coordinates":[[127.0249037,37.4914267],[127.0249116,37.4914084],[127.0249245,37.4913807],[127.024943,37.491341],[127.025007,37.4912042],[127.0250366,37.4911407],[127.0251246,37.4909522],[127.0251656,37.4908646],[127.0251974,37.4908008],[127.0252317,37.4907324],[127.0252402,37.4907146],[127.0252777,37.4906358],[127.0253165,37.4905551]]}},{"type":"Feature","properties":{"name":"사임당로"},"geometry":{"type":"LineString","coordinates":[[127.0266604,37.4920093],[127.0267338,37.4920314],[127.027148,37.4921565],[127.0273101,37.4921994],[127.0274865,37.4922588],[127.0281902,37.4924711],[127.0281944,37.4924725]]}},{"type":"Feature","properties":{"name":"서운로"},"geometry":{"type":"LineString","coordinates":[[127.0250377,37.4952033],[127.0253429,37.4945613],[127.0253903,37.49446],[127.0254431,37.4943452],[127.0255856,37.4940347],[127.0256239,37.4939512],[127.0257237,37.4937336]]}},{"type":"Feature","properties":{"name":"서운로"},"geometry":{"type":"LineString","coordinates":[[127.024299,37.496747],[127.024312,37.4967197],[127.0243358,37.4966693],[127.0245862,37.4961419],[127.024954,37.4953783]]}},{"type":"Feature","properties":{"name":"서운로"},"geometry":{"type":"LineString","coordinates":[[127.0258291,37.4935025],[127.0258385,37.4934837],[127.025858,37.4934411],[127.0260372,37.4930478],[127.0260889,37.492936],[127.0262246,37.4926717],[127.0263075,37.4925593],[127.0263635,37.4924313],[127.0265,37.492123],[127.0265321,37.4920553]]}},{"type":"Feature","properties":{"name":"효령로69길"},"geometry":{"type":"LineString","coordinates":[[127.023445,37.4895739],[127.0233977,37.4896919],[127.0230925,37.4904432]]}},{"type":"Feature","properties":{"name":"효령로69길"},"geometry":{"type":"LineString","coordinates":[[127.0238293,37.4885654],[127.0237798,37.4887373],[127.0234944,37.4894502]]}},{"type":"Feature","properties":{"name":"효령로69길"},"geometry":{"type":"LineString","coordinates":[[127.0242454,37.487276],[127.0241985,37.4874103],[127.0239863,37.4880205],[127.0238658,37.4884389]]}},{"type":"Feature","properties":{"name":"사임당로"},"geometry":{"type":"LineString","coordinates":[[127.0264939,37.4919898],[127.0264403,37.4919736],[127.0261104,37.491874],[127.0257069,37.4917521],[127.0249635,37.4915296]]}},{"type":"Feature","properties":{"name":"효령로"},"geometry":{"type":"LineString","coordinates":[[127.0265774,37.4879731],[127.0267857,37.4880395],[127.0280395,37.4884394],[127.0281669,37.4884781]]}},{"type":"Feature","properties":{"name":"서초대로"},"geometry":{"type":"LineString","coordinates":[[127.0205566,37.4957301],[127.0208901,37.4958406]]}},{"type":"Feature","properties":{"name":"논현로98길"},"geometry":{"type":"LineString","coordinates":[[127.0380921,37.5035579],[127.0379829,37.5037918],[127.0378554,37.5040735]]}},{"type":"Feature","properties":{"name":"언주로103길"},"geometry":{"type":"LineString","coordinates":[[127.0395957,37.5067495],[127.0400267,37.5069012]]}},{"type":"Feature","properties":{"name":"언주로103길"},"geometry":{"type":"LineString","coordinates":[[127.0357605,37.5056008],[127.036045,37.5056914],[127.0360742,37.5056993],[127.0363909,37.5057936],[127.0364346,37.5058066],[127.0367199,37.5058918],[127.0368689,37.505936],[127.0370672,37.5059964],[127.0373022,37.5060698],[127.0373935,37.5060986],[127.0376422,37.5061791]]}},{"type":"Feature","properties":{"name":"언주로103길"},"geometry":{"type":"LineString","coordinates":[[127.0382823,37.5063725],[127.0385598,37.5064543],[127.0394206,37.5066944]]}},{"type":"Feature","properties":{"name":"언주로103길"},"geometry":{"type":"LineString","coordinates":[[127.037804,37.5062296],[127.038129,37.5063269]]}},{"type":"Feature","properties":{"name":"역삼로33길"},"geometry":{"type":"LineString","coordinates":[[127.0416617,37.497838],[127.041773,37.4976087],[127.0419422,37.4972601]]}},{"type":"Feature","properties":{"name":"역삼로33길"},"geometry":{"type":"LineString","coordinates":[[127.0412738,37.4986709],[127.0414211,37.4983606],[127.0415989,37.4979713]]}},{"type":"Feature","properties":{"name":"언주로97길"},"geometry":{"type":"LineString","coordinates":[[127.0396555,37.5051098],[127.039393,37.5050056],[127.0392637,37.5049572],[127.0390518,37.5048843],[127.0387136,37.5047684],[127.0384365,37.5046744]]}},{"type":"Feature","properties":{"name":"언주로97길"},"geometry":{"type":"LineString","coordinates":[[127.0404823,37.5054001],[127.0402259,37.5053153],[127.0399095,37.5052014],[127.0398059,37.5051657]]}},{"type":"Feature","properties":{"name":"테헤란로39길"},"geometry":{"type":"LineString","coordinates":[[127.0405872,37.5053238],[127.0410938,37.5042196],[127.0412,37.5039881]]}},{"type":"Feature","properties":{"name":"테헤란로39길"},"geometry":{"type":"LineString","coordinates":[[127.040379,37.5057849],[127.0404033,37.5057478],[127.0405233,37.5054672]]}},{"type":"Feature","properties":{"name":"봉은사로26길"},"geometry":{"type":"LineString","coordinates":[[127.0330453,37.5066013],[127.0328699,37.5069588]]}},{"type":"Feature","properties":{"name":"봉은사로26길"},"geometry":{"type":"LineString","coordinates":[[127.0333539,37.5059447],[127.0331034,37.5064803]]}},{"type":"Feature","properties":{"name":"테헤란로5길"},"geometry":{"type":"LineString","coordinates":[[127.0290299,37.5010433],[127.0289242,37.5008674]]}},{"type":"Feature","properties":{"name":"테헤란로5길"},"geometry":{"type":"LineString","coordinates":[[127.0294786,37.5018327],[127.0294554,37.5017587],[127.0293153,37.5014985],[127.0291136,37.5011773]]}},{"type":"Feature","properties":{"name":"테헤란로5길"},"geometry":{"type":"LineString","coordinates":[[127.0294327,37.5021887],[127.0295158,37.5019765],[127.0295154,37.5019735]]}},{"type":"Feature","properties":{"name":"테헤란로5길"},"geometry":{"type":"LineString","coordinates":[[127.0292815,37.5025144],[127.0293789,37.5023122]]}},{"type":"Feature","properties":{"name":""},"geometry":{"type":"LineString","coordinates":[[127.0324806,37.5037768],[127.0318077,37.5035775]]}},{"type":"Feature","properties":{"name":"논현로97길"},"geometry":{"type":"LineString","coordinates":[[127.0303531,37.5028194],[127.0304257,37.5029001]]}},{"type":"Feature","properties":{"name":"논현로97길"},"geometry":{"type":"LineString","coordinates":[[127.0313217,37.502398],[127.0307111,37.5022052],[127.0303632,37.5027192]]}},{"type":"Feature","properties":{"name":"테헤란로13길"},"geometry":{"type":"LineString","coordinates":[[127.0322818,37.5005561],[127.0324641,37.500192],[127.0326814,37.4997274],[127.0326827,37.4997247]]}},{"type":"Feature","properties":{"name":"테헤란로13길"},"geometry":{"type":"LineString","coordinates":[[127.0317927,37.5015978],[127.0319454,37.5012775],[127.0320105,37.5011366],[127.0322364,37.5006506]]}},{"type":"Feature","properties":{"name":"테헤란로19길"},"geometry":{"type":"LineString","coordinates":[[127.0318306,37.5032229],[127.0326769,37.5034769]]}},{"type":"Feature","properties":{"name":"논현로105길"},"geometry":{"type":"LineString","coordinates":[[127.0335322,37.5059041],[127.0334132,37.505896]]}},{"type":"Feature","properties":{"name":"논현로105길"},"geometry":{"type":"LineString","coordinates":[[127.0343146,37.5061007],[127.033932,37.5059834]]}},{"type":"Feature","properties":{"name":"논현로105길"},"geometry":{"type":"LineString","coordinates":[[127.028431,37.5048267],[127.0281092,37.5047296],[127.0278323,37.5046466],[127.0268915,37.5043629]]}},{"type":"Feature","properties":{"name":"논현로105길"},"geometry":{"type":"LineString","coordinates":[[127.0294638,37.5051297],[127.0285835,37.5048719]]}},{"type":"Feature","properties":{"name":"논현로105길"},"geometry":{"type":"LineString","coordinates":[[127.0305737,37.5054515],[127.0297679,37.50521]]}},{"type":"Feature","properties":{"name":"논현로105길"},"geometry":{"type":"LineString","coordinates":[[127.0317366,37.5057981],[127.0308763,37.5055399]]}},{"type":"Feature","properties":{"name":"논현로105길"},"geometry":{"type":"LineString","coordinates":[[127.0326999,37.5058655],[127.0319137,37.5058264]]}},{"type":"Feature","properties":{"name":"논현로105길"},"geometry":{"type":"LineString","coordinates":[[127.0332485,37.5058871],[127.0328842,37.5058735]]}},{"type":"Feature","properties":{"name":"봉은사로4길"},"geometry":{"type":"LineString","coordinates":[[127.0268843,37.5026938],[127.02708,37.5022963]]}},{"type":"Feature","properties":{"name":"봉은사로4길"},"geometry":{"type":"LineString","coordinates":[[127.0267561,37.5029524],[127.0268248,37.5028142]]}},{"type":"Feature","properties":{"name":"봉은사로4길"},"geometry":{"type":"LineString","coordinates":[[127.0263785,37.5037891],[127.0266982,37.5030752]]}},{"type":"Feature","properties":{"name":"봉은사로4길"},"geometry":{"type":"LineString","coordinates":[[127.0258895,37.5047773],[127.0262987,37.5039578]]}},{"type":"Feature","properties":{"name":"봉은사로24길"},"geometry":{"type":"LineString","coordinates":[[127.0318657,37.5028429],[127.0319914,37.5025735]]}},{"type":"Feature","properties":{"name":"봉은사로24길"},"geometry":{"type":"LineString","coordinates":[[127.0317518,37.5030511],[127.0318049,37.5029597]]}},{"type":"Feature","properties":{"name":"봉은사로24길"},"geometry":{"type":"LineString","coordinates":[[127.0317073,37.5034802],[127.0317137,37.5032855]]}},{"type":"Feature","properties":{"name":"봉은사로24길"},"geometry":{"type":"LineString","coordinates":[[127.0316911,37.5041839],[127.0317022,37.5037146],[127.031704,37.5036138]]}},{"type":"Feature","properties":{"name":"강남대로110길"},"geometry":{"type":"LineString","coordinates":[[127.0298193,37.5033268],[127.0294735,37.5035138],[127.0292743,37.5036215]]}},{"type":"Feature","properties":{"name":"강남대로110길"},"geometry":{"type":"LineString","coordinates":[[127.0304012,37.5030106],[127.029954,37.5032538]]}},{"type":"Feature","properties":{"name":"강남대로110길"},"geometry":{"type":"LineString","coordinates":[[127.0309755,37.5030308],[127.0307391,37.5030035],[127.0305175,37.502982]]}},{"type":"Feature","properties":{"name":"강남대로110길"},"geometry":{"type":"LineString","coordinates":[[127.0316587,37.5031143],[127.0313163,37.5030708],[127.0312007,37.5030571]]}},{"type":"Feature","properties":{"name":"강남대로110길"},"geometry":{"type":"LineString","coordinates":[[127.0271827,37.5037439],[127.0281221,37.5040218],[127.0283484,37.5040887],[127.028547,37.5039887]]}},{"type":"Feature","properties":{"name":"강남대로110길"},"geometry":{"type":"LineString","coordinates":[[127.0264627,37.5038433],[127.026633,37.5038107],[127.0269619,37.5037467]]}},{"type":"Feature","properties":{"name":"강남대로110길"},"geometry":{"type":"LineString","coordinates":[[127.0257342,37.503969],[127.0259954,37.5039316],[127.0262421,37.5038851]]}},{"type":"Feature","properties":{"name":"논현로97길"},"geometry":{"type":"LineString","coordinates":[[127.0340759,37.5029157],[127.0342937,37.5024497],[127.0344039,37.502202]]}},{"type":"Feature","properties":{"name":"테헤란로19길"},"geometry":{"type":"LineString","coordinates":[[127.0328992,37.5031419],[127.0330732,37.5027647],[127.0330736,37.5027618]]}},{"type":"Feature","properties":{"name":"논현로99길"},"geometry":{"type":"LineString","coordinates":[[127.0328053,37.5031991],[127.0319249,37.5029448]]}},{"type":"Feature","properties":{"name":"논현로99길"},"geometry":{"type":"LineString","coordinates":[[127.0336501,37.5034566],[127.0332698,37.5033399],[127.0329582,37.5032445]]}},{"type":"Feature","properties":{"name":"논현로99길"},"geometry":{"type":"LineString","coordinates":[[127.0345414,37.5037141],[127.0338025,37.5035017]]}},{"type":"Feature","properties":{"name":"봉은사로6길"},"geometry":{"type":"LineString","coordinates":[[127.0282079,37.5023824],[127.0284117,37.5022824],[127.0291996,37.5025424]]}},{"type":"Feature","properties":{"name":"테헤란로19길"},"geometry":{"type":"LineString","coordinates":[[127.0325098,37.5038588],[127.0318125,37.5042363]]}},{"type":"Feature","properties":{"name":"테헤란로19길"},"geometry":{"type":"LineString","coordinates":[[127.0327406,37.503578],[127.0326607,37.5037822],[127.0326572,37.5037839]]}},{"type":"Feature","properties":{"name":"테헤란로19길"},"geometry":{"type":"LineString","coordinates":[[127.0328769,37.5032739],[127.0327922,37.5034572]]}},{"type":"Feature","properties":{"name":"봉은사로18길"},"geometry":{"type":"LineString","coordinates":[[127.0279011,37.5008521],[127.0277901,37.5010928],[127.0277598,37.5011361],[127.0276975,37.5012815]]}},{"type":"Feature","properties":{"name":"봉은사로18길"},"geometry":{"type":"LineString","coordinates":[[127.0298663,37.5044277],[127.0302106,37.5048238],[127.0304585,37.5051091],[127.0306581,37.5053705]]}},{"type":"Feature","properties":{"name":"봉은사로18길"},"geometry":{"type":"LineString","coordinates":[[127.0292569,37.5036931],[127.0297749,37.5043199]]}},{"type":"Feature","properties":{"name":"봉은사로18길"},"geometry":{"type":"LineString","coordinates":[[127.0282086,37.5024761],[127.0287537,37.5031084],[127.0287791,37.5031387],[127.0290745,37.5034736],[127.0291662,37.5035838]]}},{"type":"Feature","properties":{"name":"봉은사로18길"},"geometry":{"type":"LineString","coordinates":[[127.0276108,37.5017827],[127.0281148,37.5023672]]}},{"type":"Feature","properties":{"name":"봉은사로18길"},"geometry":{"type":"LineString","coordinates":[[127.0276451,37.5014044],[127.0275487,37.5016302]]}},{"type":"Feature","properties":{"name":"봉은사로7길"},"geometry":{"type":"LineString","coordinates":[[127.0275453,37.5060175],[127.0277449,37.5055633]]}},{"type":"Feature","properties":{"name":"봉은사로7길"},"geometry":{"type":"LineString","coordinates":[[127.0273438,37.5064385],[127.0274888,37.5061398]]}},{"type":"Feature","properties":{"name":"봉은사로7길"},"geometry":{"type":"LineString","coordinates":[[127.0271599,37.5068366],[127.0272862,37.5065607]]}},{"type":"Feature","properties":{"name":"봉은사로7길"},"geometry":{"type":"LineString","coordinates":[[127.0270928,37.5073179],[127.0270957,37.5070491],[127.0271173,37.5069587]]}},{"type":"Feature","properties":{"name":"봉은사로7길"},"geometry":{"type":"LineString","coordinates":[[127.0270591,37.507836],[127.0270877,37.5074512]]}},{"type":"Feature","properties":{"name":"봉은사로7길"},"geometry":{"type":"LineString","coordinates":[[127.0270488,37.5083545],[127.0270529,37.5079703]]}},{"type":"Feature","properties":{"name":"봉은사로7길"},"geometry":{"type":"LineString","coordinates":[[127.0269502,37.5088451],[127.0269733,37.5087947],[127.0270329,37.508611],[127.0270432,37.5084804]]}},{"type":"Feature","properties":{"name":"논현로123길"},"geometry":{"type":"LineString","coordinates":[[127.0300447,37.5115859],[127.0295076,37.5114172]]}},{"type":"Feature","properties":{"name":"논현로123길"},"geometry":{"type":"LineString","coordinates":[[127.0307403,37.5118146],[127.0304598,37.5117194],[127.0302027,37.5116362]]}},{"type":"Feature","properties":{"name":"논현로123길"},"geometry":{"type":"LineString","coordinates":[[127.0314584,37.5120544],[127.0311905,37.5119651],[127.0308941,37.5118662]]}},{"type":"Feature","properties":{"name":"논현로121길"},"geometry":{"type":"LineString","coordinates":[[127.0310584,37.5111511],[127.030864,37.5109328]]}},{"type":"Feature","properties":{"name":"논현로121길"},"geometry":{"type":"LineString","coordinates":[[127.0317518,37.5114487],[127.0311873,37.5112958],[127.031162,37.5112674]]}},{"type":"Feature","properties":{"name":"봉은사로13길"},"geometry":{"type":"LineString","coordinates":[[127.0297301,37.5074533],[127.0298809,37.507955]]}},{"type":"Feature","properties":{"name":"봉은사로13길"},"geometry":{"type":"LineString","coordinates":[[127.0295968,37.5070366],[127.0296906,37.5073267]]}},{"type":"Feature","properties":{"name":"학동로20길"},"geometry":{"type":"LineString","coordinates":[[127.0280787,37.5111833],[127.0281378,37.5112652],[127.0282846,37.5115498],[127.0285066,37.5119001]]}},{"type":"Feature","properties":{"name":"학동로20길"},"geometry":{"type":"LineString","coordinates":[[127.0272749,37.5103597],[127.0280027,37.5110934]]}},{"type":"Feature","properties":{"name":"학동로20길"},"geometry":{"type":"LineString","coordinates":[[127.0263844,37.5094752],[127.0266213,37.5097104],[127.0266898,37.5097783],[127.0268785,37.5099656],[127.0271954,37.5102802]]}},{"type":"Feature","properties":{"name":"강남대로114길"},"geometry":{"type":"LineString","coordinates":[[127.0265824,37.5062685],[127.0272612,37.5064684]]}},{"type":"Feature","properties":{"name":"강남대로114길"},"geometry":{"type":"LineString","coordinates":[[127.0260553,37.5061032],[127.0264316,37.5062223]]}},{"type":"Feature","properties":{"name":"강남대로114길"},"geometry":{"type":"LineString","coordinates":[[127.0249174,37.5057583],[127.0251856,37.5058407],[127.0255233,37.5059345],[127.0259039,37.5060552]]}},{"type":"Feature","properties":{"name":"학동로11길"},"geometry":{"type":"LineString","coordinates":[[127.0245588,37.5136539],[127.024368,37.5140533]]}},{"type":"Feature","properties":{"name":"학동로11길"},"geometry":{"type":"LineString","coordinates":[[127.0248188,37.5130827],[127.0246152,37.5135324]]}},{"type":"Feature","properties":{"name":"학동로11길"},"geometry":{"type":"LineString","coordinates":[[127.0251438,37.5124003],[127.0248629,37.5129879]]}},{"type":"Feature","properties":{"name":"학동로2길"},"geometry":{"type":"LineString","coordinates":[[127.0223918,37.5109127],[127.0222408,37.5112365]]}},{"type":"Feature","properties":{"name":"학동로2길"},"geometry":{"type":"LineString","coordinates":[[127.0228606,37.5099409],[127.0224497,37.5107907]]}},{"type":"Feature","properties":{"name":"학동로2길"},"geometry":{"type":"LineString","coordinates":[[127.0231144,37.5094232],[127.0229198,37.5098196]]}},{"type":"Feature","properties":{"name":"학동로2길"},"geometry":{"type":"LineString","coordinates":[[127.0239005,37.5077613],[127.0233683,37.5088785],[127.0231722,37.5093022]]}},{"type":"Feature","properties":{"name":"학동로26길"},"geometry":{"type":"LineString","coordinates":[[127.0300876,37.5109778],[127.030224,37.5111285]]}},{"type":"Feature","properties":{"name":"학동로26길"},"geometry":{"type":"LineString","coordinates":[[127.0294932,37.5103207],[127.0299923,37.5108724]]}},{"type":"Feature","properties":{"name":"학동로26길"},"geometry":{"type":"LineString","coordinates":[[127.0287486,37.5094917],[127.0290224,37.5097966],[127.0294191,37.5102385]]}},{"type":"Feature","properties":{"name":"학동로26길"},"geometry":{"type":"LineString","coordinates":[[127.0278607,37.508495],[127.0282851,37.5089697],[127.0286533,37.5093849]]}},{"type":"Feature","properties":{"name":"학동로20길"},"geometry":{"type":"LineString","coordinates":[[127.0285898,37.5119146],[127.0293789,37.5114129]]}},{"type":"Feature","properties":{"name":"학동로20길"},"geometry":{"type":"LineString","coordinates":[[127.0282291,37.512464],[127.0284095,37.5121118]]}},{"type":"Feature","properties":{"name":"봉은사로11길"},"geometry":{"type":"LineString","coordinates":[[127.0285278,37.507688],[127.0286205,37.5079655]]}},{"type":"Feature","properties":{"name":"봉은사로11길"},"geometry":{"type":"LineString","coordinates":[[127.0284011,37.5072122],[127.0284905,37.5075609]]}},{"type":"Feature","properties":{"name":"학동로26길"},"geometry":{"type":"LineString","coordinates":[[127.0299432,37.5120743],[127.0296172,37.5127799]]}},{"type":"Feature","properties":{"name":"학동로26길"},"geometry":{"type":"LineString","coordinates":[[127.030122,37.5116655],[127.0299977,37.5119524]]}},{"type":"Feature","properties":{"name":"학동로26길"},"geometry":{"type":"LineString","coordinates":[[127.030259,37.5112379],[127.0301701,37.511534]]}},{"type":"Feature","properties":{"name":"논현로113길"},"geometry":{"type":"LineString","coordinates":[[127.0307034,37.5079651],[127.0296467,37.5070154]]}},{"type":"Feature","properties":{"name":"논현로113길"},"geometry":{"type":"LineString","coordinates":[[127.0320864,37.5084109],[127.0308575,37.5080543]]}},{"type":"Feature","properties":{"name":"논현로113길"},"geometry":{"type":"LineString","coordinates":[[127.0332797,37.5084667],[127.0332697,37.5084665],[127.0322635,37.5084367]]}},{"type":"Feature","properties":{"name":"강남대로122길"},"geometry":{"type":"LineString","coordinates":[[127.0278761,37.5098386],[127.027645,37.5096129],[127.0274784,37.5094308],[127.027166,37.50913],[127.0269917,37.508979]]}},{"type":"Feature","properties":{"name":"강남대로120길"},"geometry":{"type":"LineString","coordinates":[[127.0285655,37.5075987],[127.0288059,37.5075517],[127.0296096,37.5073949]]}},{"type":"Feature","properties":{"name":"강남대로120길"},"geometry":{"type":"LineString","coordinates":[[127.0271589,37.5078798],[127.0273991,37.5078318],[127.0284064,37.5076301]]}},{"type":"Feature","properties":{"name":"논현로127길"},"geometry":{"type":"LineString","coordinates":[[127.0288738,37.5126469],[127.0288716,37.5126463]]}},{"type":"Feature","properties":{"name":"논현로127길"},"geometry":{"type":"LineString","coordinates":[[127.0294896,37.5128269],[127.0290109,37.512687]]}},{"type":"Feature","properties":{"name":"논현로127길"},"geometry":{"type":"LineString","coordinates":[[127.0298154,37.5129233],[127.0296419,37.5128718]]}},{"type":"Feature","properties":{"name":"논현로127길"},"geometry":{"type":"LineString","coordinates":[[127.0301805,37.5130331],[127.0299676,37.5129689]]}},{"type":"Feature","properties":{"name":"논현로127길"},"geometry":{"type":"LineString","coordinates":[[127.0309131,37.5132535],[127.0306723,37.5131811],[127.0303335,37.5130792]]}},{"type":"Feature","properties":{"name":"봉은사로21길"},"geometry":{"type":"LineString","coordinates":[[127.0311935,37.5071271],[127.0314262,37.5066587]]}},{"type":"Feature","properties":{"name":"봉은사로21길"},"geometry":{"type":"LineString","coordinates":[[127.0309641,37.5075979],[127.0311338,37.5072485]]}},{"type":"Feature","properties":{"name":"봉은사로21길"},"geometry":{"type":"LineString","coordinates":[[127.0308067,37.5079346],[127.0309062,37.5077199]]}},{"type":"Feature","properties":{"name":"봉은사로21길"},"geometry":{"type":"LineString","coordinates":[[127.0306417,37.5082592],[127.0307396,37.5080717]]}},{"type":"Feature","properties":{"name":"강남대로126길"},"geometry":{"type":"LineString","coordinates":[[127.0238231,37.5095605],[127.0247763,37.5098398],[127.0252642,37.5099963]]}},{"type":"Feature","properties":{"name":"강남대로122길"},"geometry":{"type":"LineString","coordinates":[[127.0250594,37.5092844],[127.0250078,37.5093882]]}},{"type":"Feature","properties":{"name":"강남대로122길"},"geometry":{"type":"LineString","coordinates":[[127.025432,37.5085174],[127.0252422,37.508905],[127.0251184,37.5091636]]}},{"type":"Feature","properties":{"name":"논현로115길"},"geometry":{"type":"LineString","coordinates":[[127.0305264,37.5083028],[127.0299319,37.5080645]]}},{"type":"Feature","properties":{"name":"논현로115길"},"geometry":{"type":"LineString","coordinates":[[127.0313811,37.5086514],[127.0306877,37.508368]]}},{"type":"Feature","properties":{"name":"논현로115길"},"geometry":{"type":"LineString","coordinates":[[127.0320664,37.508933],[127.0318453,37.5088466],[127.031533,37.5087143]]}},{"type":"Feature","properties":{"name":"논현로115길"},"geometry":{"type":"LineString","coordinates":[[127.0329237,37.5092004],[127.0328675,37.5091835],[127.0322369,37.5089928]]}},{"type":"Feature","properties":{"name":"논현로115길"},"geometry":{"type":"LineString","coordinates":[[127.0277188,37.5084454],[127.0273762,37.5084383],[127.0272549,37.5084389],[127.0271453,37.508435]]}},{"type":"Feature","properties":{"name":"논현로115길"},"geometry":{"type":"LineString","coordinates":[[127.028328,37.5082141],[127.0280458,37.5083839],[127.0279126,37.5084389],[127.0278931,37.5084402]]}},{"type":"Feature","properties":{"name":"논현로115길"},"geometry":{"type":"LineString","coordinates":[[127.0285789,37.5080689],[127.0284596,37.508137]]}},{"type":"Feature","properties":{"name":"논현로115길"},"geometry":{"type":"LineString","coordinates":[[127.0291285,37.5080357],[127.0289491,37.5080323],[127.028815,37.5080298],[127.0287182,37.508028],[127.0286985,37.5080307]]}},{"type":"Feature","properties":{"name":"논현로115길"},"geometry":{"type":"LineString","coordinates":[[127.0297927,37.5080429],[127.029309,37.508038]]}},{"type":"Feature","properties":{"name":"강남대로122길"},"geometry":{"type":"LineString","coordinates":[[127.0263066,37.5086937],[127.0268673,37.5088734]]}},{"type":"Feature","properties":{"name":"강남대로122길"},"geometry":{"type":"LineString","coordinates":[[127.025528,37.5084608],[127.0261871,37.5086569]]}},{"type":"Feature","properties":{"name":"강남대로122길"},"geometry":{"type":"LineString","coordinates":[[127.0240042,37.5077338],[127.024392,37.5081193],[127.0253747,37.508415]]}},{"type":"Feature","properties":{"name":"강남대로122길"},"geometry":{"type":"LineString","coordinates":[[127.0234229,37.5072321],[127.0238634,37.5076047]]}},{"type":"Feature","properties":{"name":"논현로121길"},"geometry":{"type":"LineString","coordinates":[[127.0300684,37.5099995],[127.0302621,37.5102113],[127.0307989,37.5108102]]}},{"type":"Feature","properties":{"name":"논현로121길"},"geometry":{"type":"LineString","coordinates":[[127.0293099,37.5091662],[127.0295897,37.5094735],[127.0299935,37.5099174]]}},{"type":"Feature","properties":{"name":"논현로121길"},"geometry":{"type":"LineString","coordinates":[[127.0284455,37.5082075],[127.0288552,37.508655],[127.029215,37.5090606]]}},{"type":"Feature","properties":{"name":"강남대로124길"},"geometry":{"type":"LineString","coordinates":[[127.026802,37.5106403],[127.0269863,37.5108265],[127.0275499,37.5114125]]}},{"type":"Feature","properties":{"name":"강남대로124길"},"geometry":{"type":"LineString","coordinates":[[127.025911,37.509777],[127.0260918,37.5099621],[127.0261396,37.510011],[127.0264036,37.5102752],[127.0267177,37.5105598]]}},{"type":"Feature","properties":{"name":"학동로7길"},"geometry":{"type":"LineString","coordinates":[[127.0236988,37.5127616],[127.0232649,37.5136866]]}},{"type":"Feature","properties":{"name":"학동로7길"},"geometry":{"type":"LineString","coordinates":[[127.0239976,37.5120629],[127.023744,37.512661]]}},{"type":"Feature","properties":{"name":"논현로66길"},"geometry":{"type":"LineString","coordinates":[[127.0430784,37.494684],[127.0428063,37.4946049],[127.0424873,37.494511],[127.0421015,37.4943975],[127.0411439,37.4941162]]}},{"type":"Feature","properties":{"name":"언주로69길"},"geometry":{"type":"LineString","coordinates":[[127.0446607,37.4964899],[127.0449494,37.4965755],[127.0453755,37.4967018]]}},{"type":"Feature","properties":{"name":"언주로69길"},"geometry":{"type":"LineString","coordinates":[[127.0426836,37.495903],[127.0428936,37.4959646],[127.0431386,37.4960374],[127.0433346,37.4960946],[127.0434995,37.4961426],[127.0437003,37.4962052],[127.0438813,37.49626],[127.0441473,37.4963367],[127.0445079,37.4964444]]}},{"type":"Feature","properties":{"name":"언주로85길"},"geometry":{"type":"LineString","coordinates":[[127.0424911,37.5011015],[127.0428154,37.5012064],[127.0431206,37.5012931]]}},{"type":"Feature","properties":{"name":"언주로85길"},"geometry":{"type":"LineString","coordinates":[[127.0418554,37.5010144],[127.0423406,37.5010686]]}},{"type":"Feature","properties":{"name":"언주로85길"},"geometry":{"type":"LineString","coordinates":[[127.0404764,37.5005934],[127.0413485,37.5008689],[127.0417107,37.5009832]]}},{"type":"Feature","properties":{"name":"테헤란로38길"},"geometry":{"type":"LineString","coordinates":[[127.0416163,37.5012955],[127.041732,37.5010755]]}},{"type":"Feature","properties":{"name":"테헤란로38길"},"geometry":{"type":"LineString","coordinates":[[127.0412872,37.5019322],[127.0412936,37.5019208],[127.0413834,37.5017475],[127.0414211,37.5016822],[127.0415206,37.5014829]]}},{"type":"Feature","properties":{"name":"역삼로37길"},"geometry":{"type":"LineString","coordinates":[[127.0430038,37.4986496],[127.0429343,37.4987984],[127.0427895,37.4991279]]}},{"type":"Feature","properties":{"name":"역삼로37길"},"geometry":{"type":"LineString","coordinates":[[127.0433425,37.497948],[127.0430667,37.4985174]]}},{"type":"Feature","properties":{"name":"테헤란로38길"},"geometry":{"type":"LineString","coordinates":[[127.0428493,37.5001302],[127.0429521,37.4999134],[127.0429905,37.4998293],[127.0431956,37.4993873]]}},{"type":"Feature","properties":{"name":"테헤란로38길"},"geometry":{"type":"LineString","coordinates":[[127.0424219,37.5010265],[127.0427913,37.5002521]]}},{"type":"Feature","properties":{"name":"도곡로37길"},"geometry":{"type":"LineString","coordinates":[[127.0450835,37.4952083],[127.044775,37.4944436],[127.0450422,37.4938954]]}},{"type":"Feature","properties":{"name":"도곡로37길"},"geometry":{"type":"LineString","coordinates":[[127.0448791,37.4958045],[127.0450915,37.4953499]]}},{"type":"Feature","properties":{"name":"도곡로37길"},"geometry":{"type":"LineString","coordinates":[[127.0445898,37.4964148],[127.0448216,37.4959265]]}},{"type":"Feature","properties":{"name":"도곡로37길"},"geometry":{"type":"LineString","coordinates":[[127.0441289,37.4973879],[127.0445322,37.4965364]]}},{"type":"Feature","properties":{"name":"역삼로25길"},"geometry":{"type":"LineString","coordinates":[[127.0388604,37.4991098],[127.0386099,37.4996297]]}},{"type":"Feature","properties":{"name":"역삼로25길"},"geometry":{"type":"LineString","coordinates":[[127.0392789,37.4982039],[127.0389175,37.4989887]]}},{"type":"Feature","properties":{"name":"역삼로25길"},"geometry":{"type":"LineString","coordinates":[[127.0398191,37.4970821],[127.0396495,37.4974408],[127.0393238,37.4981092]]}},{"type":"Feature","properties":{"name":"역삼로25길"},"geometry":{"type":"LineString","coordinates":[[127.0404025,37.4964846],[127.040096,37.4967932],[127.0399049,37.4969672]]}},{"type":"Feature","properties":{"name":"언주로67길"},"geometry":{"type":"LineString","coordinates":[[127.0429695,37.4952958],[127.043444,37.495434],[127.0438129,37.4955495],[127.0441762,37.4956551],[127.0443752,37.4957134],[127.0447966,37.4958347]]}},{"type":"Feature","properties":{"name":"테헤란로30길"},"geometry":{"type":"LineString","coordinates":[[127.0398398,37.4994021],[127.0394626,37.5002126]]}},{"type":"Feature","properties":{"name":"테헤란로30길"},"geometry":{"type":"LineString","coordinates":[[127.0402684,37.4984956],[127.0398969,37.4992804]]}},{"type":"Feature","properties":{"name":"테헤란로30길"},"geometry":{"type":"LineString","coordinates":[[127.0407215,37.4975374],[127.0406236,37.4977289],[127.0403128,37.4984005]]}},{"type":"Feature","properties":{"name":"도곡로27길"},"geometry":{"type":"LineString","coordinates":[[127.0421183,37.4935507],[127.0423464,37.4930739]]}},{"type":"Feature","properties":{"name":"역삼로34길"},"geometry":{"type":"LineString","coordinates":[[127.0422883,37.4965778],[127.0421603,37.4968642],[127.0420382,37.4971367]]}},{"type":"Feature","properties":{"name":"역삼로34길"},"geometry":{"type":"LineString","coordinates":[[127.0425879,37.49596],[127.0423378,37.4964722]]}},{"type":"Feature","properties":{"name":"역삼로34길"},"geometry":{"type":"LineString","coordinates":[[127.042875,37.4953528],[127.0426464,37.4958382]]}},{"type":"Feature","properties":{"name":"역삼로17길"},"geometry":{"type":"LineString","coordinates":[[127.0362894,37.4963895],[127.0360152,37.4957145],[127.0357923,37.4951784]]}},{"type":"Feature","properties":{"name":"역삼로17길"},"geometry":{"type":"LineString","coordinates":[[127.0367476,37.4974968],[127.0363402,37.4965133]]}},{"type":"Feature","properties":{"name":"테헤란로14길"},"geometry":{"type":"LineString","coordinates":[[127.0336013,37.4978247],[127.0339445,37.4971092],[127.0341339,37.4967189],[127.0343253,37.4963112]]}},{"type":"Feature","properties":{"name":"논현로79길"},"geometry":{"type":"LineString","coordinates":[[127.0378835,37.4977125],[127.038229,37.4978203]]}},{"type":"Feature","properties":{"name":"논현로79길"},"geometry":{"type":"LineString","coordinates":[[127.036875,37.4975682],[127.037718,37.4976798]]}},{"type":"Feature","properties":{"name":"논현로79길"},"geometry":{"type":"LineString","coordinates":[[127.0360829,37.4974616],[127.0363072,37.4974872],[127.0366968,37.4975433]]}},{"type":"Feature","properties":{"name":"논현로79길"},"geometry":{"type":"LineString","coordinates":[[127.0352748,37.4973473],[127.0355976,37.4973938],[127.0359065,37.4974384]]}},{"type":"Feature","properties":{"name":"테헤란로16길"},"geometry":{"type":"LineString","coordinates":[[127.0345516,37.4972848],[127.0347483,37.4968516],[127.0348927,37.4968108]]}},{"type":"Feature","properties":{"name":"논현로85길"},"geometry":{"type":"LineString","coordinates":[[127.0355749,37.4985343],[127.035582,37.4985392],[127.0360137,37.4990466],[127.036189,37.4992686]]}},{"type":"Feature","properties":{"name":"논현로85길"},"geometry":{"type":"LineString","coordinates":[[127.0348458,37.4982698],[127.0354203,37.4984566]]}},{"type":"Feature","properties":{"name":"논현로85길"},"geometry":{"type":"LineString","coordinates":[[127.033672,37.4979007],[127.0341978,37.4980641],[127.0346934,37.498221]]}},{"type":"Feature","properties":{"name":"논현로85길"},"geometry":{"type":"LineString","coordinates":[[127.0319395,37.4973654],[127.0327726,37.4976281],[127.0335195,37.4978539]]}},{"type":"Feature","properties":{"name":"테헤란로20길"},"geometry":{"type":"LineString","coordinates":[[127.034228,37.4993629],[127.0340608,37.4997238],[127.0340436,37.4997613]]}},{"type":"Feature","properties":{"name":"테헤란로20길"},"geometry":{"type":"LineString","coordinates":[[127.0347503,37.4983248],[127.034472,37.4989083],[127.0343128,37.4992267]]}},{"type":"Feature","properties":{"name":"테헤란로20길"},"geometry":{"type":"LineString","coordinates":[[127.0351981,37.497407],[127.0348092,37.4982031]]}},{"type":"Feature","properties":{"name":"테헤란로22길"},"geometry":{"type":"LineString","coordinates":[[127.0343011,37.4957212],[127.0342574,37.4956936],[127.0339708,37.4955309],[127.033794,37.4955316]]}},{"type":"Feature","properties":{"name":"테헤란로22길"},"geometry":{"type":"LineString","coordinates":[[127.0350052,37.4960263],[127.0344462,37.495796]]}},{"type":"Feature","properties":{"name":"테헤란로22길"},"geometry":{"type":"LineString","coordinates":[[127.035278,37.4961674],[127.0351752,37.4961025],[127.0351434,37.4960875]]}},{"type":"Feature","properties":{"name":"테헤란로22길"},"geometry":{"type":"LineString","coordinates":[[127.0355689,37.4965783],[127.0353941,37.496297]]}},{"type":"Feature","properties":{"name":"테헤란로22길"},"geometry":{"type":"LineString","coordinates":[[127.0359574,37.497392],[127.035852,37.4971368],[127.0356678,37.4967061]]}},{"type":"Feature","properties":{"name":"역삼로11길"},"geometry":{"type":"LineString","coordinates":[[127.0346706,37.4953711],[127.0346927,37.4953467],[127.0347262,37.4952699],[127.0348424,37.4950661]]}},{"type":"Feature","properties":{"name":"역삼로11길"},"geometry":{"type":"LineString","coordinates":[[127.0344095,37.4956866],[127.0345593,37.4954941],[127.0345754,37.4954764]]}},{"type":"Feature","properties":{"name":"역삼로17길"},"geometry":{"type":"LineString","coordinates":[[127.0357804,37.4950499],[127.0358534,37.4948874]]}},{"type":"Feature","properties":{"name":"사평대로56길"},"geometry":{"type":"LineString","coordinates":[[127.0228221,37.5038544],[127.0228446,37.5038095],[127.0234047,37.5027017]]}},{"type":"Feature","properties":{"name":"서초대로73길"},"geometry":{"type":"LineString","coordinates":[[127.0234052,37.5027006],[127.0234245,37.5026571],[127.0234903,37.502508],[127.023706,37.5020489],[127.0237488,37.5019128],[127.0238123,37.501768],[127.0239602,37.5014891]]}},{"type":"Feature","properties":{"name":"서초대로73길"},"geometry":{"type":"LineString","coordinates":[[127.0252176,37.4989069],[127.025225,37.4988914],[127.0256912,37.4979196],[127.0258347,37.49762],[127.0258538,37.4975823],[127.0258659,37.4975583]]}},{"type":"Feature","properties":{"name":"서운로21길"},"geometry":{"type":"LineString","coordinates":[[127.0216884,37.497963],[127.0217702,37.4979857],[127.0233972,37.4984403],[127.0234222,37.4984488]]}},{"type":"Feature","properties":{"name":""},"geometry":{"type":"LineString","coordinates":[[127.0289358,37.4999133],[127.0278354,37.499574]]}},{"type":"Feature","properties":{"name":"강남대로92길"},"geometry":{"type":"LineString","coordinates":[[127.0280455,37.498762],[127.0277598,37.498673]]}},{"type":"Feature","properties":{"name":"강남대로92길"},"geometry":{"type":"LineString","coordinates":[[127.0295376,37.4991985],[127.0281989,37.4988083]]}},{"type":"Feature","properties":{"name":"강남대로92길"},"geometry":{"type":"LineString","coordinates":[[127.0306899,37.4995388],[127.0296934,37.4992442]]}},{"type":"Feature","properties":{"name":"테헤란로5길"},"geometry":{"type":"LineString","coordinates":[[127.0296308,37.4991409],[127.0297727,37.4988157]]}},{"type":"Feature","properties":{"name":"테헤란로5길"},"geometry":{"type":"LineString","coordinates":[[127.0293999,37.4996772],[127.0295101,37.4994597],[127.02958,37.4992677]]}},{"type":"Feature","properties":{"name":"언주로81길"},"geometry":{"type":"LineString","coordinates":[[127.0427542,37.5001873],[127.0417976,37.4999059],[127.0409218,37.4996573]]}},{"type":"Feature","properties":{"name":"언주로81길"},"geometry":{"type":"LineString","coordinates":[[127.0436003,37.5004327],[127.043217,37.5003214],[127.042908,37.5002321]]}},{"type":"Feature","properties":{"name":"언주로70길"},"geometry":{"type":"LineString","coordinates":[[127.0470797,37.4973138],[127.0464417,37.4971162],[127.0456732,37.4968651]]}},{"type":"Feature","properties":{"name":"언주로70길"},"geometry":{"type":"LineString","coordinates":[[127.0484919,37.4977623],[127.0472307,37.4973612]]}},{"type":"Feature","properties":{"name":"선릉로69길"},"geometry":{"type":"LineString","coordinates":[[127.050856,37.4984414],[127.0512525,37.4976056],[127.0513723,37.4973532]]}},{"type":"Feature","properties":{"name":"언주로90길"},"geometry":{"type":"LineString","coordinates":[[127.0459136,37.5030039],[127.0447053,37.5026267]]}},{"type":"Feature","properties":{"name":"도곡로51길"},"geometry":{"type":"LineString","coordinates":[[127.0494921,37.4959594],[127.0496328,37.4956901],[127.0498213,37.4953294]]}},{"type":"Feature","properties":{"name":"도곡로51길"},"geometry":{"type":"LineString","coordinates":[[127.0485888,37.4977075],[127.0494297,37.4960794]]}},{"type":"Feature","properties":{"name":"언주로86길"},"geometry":{"type":"LineString","coordinates":[[127.0447747,37.502235],[127.0442576,37.501649],[127.0441919,37.5016303],[127.0434548,37.5014212]]}},{"type":"Feature","properties":{"name":"언주로86길"},"geometry":{"type":"LineString","coordinates":[[127.0475942,37.5029764],[127.0460903,37.5025921],[127.0449164,37.5023068]]}},{"type":"Feature","properties":{"name":"도곡로57길"},"geometry":{"type":"LineString","coordinates":[[127.0508494,37.4965102],[127.0495458,37.4960635]]}},{"type":"Feature","properties":{"name":"테헤란로44길"},"geometry":{"type":"LineString","coordinates":[[127.044654,37.502522],[127.0447782,37.5023185]]}},{"type":"Feature","properties":{"name":"테헤란로44길"},"geometry":{"type":"LineString","coordinates":[[127.0444352,37.5029303],[127.0444631,37.502877],[127.0445778,37.5026577],[127.0445857,37.5026426]]}},{"type":"Feature","properties":{"name":"도곡로57길"},"geometry":{"type":"LineString","coordinates":[[127.051305,37.4958295],[127.0511142,37.4962035],[127.0509797,37.4964675]]}},{"type":"Feature","properties":{"name":"언주로87길"},"geometry":{"type":"LineString","coordinates":[[127.0402816,37.5009675],[127.0408316,37.5011775],[127.0414981,37.5013903]]}},{"type":"Feature","properties":{"name":"언주로87길"},"geometry":{"type":"LineString","coordinates":[[127.0389083,37.5005105],[127.0395505,37.5007097],[127.0401297,37.5009121]]}},{"type":"Feature","properties":{"name":"언주로124길"},"geometry":{"type":"LineString","coordinates":[[127.0393653,37.5129802],[127.0389573,37.5130474]]}},{"type":"Feature","properties":{"name":"선릉로116길"},"geometry":{"type":"LineString","coordinates":[[127.0431675,37.5123883],[127.0435744,37.5124873],[127.0438687,37.5125588]]}},{"type":"Feature","properties":{"name":"언주로87길"},"geometry":{"type":"LineString","coordinates":[[127.0416844,37.5013721],[127.0422959,37.5015636],[127.0428885,37.5017415]]}},{"type":"Feature","properties":{"name":""},"geometry":{"type":"LineString","coordinates":[[127.0327158,37.5131813],[127.0324844,37.5136523]]}},{"type":"Feature","properties":{"name":""},"geometry":{"type":"LineString","coordinates":[[127.0353756,37.4957777],[127.0352021,37.4957826],[127.0351409,37.4957885]]}},{"type":"Feature","properties":{"name":"테헤란로13길"},"geometry":{"type":"LineString","coordinates":[[127.031625,37.5019498],[127.0317344,37.5017203]]}},{"type":"Feature","properties":{"name":"테헤란로13길"},"geometry":{"type":"LineString","coordinates":[[127.0314636,37.5022876],[127.0315671,37.5020711]]}},{"type":"Feature","properties":{"name":"테헤란로13길"},"geometry":{"type":"LineString","coordinates":[[127.031131,37.5029592],[127.0312523,37.5027246],[127.0313745,37.5024692]]}},{"type":"Feature","properties":{"name":"테헤란로13길"},"geometry":{"type":"LineString","coordinates":[[127.0301615,37.5036404],[127.0302218,37.5035234],[127.0307005,37.5032458],[127.0309911,37.5030828]]}},{"type":"Feature","properties":{"name":"논현로"},"geometry":{"type":"LineString","coordinates":[[127.0340748,37.5067866],[127.0340898,37.5067538],[127.0343495,37.5061719]]}},{"type":"Feature","properties":{"name":"논현로"},"geometry":{"type":"LineString","coordinates":[[127.0338662,37.5072498],[127.0339404,37.5070926],[127.0340204,37.5069087]]}},{"type":"Feature","properties":{"name":"남부순환로347길"},"geometry":{"type":"LineString","coordinates":[[127.0301781,37.4885658],[127.0300141,37.4889361],[127.0299921,37.4889859]]}},{"type":"Feature","properties":{"name":"남부순환로347길"},"geometry":{"type":"LineString","coordinates":[[127.030478,37.4879388],[127.0302346,37.4884437]]}},{"type":"Feature","properties":{"name":"역삼로14길"},"geometry":{"type":"LineString","coordinates":[[127.0354873,37.4938892],[127.0356295,37.4935839],[127.0357162,37.4934047],[127.0358189,37.4931878]]}},{"type":"Feature","properties":{"name":"역삼로18길"},"geometry":{"type":"LineString","coordinates":[[127.0363182,37.4942433],[127.0360481,37.4948064]]}},{"type":"Feature","properties":{"name":"역삼로18길"},"geometry":{"type":"LineString","coordinates":[[127.0366973,37.4934613],[127.0365362,37.4937859],[127.0363632,37.4941491]]}},{"type":"Feature","properties":{"name":"도곡로11길"},"geometry":{"type":"LineString","coordinates":[[127.0350667,37.4928197],[127.0356994,37.4914627]]}},{"type":"Feature","properties":{"name":"논현로63길"},"geometry":{"type":"LineString","coordinates":[[127.0356627,37.4913969],[127.0348957,37.491165]]}},{"type":"Feature","properties":{"name":"논현로63길"},"geometry":{"type":"LineString","coordinates":[[127.0364753,37.4916515],[127.0358148,37.4914438]]}},{"type":"Feature","properties":{"name":"논현로63길"},"geometry":{"type":"LineString","coordinates":[[127.0373297,37.4919078],[127.0366282,37.4916984]]}},{"type":"Feature","properties":{"name":"논현로63길"},"geometry":{"type":"LineString","coordinates":[[127.0390243,37.4924191],[127.0382619,37.4921884],[127.0375509,37.4919758],[127.037482,37.4919543]]}},{"type":"Feature","properties":{"name":"논현로63길"},"geometry":{"type":"LineString","coordinates":[[127.0394694,37.4931534],[127.0391475,37.4925213]]}},{"type":"Feature","properties":{"name":"논현로63길"},"geometry":{"type":"LineString","coordinates":[[127.0402557,37.4934862],[127.0396074,37.4932874]]}},{"type":"Feature","properties":{"name":"논현로65길"},"geometry":{"type":"LineString","coordinates":[[127.0369861,37.4926457],[127.0362735,37.4924271]]}},{"type":"Feature","properties":{"name":"논현로65길"},"geometry":{"type":"LineString","coordinates":[[127.038669,37.4931569],[127.0381463,37.4929981],[127.0379036,37.4929244],[127.0371385,37.4926921]]}},{"type":"Feature","properties":{"name":"논현로65길"},"geometry":{"type":"LineString","coordinates":[[127.0393977,37.493366],[127.0388228,37.4932022]]}},{"type":"Feature","properties":{"name":"도곡로23길"},"geometry":{"type":"LineString","coordinates":[[127.0390992,37.4942201],[127.0389487,37.49455],[127.0387908,37.4948879]]}},{"type":"Feature","properties":{"name":"도곡로23길"},"geometry":{"type":"LineString","coordinates":[[127.0394696,37.4934404],[127.0393116,37.4937858],[127.0391716,37.4940681]]}},{"type":"Feature","properties":{"name":"도곡로23길"},"geometry":{"type":"LineString","coordinates":[[127.0397409,37.4928503],[127.0396033,37.4931515]]}},{"type":"Feature","properties":{"name":"도곡로23길"},"geometry":{"type":"LineString","coordinates":[[127.0400384,37.4922084],[127.039797,37.4927284]]}},{"type":"Feature","properties":{"name":"테헤란로14길"},"geometry":{"type":"LineString","coordinates":[[127.0330913,37.4989857],[127.0328856,37.4993817],[127.0328728,37.4994092]]}},{"type":"Feature","properties":{"name":"테헤란로14길"},"geometry":{"type":"LineString","coordinates":[[127.0335774,37.4979566],[127.0331506,37.4988659]]}},{"type":"Feature","properties":{"name":"논현로87길"},"geometry":{"type":"LineString","coordinates":[[127.0350967,37.4995263],[127.0355557,37.4996684],[127.0359061,37.4997729]]}},{"type":"Feature","properties":{"name":"논현로87길"},"geometry":{"type":"LineString","coordinates":[[127.0343479,37.4992935],[127.034945,37.4994791]]}},{"type":"Feature","properties":{"name":"논현로87길"},"geometry":{"type":"LineString","coordinates":[[127.0331873,37.4989315],[127.0337138,37.4991017],[127.0341785,37.4992418]]}},{"type":"Feature","properties":{"name":"논현로79길"},"geometry":{"type":"LineString","coordinates":[[127.0350192,37.49686],[127.0352042,37.497303]]}},{"type":"Feature","properties":{"name":"논현로79길"},"geometry":{"type":"LineString","coordinates":[[127.0344534,37.4962648],[127.0348205,37.4963754],[127.0349682,37.4967363]]}},{"type":"Feature","properties":{"name":"논현로79길"},"geometry":{"type":"LineString","coordinates":[[127.0327109,37.4957318],[127.0335505,37.4959839],[127.0336882,37.4960261],[127.0343022,37.4962183]]}},{"type":"Feature","properties":{"name":"봉은사로25길"},"geometry":{"type":"LineString","coordinates":[[127.0325665,37.5075383],[127.0327783,37.5070708]]}},{"type":"Feature","properties":{"name":"봉은사로25길"},"geometry":{"type":"LineString","coordinates":[[127.032342,37.5080114],[127.0325098,37.5076602]]}},{"type":"Feature","properties":{"name":"봉은사로25길"},"geometry":{"type":"LineString","coordinates":[[127.0321854,37.5083432],[127.0322844,37.5081327]]}},{"type":"Feature","properties":{"name":"봉은사로25길"},"geometry":{"type":"LineString","coordinates":[[127.0321491,37.508874],[127.0321504,37.5084853]]}},{"type":"Feature","properties":{"name":"선릉로"},"geometry":{"type":"LineString","coordinates":[[127.0558481,37.4894355],[127.0559789,37.4890834]]}},{"type":"Feature","properties":{"name":"선릉로"},"geometry":{"type":"LineString","coordinates":[[127.0557744,37.4896342],[127.0558046,37.4895529]]}},{"type":"Feature","properties":{"name":"삼성로115길"},"geometry":{"type":"LineString","coordinates":[[127.0487449,37.5139699],[127.0490593,37.5140622]]}},{"type":"Feature","properties":{"name":"삼성로115길"},"geometry":{"type":"LineString","coordinates":[[127.0480113,37.5137665],[127.0483002,37.5138476],[127.0485898,37.5139262]]}},{"type":"Feature","properties":{"name":""},"geometry":{"type":"LineString","coordinates":[[127.0534107,37.4876116],[127.0529555,37.4882712]]}},{"type":"Feature","properties":{"name":"언주로30길"},"geometry":{"type":"LineString","coordinates":[[127.0528199,37.4883016],[127.0521132,37.4879789]]}},{"type":"Feature","properties":{"name":"언주로30길"},"geometry":{"type":"LineString","coordinates":[[127.0537483,37.4887224],[127.0529608,37.4883661]]}},{"type":"Feature","properties":{"name":"역삼로20길"},"geometry":{"type":"LineString","coordinates":[[127.0375919,37.4946414],[127.0370309,37.4951064]]}},{"type":"Feature","properties":{"name":"역삼로20길"},"geometry":{"type":"LineString","coordinates":[[127.0383569,37.4939807],[127.0382047,37.4941108],[127.0380419,37.49425],[127.0379362,37.4943404],[127.0377011,37.494548]]}},{"type":"Feature","properties":{"name":"테헤란로37길"},"geometry":{"type":"LineString","coordinates":[[127.0393887,37.5026969],[127.0406372,37.5030658]]}},{"type":"Feature","properties":{"name":"논현로124길"},"geometry":{"type":"LineString","coordinates":[[127.0325826,37.5123803],[127.0328272,37.5124572],[127.0331243,37.5125516],[127.0333238,37.51261],[127.0336238,37.5126949],[127.0338769,37.5127717]]}},{"type":"Feature","properties":{"name":"논현로124길"},"geometry":{"type":"LineString","coordinates":[[127.0316922,37.5121031],[127.0318272,37.5121507],[127.0318422,37.5121552],[127.0324289,37.5123329]]}},{"type":"Feature","properties":{"name":"선릉로62길"},"geometry":{"type":"LineString","coordinates":[[127.0542553,37.4975878],[127.0526173,37.4970856]]}},{"type":"Feature","properties":{"name":"삼성로71길"},"geometry":{"type":"LineString","coordinates":[[127.0570961,37.5018294],[127.057989,37.50213],[127.058351,37.5022993],[127.0586843,37.5024373],[127.0588317,37.5024866]]}},{"type":"Feature","properties":{"name":"도곡로3길"},"geometry":{"type":"LineString","coordinates":[[127.0331925,37.490568],[127.0333675,37.4902035],[127.0333824,37.4901727]]}},{"type":"Feature","properties":{"name":"도곡로3길"},"geometry":{"type":"LineString","coordinates":[[127.0324982,37.4920397],[127.0327382,37.4915156],[127.0331341,37.4906897]]}},{"type":"Feature","properties":{"name":"언주로126길"},"geometry":{"type":"LineString","coordinates":[[127.0382548,37.5132089],[127.0384231,37.5141525],[127.0378022,37.5139717]]}},{"type":"Feature","properties":{"name":"선릉로121길"},"geometry":{"type":"LineString","coordinates":[[127.0388099,37.5130032],[127.0385235,37.5119577]]}},{"type":"Feature","properties":{"name":"선릉로121길"},"geometry":{"type":"LineString","coordinates":[[127.0393783,37.5137271],[127.039359,37.513703],[127.0388952,37.5131225]]}},{"type":"Feature","properties":{"name":"선릉로121길"},"geometry":{"type":"LineString","coordinates":[[127.0397467,37.513857],[127.0395022,37.5137983],[127.0394945,37.513796]]}},{"type":"Feature","properties":{"name":"선릉로121길"},"geometry":{"type":"LineString","coordinates":[[127.0407195,37.51409],[127.0402665,37.5139823],[127.0399025,37.5138945]]}},{"type":"Feature","properties":{"name":"봉은사로47길"},"geometry":{"type":"LineString","coordinates":[[127.0406275,37.5116595],[127.0408549,37.5110224],[127.0411224,37.5103461]]}},{"type":"Feature","properties":{"name":"봉은사로47길"},"geometry":{"type":"LineString","coordinates":[[127.0401156,37.5130444],[127.0401896,37.5128467],[127.0402182,37.5127701],[127.0403522,37.5124069],[127.040427,37.5122044],[127.0405912,37.5117594]]}},{"type":"Feature","properties":{"name":"봉은사로47길"},"geometry":{"type":"LineString","coordinates":[[127.0398359,37.5137955],[127.0400795,37.5131413]]}},{"type":"Feature","properties":{"name":"언주로122길"},"geometry":{"type":"LineString","coordinates":[[127.037588,37.5121962],[127.0373737,37.5122704]]}},{"type":"Feature","properties":{"name":"언주로122길"},"geometry":{"type":"LineString","coordinates":[[127.0378688,37.5121089],[127.0377646,37.5121385]]}},{"type":"Feature","properties":{"name":"언주로122길"},"geometry":{"type":"LineString","coordinates":[[127.0384475,37.5119257],[127.0383349,37.5119619],[127.0380324,37.5120592]]}},{"type":"Feature","properties":{"name":"언주로122길"},"geometry":{"type":"LineString","coordinates":[[127.0390613,37.5116952],[127.0386485,37.511853],[127.0385965,37.5118732]]}},{"type":"Feature","properties":{"name":"언주로122길"},"geometry":{"type":"LineString","coordinates":[[127.0366226,37.51209],[127.0359987,37.5118996]]}},{"type":"Feature","properties":{"name":"언주로122길"},"geometry":{"type":"LineString","coordinates":[[127.0372462,37.5122758],[127.0367831,37.5121382]]}},{"type":"Feature","properties":{"name":"학동로42길"},"geometry":{"type":"LineString","coordinates":[[127.037746,37.5108156],[127.0385247,37.5100209]]}},{"type":"Feature","properties":{"name":"학동로42길"},"geometry":{"type":"LineString","coordinates":[[127.0375012,37.5111002],[127.0376611,37.510909]]}},{"type":"Feature","properties":{"name":"학동로42길"},"geometry":{"type":"LineString","coordinates":[[127.0373622,37.5112575],[127.0374085,37.5112069]]}},{"type":"Feature","properties":{"name":"학동로42길"},"geometry":{"type":"LineString","coordinates":[[127.0372089,37.5114477],[127.0372681,37.5113694]]}},{"type":"Feature","properties":{"name":"학동로42길"},"geometry":{"type":"LineString","coordinates":[[127.037062,37.5116332],[127.0371232,37.5115574]]}},{"type":"Feature","properties":{"name":"학동로42길"},"geometry":{"type":"LineString","coordinates":[[127.0369117,37.5118184],[127.0369729,37.5117432]]}},{"type":"Feature","properties":{"name":"학동로42길"},"geometry":{"type":"LineString","coordinates":[[127.0367386,37.5120314],[127.0368221,37.5119284]]}},{"type":"Feature","properties":{"name":"학동로42길"},"geometry":{"type":"LineString","coordinates":[[127.0363346,37.512852],[127.0366595,37.5121555]]}},{"type":"Feature","properties":{"name":"학동로42길"},"geometry":{"type":"LineString","coordinates":[[127.0363591,37.5134555],[127.0363282,37.5129539]]}},{"type":"Feature","properties":{"name":"선릉로111길"},"geometry":{"type":"LineString","coordinates":[[127.0399715,37.5114992],[127.0401923,37.5108767],[127.0403453,37.510469],[127.0404651,37.5101496]]}},{"type":"Feature","properties":{"name":"학동로46길"},"geometry":{"type":"LineString","coordinates":[[127.0391054,37.5143527],[127.0393807,37.5138136]]}},{"type":"Feature","properties":{"name":"봉은사로43길"},"geometry":{"type":"LineString","coordinates":[[127.039172,37.5117196],[127.0394029,37.5126449],[127.0394437,37.5128923]]}},{"type":"Feature","properties":{"name":"봉은사로43길"},"geometry":{"type":"LineString","coordinates":[[127.0392792,37.511383],[127.039174,37.5116107]]}},{"type":"Feature","properties":{"name":"봉은사로43길"},"geometry":{"type":"LineString","coordinates":[[127.0396634,37.5103643],[127.0393201,37.5112847]]}},{"type":"Feature","properties":{"name":"봉은사로43길"},"geometry":{"type":"LineString","coordinates":[[127.0397997,37.5099899],[127.0397097,37.5102384]]}},{"type":"Feature","properties":{"name":"봉은사로43길"},"geometry":{"type":"LineString","coordinates":[[127.0400973,37.509254],[127.0399417,37.5096483],[127.0398377,37.509893]]}},{"type":"Feature","properties":{"name":"봉은사로49길"},"geometry":{"type":"LineString","coordinates":[[127.0415402,37.511919],[127.0417263,37.5114175],[127.0418088,37.5112297],[127.0420305,37.5106391]]}},{"type":"Feature","properties":{"name":"언주로114길"},"geometry":{"type":"LineString","coordinates":[[127.0385958,37.5111046],[127.0389225,37.5101388]]}},{"type":"Feature","properties":{"name":"봉은사로68길"},"geometry":{"type":"LineString","coordinates":[[127.0530406,37.5085113],[127.053488,37.5079617],[127.053519,37.5079088],[127.0535448,37.507853],[127.0535413,37.5077572],[127.05353,37.5076987],[127.0535243,37.5076385],[127.0535115,37.5075758],[127.0535102,37.5075684]]}},{"type":"Feature","properties":{"name":"봉은사로68길"},"geometry":{"type":"LineString","coordinates":[[127.0501777,37.5111611],[127.0503325,37.5110126],[127.0505611,37.5107786],[127.050841,37.5105017]]}},{"type":"Feature","properties":{"name":"봉은사로68길"},"geometry":{"type":"LineString","coordinates":[[127.0529072,37.5086411],[127.052946,37.5086086]]}},{"type":"Feature","properties":{"name":"봉은사로68길"},"geometry":{"type":"LineString","coordinates":[[127.0527156,37.5087958],[127.0527942,37.5087331]]}},{"type":"Feature","properties":{"name":"봉은사로68길"},"geometry":{"type":"LineString","coordinates":[[127.0519884,37.5093816],[127.0523224,37.509126],[127.052601,37.5088899]]}},{"type":"Feature","properties":{"name":"봉은사로68길"},"geometry":{"type":"LineString","coordinates":[[127.0509423,37.5104007],[127.0517513,37.5095852],[127.051872,37.5094774]]}},{"type":"Feature","properties":{"name":"선릉로100길"},"geometry":{"type":"LineString","coordinates":[[127.0503191,37.5067769],[127.0515873,37.506811],[127.0518096,37.506825],[127.0519935,37.5068301],[127.0520784,37.5068561],[127.0521475,37.5068871],[127.0522458,37.5069312]]}},{"type":"Feature","properties":{"name":"선릉로100길"},"geometry":{"type":"LineString","coordinates":[[127.0470588,37.5071073],[127.04746,37.5070578],[127.0474927,37.5070542],[127.0477556,37.507025],[127.0490098,37.5068987],[127.0501653,37.5067825]]}},{"type":"Feature","properties":{"name":"논현로85길"},"geometry":{"type":"LineString","coordinates":[[127.0367374,37.4991199],[127.0368974,37.4991645],[127.0374984,37.4993487]]}},{"type":"Feature","properties":{"name":"논현로85길"},"geometry":{"type":"LineString","coordinates":[[127.0362744,37.4992854],[127.0365922,37.4991379]]}},{"type":"Feature","properties":{"name":"테헤란로26길"},"geometry":{"type":"LineString","coordinates":[[127.0359905,37.4997444],[127.0361759,37.4993701]]}},{"type":"Feature","properties":{"name":"테헤란로26길"},"geometry":{"type":"LineString","coordinates":[[127.0357147,37.5002592],[127.0357402,37.5002123],[127.0359281,37.4998648]]}},{"type":"Feature","properties":{"name":"테헤란로28길"},"geometry":{"type":"LineString","coordinates":[[127.0388136,37.5005643],[127.0387685,37.5006472],[127.0386703,37.5008428],[127.0385445,37.5010753]]}},{"type":"Feature","properties":{"name":"테헤란로28길"},"geometry":{"type":"LineString","coordinates":[[127.0389801,37.5001999],[127.0388715,37.5004468]]}},{"type":"Feature","properties":{"name":"논현로86길"},"geometry":{"type":"LineString","coordinates":[[127.0394992,37.5002787],[127.039914,37.5004048],[127.0403252,37.5005439]]}},{"type":"Feature","properties":{"name":"논현로86길"},"geometry":{"type":"LineString","coordinates":[[127.0390743,37.5001439],[127.0393473,37.5002313]]}},{"type":"Feature","properties":{"name":"논현로94길"},"geometry":{"type":"LineString","coordinates":[[127.0376094,37.5025859],[127.0372436,37.50245]]}},{"type":"Feature","properties":{"name":"논현로94길"},"geometry":{"type":"LineString","coordinates":[[127.0383268,37.5028375],[127.0377948,37.5026648]]}},{"type":"Feature","properties":{"name":"논현로94길"},"geometry":{"type":"LineString","coordinates":[[127.0390236,37.5030617],[127.0387481,37.5029731],[127.0384777,37.5028862]]}},{"type":"Feature","properties":{"name":"테헤란로25길"},"geometry":{"type":"LineString","coordinates":[[127.035277,37.5010712],[127.0353248,37.5009795],[127.0355111,37.5006239],[127.035517,37.5006125],[127.0355225,37.5006011]]}},{"type":"Feature","properties":{"name":"테헤란로25길"},"geometry":{"type":"LineString","coordinates":[[127.0353152,37.501625],[127.0351645,37.5013124],[127.0352327,37.5011624]]}},{"type":"Feature","properties":{"name":"테헤란로25길"},"geometry":{"type":"LineString","coordinates":[[127.0354313,37.5018555],[127.0353602,37.5017157]]}},{"type":"Feature","properties":{"name":"테헤란로27길"},"geometry":{"type":"LineString","coordinates":[[127.0383401,37.501435],[127.0383316,37.5014506],[127.0382076,37.5016819],[127.0380394,37.502007],[127.0378858,37.50231],[127.0377738,37.5025529]]}},{"type":"Feature","properties":{"name":"논현로93길"},"geometry":{"type":"LineString","coordinates":[[127.0361621,37.5021195],[127.0361164,37.502106],[127.0356986,37.5019835],[127.0355408,37.5019329]]}},{"type":"Feature","properties":{"name":"언주로93길"},"geometry":{"type":"LineString","coordinates":[[127.0411746,37.5039105],[127.0410562,37.5038453],[127.0408333,37.5037224],[127.0405708,37.5035796]]}},{"type":"Feature","properties":{"name":"언주로93길"},"geometry":{"type":"LineString","coordinates":[[127.0417976,37.5041132],[127.0413153,37.5039684]]}},{"type":"Feature","properties":{"name":"테헤란로37길"},"geometry":{"type":"LineString","coordinates":[[127.0407192,37.5030363],[127.0408636,37.5027328],[127.0410831,37.5023143],[127.0410848,37.5023112]]}},{"type":"Feature","properties":{"name":"테헤란로37길"},"geometry":{"type":"LineString","coordinates":[[127.0405155,37.5034672],[127.0406617,37.5031577]]}},{"type":"Feature","properties":{"name":"도곡로"},"geometry":{"type":"LineString","coordinates":[[127.0514023,37.4957768],[127.0528215,37.4962825]]}},{"type":"Feature","properties":{"name":"도곡로"},"geometry":{"type":"LineString","coordinates":[[127.0499517,37.4952871],[127.0507894,37.4955711],[127.0512515,37.4957249]]}},{"type":"Feature","properties":{"name":"도곡로"},"geometry":{"type":"LineString","coordinates":[[127.0468934,37.4942337],[127.0484613,37.4947768],[127.0498021,37.495236]]}},{"type":"Feature","properties":{"name":"도곡로"},"geometry":{"type":"LineString","coordinates":[[127.0401329,37.4921522],[127.0408018,37.4923576]]}},{"type":"Feature","properties":{"name":"도곡로"},"geometry":{"type":"LineString","coordinates":[[127.0394312,37.4919399],[127.0399805,37.4921058]]}},{"type":"Feature","properties":{"name":"도곡로"},"geometry":{"type":"LineString","coordinates":[[127.0317976,37.4896107],[127.0319524,37.4896566],[127.0328481,37.489925]]}},{"type":"Feature","properties":{"name":"도곡로"},"geometry":{"type":"LineString","coordinates":[[127.0380359,37.4915066],[127.0392789,37.4918932]]}},{"type":"Feature","properties":{"name":"도곡로"},"geometry":{"type":"LineString","coordinates":[[127.0368915,37.4911561],[127.0378727,37.4914564],[127.0378841,37.4914599]]}},{"type":"Feature","properties":{"name":"도곡로"},"geometry":{"type":"LineString","coordinates":[[127.0351619,37.4906217],[127.0367365,37.4911084]]}},{"type":"Feature","properties":{"name":"도곡로"},"geometry":{"type":"LineString","coordinates":[[127.0335107,37.4901264],[127.0339895,37.4902687],[127.0350091,37.4905751]]}},{"type":"Feature","properties":{"name":"도곡로"},"geometry":{"type":"LineString","coordinates":[[127.0330022,37.4899716],[127.0330259,37.4899789],[127.0333589,37.4900807]]}},{"type":"Feature","properties":{"name":"논현로"},"geometry":{"type":"LineString","coordinates":[[127.0405759,37.4929691],[127.0406277,37.4928616],[127.0407608,37.4925847]]}},{"type":"Feature","properties":{"name":"논현로"},"geometry":{"type":"LineString","coordinates":[[127.0403517,37.4934284],[127.0405172,37.4930902]]}},{"type":"Feature","properties":{"name":"논현로"},"geometry":{"type":"LineString","coordinates":[[127.0399186,37.4943313],[127.0402922,37.4935514]]}},{"type":"Feature","properties":{"name":"논현로"},"geometry":{"type":"LineString","coordinates":[[127.0395515,37.4951368],[127.0396689,37.4948754],[127.039861,37.4944544]]}},{"type":"Feature","properties":{"name":"논현로"},"geometry":{"type":"LineString","coordinates":[[127.0392546,37.4957802],[127.0393614,37.4955642],[127.0395027,37.4952459]]}},{"type":"Feature","properties":{"name":"서운로"},"geometry":{"type":"LineString","coordinates":[[127.0265869,37.4919325],[127.0266084,37.491881],[127.0268381,37.4913765],[127.0270255,37.4909985],[127.0270506,37.4909496],[127.0272408,37.4905283],[127.0273242,37.490357],[127.0273316,37.4903418],[127.0276909,37.4896035],[127.0277192,37.4895451],[127.0277352,37.4895123],[127.0277486,37.4894849],[127.0277901,37.4893997],[127.0279687,37.4890325],[127.0281438,37.4886674],[127.0281633,37.4886268],[127.0281905,37.4885702]]}},{"type":"Feature","properties":{"name":"효령로"},"geometry":{"type":"LineString","coordinates":[[127.029864,37.4890328],[127.0284071,37.4885809],[127.0283067,37.488551]]}},{"type":"Feature","properties":{"name":"효령로"},"geometry":{"type":"LineString","coordinates":[[127.0313473,37.4895049],[127.0300852,37.4891025],[127.0300167,37.4890807]]}},{"type":"Feature","properties":{"name":"사임당로"},"geometry":{"type":"LineString","coordinates":[[127.0290857,37.4927417],[127.0292455,37.4927899],[127.0296654,37.4929166],[127.0297284,37.4929361]]}},{"type":"Feature","properties":{"name":"사임당로"},"geometry":{"type":"LineString","coordinates":[[127.028347,37.4925185],[127.0289673,37.4927059]]}},{"type":"Feature","properties":{"name":"선릉로"},"geometry":{"type":"LineString","coordinates":[[127.0435863,37.5109696],[127.0438056,37.510392]]}},{"type":"Feature","properties":{"name":"선릉로"},"geometry":{"type":"LineString","coordinates":[[127.0430884,37.5123168],[127.0435396,37.5110944]]}},{"type":"Feature","properties":{"name":"선릉로"},"geometry":{"type":"LineString","coordinates":[[127.0426274,37.5136224],[127.0429005,37.512878],[127.0430444,37.5124431]]}},{"type":"Feature","properties":{"name":"선릉로"},"geometry":{"type":"LineString","coordinates":[[127.0424253,37.5141235],[127.0425799,37.5137451]]}},{"type":"Feature","properties":{"name":"논현로"},"geometry":{"type":"LineString","coordinates":[[127.0307178,37.5140557],[127.0307488,37.5139812],[127.0307512,37.5139685]]}},{"type":"Feature","properties":{"name":"논현로"},"geometry":{"type":"LineString","coordinates":[[127.0318918,37.5115428],[127.0318649,37.5116007],[127.0316557,37.5120313]]}},{"type":"Feature","properties":{"name":"논현로"},"geometry":{"type":"LineString","coordinates":[[127.033942,37.5074143],[127.0338977,37.5075039],[127.0337348,37.5078916]]}},{"type":"Feature","properties":{"name":"논현로"},"geometry":{"type":"LineString","coordinates":[[127.0322769,37.510856],[127.0322561,37.5108925],[127.0319501,37.5114294]]}},{"type":"Feature","properties":{"name":"논현로"},"geometry":{"type":"LineString","coordinates":[[127.032653,37.5100704],[127.0323427,37.51073]]}},{"type":"Feature","properties":{"name":"논현로"},"geometry":{"type":"LineString","coordinates":[[127.0330586,37.5092991],[127.0327113,37.5099538]]}},{"type":"Feature","properties":{"name":"논현로"},"geometry":{"type":"LineString","coordinates":[[127.0334259,37.5085527],[127.0331602,37.5090967],[127.0331218,37.5091752]]}},{"type":"Feature","properties":{"name":"논현로"},"geometry":{"type":"LineString","coordinates":[[127.033679,37.5080173],[127.0334884,37.508423]]}},{"type":"Feature","properties":{"name":"사임당로19길"},"geometry":{"type":"LineString","coordinates":[[127.0199733,37.4921937],[127.0198847,37.4920089],[127.0197935,37.4917713],[127.0197518,37.4917564],[127.0199857,37.4913716]]}},{"type":"Feature","properties":{"name":"사임당로19길"},"geometry":{"type":"LineString","coordinates":[[127.0202002,37.4926711],[127.020087,37.4924318]]}},{"type":"Feature","properties":{"name":"사임당로19길"},"geometry":{"type":"LineString","coordinates":[[127.0199377,37.4930584],[127.020127,37.4931748],[127.0201901,37.493192],[127.0202433,37.4931921],[127.0202872,37.4931823],[127.0203223,37.493169],[127.0203464,37.4931444],[127.0203599,37.4931125],[127.0203771,37.4930748],[127.0203742,37.4930523],[127.0202582,37.4927968]]}},{"type":"Feature","properties":{"name":"사임당로19길"},"geometry":{"type":"LineString","coordinates":[[127.0200125,37.4924233],[127.0195904,37.49287]]}},{"type":"Feature","properties":{"name":"사임당로19길"},"geometry":{"type":"LineString","coordinates":[[127.0201853,37.4927847],[127.0199345,37.493038]]}},{"type":"Feature","properties":{"name":"사임당로19길"},"geometry":{"type":"LineString","coordinates":[[127.0200183,37.4913842],[127.0198006,37.4917423],[127.0198233,37.4917504],[127.0199189,37.4919996],[127.0200072,37.4921834]]}},{"type":"Feature","properties":{"name":"서초대로66길"},"geometry":{"type":"LineString","coordinates":[[127.0213488,37.4949927],[127.0210625,37.495779],[127.0210565,37.4958049],[127.0210562,37.4958065]]}},{"type":"Feature","properties":{"name":"서초대로66길"},"geometry":{"type":"LineString","coordinates":[[127.0217964,37.4940522],[127.0216511,37.4943633],[127.0214247,37.4947924],[127.0213951,37.494869]]}},{"type":"Feature","properties":{"name":"서초대로66길"},"geometry":{"type":"LineString","coordinates":[[127.0228823,37.4909577],[127.0228785,37.4909686],[127.0228653,37.4910173],[127.0228425,37.4910855],[127.0228131,37.4911816],[127.0227346,37.4915148],[127.0226882,37.4916719],[127.0218492,37.4939264]]}},{"type":"Feature","properties":{"name":"서초대로64길"},"geometry":{"type":"LineString","coordinates":[[127.0206444,37.495282],[127.0205216,37.495615],[127.0205068,37.4956551]]}},{"type":"Feature","properties":{"name":"서초대로64길"},"geometry":{"type":"LineString","coordinates":[[127.0208199,37.4948507],[127.0206923,37.4951594]]}},{"type":"Feature","properties":{"name":"서초대로64길"},"geometry":{"type":"LineString","coordinates":[[127.0209903,37.4943666],[127.0208683,37.4947224]]}},{"type":"Feature","properties":{"name":"서초대로64길"},"geometry":{"type":"LineString","coordinates":[[127.021153,37.4939059],[127.021035,37.4942382]]}},{"type":"Feature","properties":{"name":"서초대로64길"},"geometry":{"type":"LineString","coordinates":[[127.0213611,37.493346],[127.0211985,37.4937811]]}},{"type":"Feature","properties":{"name":"서초대로60길"},"geometry":{"type":"LineString","coordinates":[[127.0181554,37.4944646],[127.0193222,37.4948074],[127.0205779,37.495181]]}},{"type":"Feature","properties":{"name":"서초중앙로22길"},"geometry":{"type":"LineString","coordinates":[[127.0209124,37.494793],[127.0210922,37.4948461],[127.0212814,37.4948936]]}},{"type":"Feature","properties":{"name":"서초중앙로22길"},"geometry":{"type":"LineString","coordinates":[[127.0138071,37.4930661],[127.0145801,37.493144],[127.0152085,37.4932124],[127.0160533,37.4933043],[127.0166286,37.4934876],[127.0172122,37.4936736],[127.0179097,37.4938847],[127.0183704,37.4940247],[127.0189451,37.4942067],[127.0195355,37.4943935],[127.0207553,37.494747]]}},{"type":"Feature","properties":{"name":"사임당로17길"},"geometry":{"type":"LineString","coordinates":[[127.016921,37.491598],[127.0168876,37.4917098],[127.0168696,37.4917946],[127.0168625,37.4918705],[127.0168677,37.4919471],[127.0168844,37.4920148],[127.0168966,37.4920565],[127.0169381,37.492104],[127.0170287,37.4921712],[127.0177251,37.4926153],[127.0181232,37.4928463],[127.0187556,37.4931949],[127.0188788,37.4932628],[127.0190001,37.4933208],[127.0194962,37.4936131],[127.0199744,37.4938951],[127.0205885,37.4942332],[127.0207222,37.4942658],[127.0208683,37.494283],[127.0208998,37.4942807]]}},{"type":"Feature","properties":{"name":"사임당로23길"},"geometry":{"type":"LineString","coordinates":[[127.0209139,37.4922882],[127.021006,37.4924883],[127.0211518,37.4928044],[127.021325,37.49318]]}},{"type":"Feature","properties":{"name":"사임당로23길"},"geometry":{"type":"LineString","coordinates":[[127.020867,37.4921869],[127.0208679,37.4921885]]}},{"type":"Feature","properties":{"name":"사임당로23길"},"geometry":{"type":"LineString","coordinates":[[127.0205715,37.4915368],[127.0207892,37.4920164]]}},{"type":"Feature","properties":{"name":"사임당로23길"},"geometry":{"type":"LineString","coordinates":[[127.0207133,37.4910547],[127.0205755,37.491434]]}},{"type":"Feature","properties":{"name":"사임당로23길"},"geometry":{"type":"LineString","coordinates":[[127.0209727,37.4903758],[127.0209653,37.4903952],[127.0207599,37.49093]]}},{"type":"Feature","properties":{"name":"학동로7길"},"geometry":{"type":"LineString","coordinates":[[127.0229909,37.5142178],[127.0231846,37.5137781]]}},{"type":"Feature","properties":{"name":"강남대로95길"},"geometry":{"type":"LineString","coordinates":[[127.0163294,37.5118354],[127.0167804,37.5119837],[127.0172829,37.5125198],[127.01768,37.512944],[127.0179701,37.5132362],[127.0182482,37.5135899],[127.0185411,37.5136414],[127.0188895,37.5137077],[127.01936,37.5138022],[127.0198207,37.513893]]}},{"type":"Feature","properties":{"name":"신반포로49길"},"geometry":{"type":"LineString","coordinates":[[127.0204131,37.5109671],[127.0202009,37.511376],[127.02011,37.5116839],[127.0200534,37.5119204]]}},{"type":"Feature","properties":{"name":"테헤란로33길"},"geometry":{"type":"LineString","coordinates":[[127.0393195,37.5026211],[127.0394072,37.5024509],[127.0394789,37.5023239],[127.0395867,37.5021045],[127.0397085,37.5018815],[127.0397094,37.5018799]]}},{"type":"Feature","properties":{"name":"테헤란로33길"},"geometry":{"type":"LineString","coordinates":[[127.0391195,37.5030069],[127.0392428,37.5027596],[127.0392553,37.5027381]]}},{"type":"Feature","properties":{"name":"테헤란로33길"},"geometry":{"type":"LineString","coordinates":[[127.0388278,37.5036507],[127.0390622,37.5031278]]}},{"type":"Feature","properties":{"name":"테헤란로33길"},"geometry":{"type":"LineString","coordinates":[[127.0383857,37.5045494],[127.0387698,37.5037736]]}},{"type":"Feature","properties":{"name":"논현로95길"},"geometry":{"type":"LineString","coordinates":[[127.0345307,37.5021537],[127.0351825,37.5023361]]}},{"type":"Feature","properties":{"name":"논현로95길"},"geometry":{"type":"LineString","coordinates":[[127.0341811,37.5020519],[127.0343786,37.50211]]}},{"type":"Feature","properties":{"name":"논현로95길"},"geometry":{"type":"LineString","coordinates":[[127.0337855,37.5019357],[127.0340282,37.5020069]]}},{"type":"Feature","properties":{"name":"논현로95길"},"geometry":{"type":"LineString","coordinates":[[127.0332602,37.5015885],[127.0334756,37.501748]]}},{"type":"Feature","properties":{"name":"테헤란로27길"},"geometry":{"type":"LineString","coordinates":[[127.0365413,37.5050942],[127.0370667,37.50398]]}},{"type":"Feature","properties":{"name":"논현로98길"},"geometry":{"type":"LineString","coordinates":[[127.0378682,37.5041602],[127.038015,37.5042942],[127.0381527,37.5044074],[127.0383095,37.504559]]}},{"type":"Feature","properties":{"name":"논현로98길"},"geometry":{"type":"LineString","coordinates":[[127.0371963,37.5039338],[127.0377403,37.5040937]]}},{"type":"Feature","properties":{"name":"논현로98길"},"geometry":{"type":"LineString","coordinates":[[127.036623,37.5037478],[127.0370439,37.5038864]]}},{"type":"Feature","properties":{"name":"논현로98길"},"geometry":{"type":"LineString","coordinates":[[127.0358107,37.5034915],[127.0358488,37.5035036],[127.0361752,37.5036096],[127.0364697,37.5036992]]}},{"type":"Feature","properties":{"name":"언주로107길"},"geometry":{"type":"LineString","coordinates":[[127.0388024,37.5075728],[127.0392209,37.5077041]]}},{"type":"Feature","properties":{"name":"언주로107길"},"geometry":{"type":"LineString","coordinates":[[127.0377289,37.5075435],[127.0386323,37.5075532]]}},{"type":"Feature","properties":{"name":"언주로107길"},"geometry":{"type":"LineString","coordinates":[[127.0368022,37.5073115],[127.0371364,37.5074077],[127.0375583,37.5075217]]}},{"type":"Feature","properties":{"name":"언주로107길"},"geometry":{"type":"LineString","coordinates":[[127.0364581,37.5072076],[127.0366466,37.5072655]]}},{"type":"Feature","properties":{"name":"언주로107길"},"geometry":{"type":"LineString","coordinates":[[127.0354061,37.5068902],[127.035968,37.5070591],[127.0363058,37.5071613]]}},{"type":"Feature","properties":{"name":"테헤란로21길"},"geometry":{"type":"LineString","coordinates":[[127.0346187,37.500319],[127.034611,37.5003355],[127.0343883,37.500802]]}},{"type":"Feature","properties":{"name":"테헤란로21길"},"geometry":{"type":"LineString","coordinates":[[127.0341071,37.5019755],[127.0342047,37.5017133]]}},{"type":"Feature","properties":{"name":"테헤란로27길"},"geometry":{"type":"LineString","coordinates":[[127.0374468,37.5032005],[127.0375575,37.5029511],[127.0376783,37.502679]]}},{"type":"Feature","properties":{"name":"테헤란로27길"},"geometry":{"type":"LineString","coordinates":[[127.0371273,37.503858],[127.0372774,37.5035714],[127.0373918,37.5033223]]}},{"type":"Feature","properties":{"name":"봉은사로30길"},"geometry":{"type":"LineString","coordinates":[[127.0365515,37.5036701],[127.036807,37.5031366],[127.0371281,37.5024661]]}},{"type":"Feature","properties":{"name":"봉은사로30길"},"geometry":{"type":"LineString","coordinates":[[127.0359724,37.5049298],[127.0364938,37.5037929]]}},{"type":"Feature","properties":{"name":"봉은사로30길"},"geometry":{"type":"LineString","coordinates":[[127.0356893,37.5055247],[127.0359154,37.5050516]]}},{"type":"Feature","properties":{"name":"봉은사로30길"},"geometry":{"type":"LineString","coordinates":[[127.035396,37.5061469],[127.0356316,37.5056463]]}},{"type":"Feature","properties":{"name":"봉은사로30길"},"geometry":{"type":"LineString","coordinates":[[127.0353035,37.5068279],[127.0352782,37.506441]]}},{"type":"Feature","properties":{"name":"봉은사로30길"},"geometry":{"type":"LineString","coordinates":[[127.0349742,37.5075769],[127.035232,37.5070276],[127.0352786,37.5069349]]}},{"type":"Feature","properties":{"name":"논현로106길"},"geometry":{"type":"LineString","coordinates":[[127.0379934,37.50698],[127.0388798,37.5072557]]}},{"type":"Feature","properties":{"name":"논현로106길"},"geometry":{"type":"LineString","coordinates":[[127.037302,37.5067697],[127.037841,37.5069331]]}},{"type":"Feature","properties":{"name":"논현로106길"},"geometry":{"type":"LineString","coordinates":[[127.0354662,37.5062227],[127.0357654,37.5063186],[127.036108,37.5064126],[127.0364493,37.5065147],[127.0367912,37.5066148],[127.0371291,37.5067173]]}},{"type":"Feature","properties":{"name":"테헤란로19길"},"geometry":{"type":"LineString","coordinates":[[127.0324439,37.5018669],[127.0328667,37.5020036]]}},{"type":"Feature","properties":{"name":"논현로95길"},"geometry":{"type":"LineString","coordinates":[[127.0335692,37.5017562],[127.0339527,37.5015783]]}},{"type":"Feature","properties":{"name":"테헤란로19길"},"geometry":{"type":"LineString","coordinates":[[127.0329693,37.5020881],[127.0330073,37.5022159],[127.0331019,37.502612]]}},{"type":"Feature","properties":{"name":"테헤란로19길"},"geometry":{"type":"LineString","coordinates":[[127.0331564,37.5016237],[127.0330334,37.5018656],[127.0329816,37.5019839]]}},{"type":"Feature","properties":{"name":"논현로97길"},"geometry":{"type":"LineString","coordinates":[[127.0336316,37.5027805],[127.0336565,37.5022737],[127.0336685,37.5019983]]}},{"type":"Feature","properties":{"name":""},"geometry":{"type":"LineString","coordinates":[[127.0339921,37.5011763],[127.033769,37.5011629],[127.0334904,37.5010868]]}},{"type":"Feature","properties":{"name":"강남대로100길"},"geometry":{"type":"LineString","coordinates":[[127.0287186,37.5020286],[127.0293532,37.5022197]]}},{"type":"Feature","properties":{"name":"강남대로100길"},"geometry":{"type":"LineString","coordinates":[[127.0276614,37.5017167],[127.0285661,37.5019833]]}},{"type":"Feature","properties":{"name":""},"geometry":{"type":"LineString","coordinates":[[127.0287805,37.5017483],[127.0286814,37.5019633]]}},{"type":"Feature","properties":{"name":"테헤란로5길"},"geometry":{"type":"LineString","coordinates":[[127.0288754,37.501693],[127.0294233,37.501871]]}},{"type":"Feature","properties":{"name":"테헤란로5길"},"geometry":{"type":"LineString","coordinates":[[127.0277383,37.5013473],[127.0287227,37.5016451]]}},{"type":"Feature","properties":{"name":"봉은사로22길"},"geometry":{"type":"LineString","coordinates":[[127.0318092,37.5058725],[127.0317367,37.5060398],[127.0315225,37.5065342]]}},{"type":"Feature","properties":{"name":"봉은사로22길"},"geometry":{"type":"LineString","coordinates":[[127.0315551,37.5051419],[127.0319098,37.5055384],[127.0319522,37.5055972],[127.0318734,37.5057421]]}},{"type":"Feature","properties":{"name":"봉은사로20길"},"geometry":{"type":"LineString","coordinates":[[127.0334828,37.5039824],[127.0336874,37.5035226]]}},{"type":"Feature","properties":{"name":"봉은사로20길"},"geometry":{"type":"LineString","coordinates":[[127.0327418,37.5044126],[127.0332553,37.5041253],[127.033421,37.5040442]]}},{"type":"Feature","properties":{"name":"봉은사로20길"},"geometry":{"type":"LineString","coordinates":[[127.0321712,37.5047144],[127.0323097,37.5046417],[127.0326092,37.5044845]]}},{"type":"Feature","properties":{"name":"봉은사로20길"},"geometry":{"type":"LineString","coordinates":[[127.0315505,37.5050482],[127.0320351,37.5047867]]}},{"type":"Feature","properties":{"name":"봉은사로20길"},"geometry":{"type":"LineString","coordinates":[[127.0308587,37.5054305],[127.0312274,37.5052227]]}},{"type":"Feature","properties":{"name":"봉은사로26길"},"geometry":{"type":"LineString","coordinates":[[127.0328927,37.504675],[127.033155,37.5049789],[127.0336655,37.50557]]}},{"type":"Feature","properties":{"name":"봉은사로26길"},"geometry":{"type":"LineString","coordinates":[[127.0327468,37.5045061],[127.0328005,37.5045682]]}},{"type":"Feature","properties":{"name":"논현로101길"},"geometry":{"type":"LineString","coordinates":[[127.0335961,37.5041193],[127.0335172,37.5040725]]}},{"type":"Feature","properties":{"name":"논현로101길"},"geometry":{"type":"LineString","coordinates":[[127.0341937,37.5044682],[127.0341596,37.504453],[127.0337299,37.5041984]]}},{"type":"Feature","properties":{"name":"논현로101길"},"geometry":{"type":"LineString","coordinates":[[127.0349845,37.5047192],[127.0349604,37.504712],[127.0343488,37.5045264]]}},{"type":"Feature","properties":{"name":"봉은사로10길"},"geometry":{"type":"LineString","coordinates":[[127.0282086,37.5054862],[127.0284686,37.5048928]]}},{"type":"Feature","properties":{"name":"봉은사로24길"},"geometry":{"type":"LineString","coordinates":[[127.0320525,37.5047165],[127.0319518,37.5045955],[127.0317575,37.5043624]]}},{"type":"Feature","properties":{"name":"봉은사로24길"},"geometry":{"type":"LineString","coordinates":[[127.0327997,37.5057833],[127.0328459,37.505635],[127.0321442,37.5048245]]}},{"type":"Feature","properties":{"name":""},"geometry":{"type":"LineString","coordinates":[[127.0292083,37.5057866],[127.0295004,37.5051945]]}},{"type":"Feature","properties":{"name":"봉은사로26길"},"geometry":{"type":"LineString","coordinates":[[127.0337107,37.5057059],[127.0336613,37.5058156]]}},{"type":"Feature","properties":{"name":"봉은사로26길"},"geometry":{"type":"LineString","coordinates":[[127.0342667,37.5045554],[127.0340137,37.5050711],[127.0337729,37.5055734]]}},{"type":"Feature","properties":{"name":"강남대로83길"},"geometry":{"type":"LineString","coordinates":[[127.0209777,37.5049297],[127.0207278,37.5046937],[127.0205332,37.50451]]}},{"type":"Feature","properties":{"name":"강남대로83길"},"geometry":{"type":"LineString","coordinates":[[127.0212471,37.5051827],[127.021098,37.5050429]]}},{"type":"Feature","properties":{"name":"강남대로83길"},"geometry":{"type":"LineString","coordinates":[[127.0214451,37.5053684],[127.0213531,37.5052823]]}},{"type":"Feature","properties":{"name":"강남대로83길"},"geometry":{"type":"LineString","coordinates":[[127.0219865,37.5058724],[127.021584,37.5054982]]}},{"type":"Feature","properties":{"name":"강남대로83길"},"geometry":{"type":"LineString","coordinates":[[127.0225198,37.5063753],[127.0221246,37.5060019]]}},{"type":"Feature","properties":{"name":"강남대로83길"},"geometry":{"type":"LineString","coordinates":[[127.0230166,37.5068074],[127.0226531,37.5064955]]}},{"type":"Feature","properties":{"name":"사평대로55길"},"geometry":{"type":"LineString","coordinates":[[127.0226901,37.5042962],[127.0226937,37.5042361],[127.0227496,37.5040399]]}},{"type":"Feature","properties":{"name":"사평대로55길"},"geometry":{"type":"LineString","coordinates":[[127.0226831,37.504531],[127.0226868,37.5044919],[127.0226867,37.5044316]]}},{"type":"Feature","properties":{"name":"강남대로"},"geometry":{"type":"LineString","coordinates":[[127.0205073,37.5102734],[127.0201367,37.5101708]]}},{"type":"Feature","properties":{"name":"강남대로"},"geometry":{"type":"LineString","coordinates":[[127.0213671,37.5105388],[127.020658,37.5103178]]}},{"type":"Feature","properties":{"name":"사평대로57길"},"geometry":{"type":"LineString","coordinates":[[127.0234505,37.5045064],[127.0235533,37.5042743]]}},{"type":"Feature","properties":{"name":"사평대로57길"},"geometry":{"type":"LineString","coordinates":[[127.0232395,37.5050363],[127.0233993,37.504629]]}},{"type":"Feature","properties":{"name":"사평대로57길"},"geometry":{"type":"LineString","coordinates":[[127.0226231,37.5063461],[127.0231523,37.5051992],[127.0231602,37.5051877]]}},{"type":"Feature","properties":{"name":"주흥16길"},"geometry":{"type":"LineString","coordinates":[[127.0196158,37.509575],[127.019772,37.5096315],[127.0201623,37.5097445]]}},{"type":"Feature","properties":{"name":"주흥길"},"geometry":{"type":"LineString","coordinates":[[127.020845,37.5040051],[127.0210245,37.5035939],[127.0210573,37.5035296]]}},{"type":"Feature","properties":{"name":"주흥길"},"geometry":{"type":"LineString","coordinates":[[127.0205572,37.504399],[127.0206438,37.5043587],[127.0207824,37.5041265]]}},{"type":"Feature","properties":{"name":"주흥10길"},"geometry":{"type":"LineString","coordinates":[[127.0204843,37.5073883],[127.0203554,37.5072719],[127.0202089,37.5071398],[127.0200904,37.5070567]]}},{"type":"Feature","properties":{"name":"주흥10길"},"geometry":{"type":"LineString","coordinates":[[127.0211825,37.5076394],[127.0206373,37.5074771]]}},{"type":"Feature","properties":{"name":"사평대로55길"},"geometry":{"type":"LineString","coordinates":[[127.0215451,37.5068464],[127.0210391,37.5066781]]}},{"type":"Feature","properties":{"name":"강남대로"},"geometry":{"type":"LineString","coordinates":[[127.0223515,37.5085217],[127.0219538,37.5083969]]}},{"type":"Feature","properties":{"name":"사평대로55길"},"geometry":{"type":"LineString","coordinates":[[127.0212988,37.5086445],[127.0208712,37.5086122]]}},{"type":"Feature","properties":{"name":"강남대로79길"},"geometry":{"type":"LineString","coordinates":[[127.0210813,37.5049005],[127.0213903,37.504295]]}},{"type":"Feature","properties":{"name":"사평대로55길"},"geometry":{"type":"LineString","coordinates":[[127.0217527,37.5083966],[127.0210943,37.5082052]]}},{"type":"Feature","properties":{"name":"사평대로53길"},"geometry":{"type":"LineString","coordinates":[[127.0209568,37.5067058],[127.0207742,37.5070721]]}},{"type":"Feature","properties":{"name":"사평대로53길"},"geometry":{"type":"LineString","coordinates":[[127.0211633,37.5062609],[127.0210148,37.5065849]]}},{"type":"Feature","properties":{"name":"사평대로53길"},"geometry":{"type":"LineString","coordinates":[[127.0214485,37.5056392],[127.0213912,37.5057642],[127.0212192,37.506139]]}},{"type":"Feature","properties":{"name":"사평대로53길"},"geometry":{"type":"LineString","coordinates":[[127.0215082,37.5055091],[127.0215045,37.505517]]}},{"type":"Feature","properties":{"name":"사평대로53길"},"geometry":{"type":"LineString","coordinates":[[127.0219928,37.5044766],[127.0215825,37.5053494]]}},{"type":"Feature","properties":{"name":"사평대로55길"},"geometry":{"type":"LineString","coordinates":[[127.0220899,37.505843],[127.0226365,37.5046797]]}},{"type":"Feature","properties":{"name":"사평대로55길"},"geometry":{"type":"LineString","coordinates":[[127.020542,37.5090971],[127.0205956,37.5089692],[127.0207504,37.5086412]]}},{"type":"Feature","properties":{"name":"사평대로55길"},"geometry":{"type":"LineString","coordinates":[[127.0202453,37.5097152],[127.0204864,37.5092198]]}},{"type":"Feature","properties":{"name":"사평대로55길"},"geometry":{"type":"LineString","coordinates":[[127.0200771,37.5100691],[127.0201872,37.5098363]]}},{"type":"Feature","properties":{"name":"사평대로55길"},"geometry":{"type":"LineString","coordinates":[[127.0198669,37.5105096],[127.0200195,37.5101903]]}},{"type":"Feature","properties":{"name":"사평대로55길"},"geometry":{"type":"LineString","coordinates":[[127.0216407,37.5067918],[127.0216697,37.5067307],[127.0218894,37.506267],[127.0220148,37.5060022]]}},{"type":"Feature","properties":{"name":"사평대로55길"},"geometry":{"type":"LineString","coordinates":[[127.0214619,37.50716],[127.0215824,37.506913]]}},{"type":"Feature","properties":{"name":"사평대로55길"},"geometry":{"type":"LineString","coordinates":[[127.0213438,37.5074338],[127.0214059,37.5072841]]}},{"type":"Feature","properties":{"name":"사평대로55길"},"geometry":{"type":"LineString","coordinates":[[127.0210351,37.5081034],[127.0212198,37.5077042]]}},{"type":"Feature","properties":{"name":"사평대로55길"},"geometry":{"type":"LineString","coordinates":[[127.0208707,37.5083966],[127.0209742,37.5082199]]}},{"type":"Feature","properties":{"name":"강남대로79길"},"geometry":{"type":"LineString","coordinates":[[127.0213538,37.5042307],[127.020906,37.5041069]]}},{"type":"Feature","properties":{"name":"강남대로79길"},"geometry":{"type":"LineString","coordinates":[[127.0219222,37.5044016],[127.0215074,37.5042753]]}},{"type":"Feature","properties":{"name":"강남대로79길"},"geometry":{"type":"LineString","coordinates":[[127.022601,37.5045946],[127.022074,37.5044461]]}},{"type":"Feature","properties":{"name":"사평대로53길"},"geometry":{"type":"LineString","coordinates":[[127.0195318,37.5081114],[127.0200839,37.5082691]]}},{"type":"Feature","properties":{"name":""},"geometry":{"type":"LineString","coordinates":[[127.020772,37.5084511],[127.0202677,37.5083087]]}},{"type":"Feature","properties":{"name":"주흥길"},"geometry":{"type":"LineString","coordinates":[[127.0197271,37.5076263],[127.0199781,37.5070632]]}},{"type":"Feature","properties":{"name":"테헤란로1길"},"geometry":{"type":"LineString","coordinates":[[127.0272576,37.5006675],[127.0271112,37.5009703],[127.0267892,37.5016444]]}},{"type":"Feature","properties":{"name":"테헤란로1길"},"geometry":{"type":"LineString","coordinates":[[127.0277551,37.499604],[127.0276871,37.499765],[127.0274878,37.5001763],[127.0273026,37.5005728]]}},{"type":"Feature","properties":{"name":"테헤란로1길"},"geometry":{"type":"LineString","coordinates":[[127.0278861,37.4993332],[127.0278116,37.4994815]]}},{"type":"Feature","properties":{"name":"테헤란로1길"},"geometry":{"type":"LineString","coordinates":[[127.0281171,37.4988383],[127.0279587,37.4991878],[127.0279329,37.4992395]]}},{"type":"Feature","properties":{"name":"테헤란로1길"},"geometry":{"type":"LineString","coordinates":[[127.0283121,37.4984389],[127.0281748,37.4987165]]}},{"type":"Feature","properties":{"name":"봉은사로16길"},"geometry":{"type":"LineString","coordinates":[[127.0297314,37.5052484],[127.0303888,37.5059629]]}},{"type":"Feature","properties":{"name":"봉은사로16길"},"geometry":{"type":"LineString","coordinates":[[127.0286854,37.5040114],[127.0295572,37.505051]]}},{"type":"Feature","properties":{"name":"서리풀길"},"geometry":{"type":"LineString","coordinates":[[127.019997,37.4896162],[127.019876,37.4898901],[127.0198576,37.4899336]]}},{"type":"Feature","properties":{"name":"서리풀길"},"geometry":{"type":"LineString","coordinates":[[127.0203581,37.4887993],[127.0202891,37.4889556],[127.0202663,37.4890069],[127.0201614,37.4892442],[127.0200511,37.4894938]]}},{"type":"Feature","properties":{"name":"서리풀길"},"geometry":{"type":"LineString","coordinates":[[127.020737,37.4879421],[127.0204968,37.4884855],[127.020496,37.4884873]]}},{"type":"Feature","properties":{"name":"효령로69길"},"geometry":{"type":"LineString","coordinates":[[127.0230414,37.4905669],[127.0229363,37.490817],[127.0229306,37.4908306]]}},{"type":"Feature","properties":{"name":"봉은사로6길"},"geometry":{"type":"LineString","coordinates":[[127.0276476,37.5026824],[127.0279217,37.5025289],[127.0280676,37.5024532]]}},{"type":"Feature","properties":{"name":"봉은사로6길"},"geometry":{"type":"LineString","coordinates":[[127.0273693,37.5031352],[127.0274368,37.5030067]]}},{"type":"Feature","properties":{"name":"봉은사로6길"},"geometry":{"type":"LineString","coordinates":[[127.027112,37.5036688],[127.027308,37.5032576]]}},{"type":"Feature","properties":{"name":"봉은사로6길"},"geometry":{"type":"LineString","coordinates":[[127.0268298,37.5042616],[127.027013,37.5038197]]}},{"type":"Feature","properties":{"name":"봉은사로6길"},"geometry":{"type":"LineString","coordinates":[[127.026497,37.5049624],[127.0267761,37.5043817]]}},{"type":"Feature","properties":{"name":"논현로119길"},"geometry":{"type":"LineString","coordinates":[[127.0305704,37.5095848],[127.030167,37.5091311],[127.0299018,37.5088326]]}},{"type":"Feature","properties":{"name":"논현로119길"},"geometry":{"type":"LineString","coordinates":[[127.0313558,37.5104618],[127.0311073,37.5101928],[127.0309707,37.5100359],[127.0308308,37.5098921],[127.0306428,37.5096685]]}},{"type":"Feature","properties":{"name":"논현로119길"},"geometry":{"type":"LineString","coordinates":[[127.0321445,37.5107552],[127.0320673,37.5107319],[127.0315064,37.5105618]]}},{"type":"Feature","properties":{"name":"봉은사로13길"},"geometry":{"type":"LineString","coordinates":[[127.0294937,37.5066101],[127.029706,37.5061508]]}},{"type":"Feature","properties":{"name":"봉은사로13길"},"geometry":{"type":"LineString","coordinates":[[127.029499,37.5068308],[127.0294841,37.5067646]]}},{"type":"Feature","properties":{"name":"강남대로93길"},"geometry":{"type":"LineString","coordinates":[[127.0203356,37.5126474],[127.0199463,37.5125414],[127.0196748,37.5126208],[127.0195142,37.512668],[127.0191389,37.5127779],[127.0186937,37.5129085],[127.0182907,37.513018]]}},{"type":"Feature","properties":{"name":"강남대로120길"},"geometry":{"type":"LineString","coordinates":[[127.0259596,37.5075624],[127.0269896,37.5078721]]}},{"type":"Feature","properties":{"name":"강남대로120길"},"geometry":{"type":"LineString","coordinates":[[127.0242921,37.507063],[127.0248886,37.5072416],[127.0258066,37.5075165]]}},{"type":"Feature","properties":{"name":"강남대로118길"},"geometry":{"type":"LineString","coordinates":[[127.0262807,37.5067245],[127.0261257,37.50705]]}},{"type":"Feature","properties":{"name":"강남대로116길"},"geometry":{"type":"LineString","coordinates":[[127.0262104,37.5066491],[127.0253168,37.5063737],[127.0249889,37.5062729],[127.0247051,37.5061831]]}},{"type":"Feature","properties":{"name":"강남대로116길"},"geometry":{"type":"LineString","coordinates":[[127.027067,37.506894],[127.0263651,37.5066948]]}},{"type":"Feature","properties":{"name":"강남대로112길"},"geometry":{"type":"LineString","coordinates":[[127.0249499,37.5053205],[127.0244715,37.50517]]}},{"type":"Feature","properties":{"name":"강남대로112길"},"geometry":{"type":"LineString","coordinates":[[127.026077,37.5056607],[127.0251027,37.5053675]]}},{"type":"Feature","properties":{"name":"강남대로112길"},"geometry":{"type":"LineString","coordinates":[[127.0274517,37.5060745],[127.026231,37.5057071]]}},{"type":"Feature","properties":{"name":"강남대로112길"},"geometry":{"type":"LineString","coordinates":[[127.0286099,37.5064272],[127.0276047,37.5061208]]}},{"type":"Feature","properties":{"name":"강남대로112길"},"geometry":{"type":"LineString","coordinates":[[127.0293995,37.5066665],[127.0287632,37.5064738]]}},{"type":"Feature","properties":{"name":"서초대로65길"},"geometry":{"type":"LineString","coordinates":[[127.020385,37.4973069],[127.020405,37.497303]]}},{"type":"Feature","properties":{"name":"서초대로65길"},"geometry":{"type":"LineString","coordinates":[[127.0175418,37.4988506],[127.0177647,37.4985591],[127.0177952,37.4985284],[127.0178385,37.4984893],[127.0181909,37.4980537],[127.0184286,37.4977389],[127.0185297,37.4975845],[127.0186555,37.4973504],[127.0187523,37.4973126],[127.0188949,37.4973055],[127.0192005,37.4973698],[127.0194899,37.4974253],[127.0195417,37.4974217],[127.0197242,37.4974088],[127.019978,37.4973681],[127.0202108,37.4973369]]}},{"type":"Feature","properties":{"name":"학동로20길"},"geometry":{"type":"LineString","coordinates":[[127.0279865,37.5129816],[127.0281834,37.5125576]]}},{"type":"Feature","properties":{"name":"논현로127길"},"geometry":{"type":"LineString","coordinates":[[127.0299088,37.5128662],[127.0302417,37.5121082],[127.0300245,37.5120444]]}},{"type":"Feature","properties":{"name":"학동로28길"},"geometry":{"type":"LineString","coordinates":[[127.0299788,37.5135564],[127.0302159,37.5130982]]}},{"type":"Feature","properties":{"name":"역삼로1길"},"geometry":{"type":"LineString","coordinates":[[127.0301945,37.4949156],[127.0303923,37.4945093],[127.0309253,37.4933938]]}},{"type":"Feature","properties":{"name":"강남대로84길"},"geometry":{"type":"LineString","coordinates":[[127.0293169,37.4966052],[127.0286163,37.4963806]]}},{"type":"Feature","properties":{"name":"강남대로84길"},"geometry":{"type":"LineString","coordinates":[[127.0301327,37.4968549],[127.0294695,37.4966529]]}},{"type":"Feature","properties":{"name":"강남대로84길"},"geometry":{"type":"LineString","coordinates":[[127.0304851,37.4969583],[127.0302863,37.4969006]]}},{"type":"Feature","properties":{"name":"강남대로84길"},"geometry":{"type":"LineString","coordinates":[[127.0317736,37.4973459],[127.0310138,37.4971244],[127.0306357,37.497004]]}},{"type":"Feature","properties":{"name":"역삼로64길"},"geometry":{"type":"LineString","coordinates":[[127.0534831,37.499428],[127.0530166,37.5004397]]}},{"type":"Feature","properties":{"name":"도곡로77길"},"geometry":{"type":"LineString","coordinates":[[127.0576091,37.5006346],[127.0579049,37.5000919],[127.0581908,37.4995533]]}},{"type":"Feature","properties":{"name":"삼성로63길"},"geometry":{"type":"LineString","coordinates":[[127.0557322,37.4986955],[127.05617,37.4988479],[127.0562899,37.4988869],[127.0569277,37.4990909],[127.057285,37.4992079],[127.0574336,37.4992604],[127.0575788,37.4993117],[127.0581941,37.4995075]]}},{"type":"Feature","properties":{"name":"선릉로68길"},"geometry":{"type":"LineString","coordinates":[[127.0534118,37.4993502],[127.0530503,37.4992356],[127.0526539,37.4991109],[127.0522339,37.4989803],[127.0517865,37.4988327]]}},{"type":"Feature","properties":{"name":"선릉로68길"},"geometry":{"type":"LineString","coordinates":[[127.0549635,37.4998461],[127.0547737,37.4997851],[127.0543018,37.4996341],[127.0538961,37.4995058],[127.0537882,37.4994739],[127.0535643,37.4993997]]}},{"type":"Feature","properties":{"name":"선릉로72길"},"geometry":{"type":"LineString","coordinates":[[127.0528875,37.5004849],[127.0521285,37.500236],[127.0517116,37.5000969],[127.0512508,37.4999674]]}},{"type":"Feature","properties":{"name":"역삼로74길"},"geometry":{"type":"LineString","coordinates":[[127.0551506,37.5011409],[127.0550888,37.5005341],[127.055075,37.5002693],[127.0550591,37.5001025],[127.0550362,37.499926]]}},{"type":"Feature","properties":{"name":"도곡로69길"},"geometry":{"type":"LineString","coordinates":[[127.0559562,37.4980629],[127.0559911,37.497989],[127.056072,37.4978379],[127.0562679,37.4974715]]}},{"type":"Feature","properties":{"name":"도곡로69길"},"geometry":{"type":"LineString","coordinates":[[127.0556646,37.4986174],[127.0558966,37.4981817]]}},{"type":"Feature","properties":{"name":"도곡로69길"},"geometry":{"type":"LineString","coordinates":[[127.0550595,37.4997918],[127.0554414,37.499049],[127.0556017,37.4987377]]}},{"type":"Feature","properties":{"name":"선릉로64길"},"geometry":{"type":"LineString","coordinates":[[127.0539855,37.4981481],[127.0536511,37.4980433],[127.0532429,37.4979076],[127.0531746,37.4978849],[127.0529808,37.4978203],[127.0523588,37.497613]]}},{"type":"Feature","properties":{"name":"양재천로"},"geometry":{"type":"LineString","coordinates":[[127.0570402,37.488821],[127.0567499,37.488672],[127.0562091,37.4883616],[127.0552328,37.4877647]]}},{"type":"Feature","properties":{"name":"테헤란로22길"},"geometry":{"type":"LineString","coordinates":[[127.0359904,37.4975394],[127.0357803,37.4979492],[127.0355363,37.4984392]]}},{"type":"Feature","properties":{"name":"역삼로19길"},"geometry":{"type":"LineString","coordinates":[[127.0375095,37.4969246],[127.0378028,37.4976236]]}},{"type":"Feature","properties":{"name":"역삼로19길"},"geometry":{"type":"LineString","coordinates":[[127.0372479,37.4963026],[127.0374513,37.4967859]]}},{"type":"Feature","properties":{"name":"역삼로19길"},"geometry":{"type":"LineString","coordinates":[[127.0369565,37.4952265],[127.0368678,37.4953973],[127.0369066,37.4954897],[127.0369591,37.4956151],[127.0370372,37.4958009],[127.0371833,37.4961491]]}},{"type":"Feature","properties":{"name":"논현로57길"},"geometry":{"type":"LineString","coordinates":[[127.0396925,37.4913833],[127.0409625,37.4917754],[127.0410234,37.4917944],[127.0410524,37.4918042]]}},{"type":"Feature","properties":{"name":"논현로57길"},"geometry":{"type":"LineString","coordinates":[[127.0382868,37.4909488],[127.0395406,37.4913364]]}},{"type":"Feature","properties":{"name":"논현로57길"},"geometry":{"type":"LineString","coordinates":[[127.0371285,37.4905978],[127.0381131,37.4908956]]}},{"type":"Feature","properties":{"name":"도곡로4길"},"geometry":{"type":"LineString","coordinates":[[127.0332959,37.4895406],[127.0330247,37.4898519],[127.032977,37.4899074]]}},{"type":"Feature","properties":{"name":"도곡로4길"},"geometry":{"type":"LineString","coordinates":[[127.0337688,37.4891231],[127.0334121,37.4894269]]}},{"type":"Feature","properties":{"name":"도곡로4길"},"geometry":{"type":"LineString","coordinates":[[127.0343931,37.4885978],[127.034303,37.4886763],[127.0341001,37.4888458],[127.0338833,37.4890282]]}},{"type":"Feature","properties":{"name":"도곡로4길"},"geometry":{"type":"LineString","coordinates":[[127.0352375,37.4874688],[127.0349555,37.4880136],[127.0345927,37.488432],[127.0345228,37.4884932]]}},{"type":"Feature","properties":{"name":"강남대로47길"},"geometry":{"type":"LineString","coordinates":[[127.0302718,37.4885089],[127.0306463,37.4886223],[127.0316262,37.4889129]]}},{"type":"Feature","properties":{"name":"강남대로47길"},"geometry":{"type":"LineString","coordinates":[[127.0285347,37.4879746],[127.0286107,37.4879982],[127.0293022,37.4882116],[127.0301189,37.4884624]]}},{"type":"Feature","properties":{"name":"강남대로45길"},"geometry":{"type":"LineString","coordinates":[[127.0318544,37.4883343],[127.0314715,37.4882261],[127.0310619,37.4880999],[127.0309561,37.4880672],[127.0305013,37.4879306]]}},{"type":"Feature","properties":{"name":"봉은사로68길"},"geometry":{"type":"LineString","coordinates":[[127.0495363,37.5118082],[127.049885,37.5114627],[127.0500748,37.5112647]]}},{"type":"Feature","properties":{"name":"선릉로"},"geometry":{"type":"LineString","coordinates":[[127.0438943,37.510157],[127.0440657,37.5097005],[127.0441124,37.509594],[127.044158,37.5094899],[127.0442329,37.5093295]]}},{"type":"Feature","properties":{"name":"선릉로"},"geometry":{"type":"LineString","coordinates":[[127.0484847,37.5055872],[127.048689,37.5051628],[127.0488842,37.5047564],[127.0489044,37.5047136]]}},{"type":"Feature","properties":{"name":"선릉로"},"geometry":{"type":"LineString","coordinates":[[127.0473245,37.5068631],[127.0474876,37.5067594],[127.0476116,37.5066762],[127.0477171,37.5065994],[127.047929,37.5064177],[127.048032,37.5063104],[127.0481251,37.5062036],[127.0482202,37.5060813],[127.0482906,37.5059865],[127.0484257,37.5057089]]}},{"type":"Feature","properties":{"name":"선릉로"},"geometry":{"type":"LineString","coordinates":[[127.0470165,37.5070424],[127.0472228,37.5069244]]}},{"type":"Feature","properties":{"name":"선릉로"},"geometry":{"type":"LineString","coordinates":[[127.0457086,37.5078385],[127.046813,37.5071606]]}},{"type":"Feature","properties":{"name":"선릉로"},"geometry":{"type":"LineString","coordinates":[[127.0442896,37.5092015],[127.044322,37.5091245],[127.0444192,37.5089599],[127.0445259,37.5088025],[127.0445963,37.508697],[127.0446421,37.5086549],[127.0448237,37.5084606],[127.0449131,37.5083834],[127.0450469,37.5082754],[127.0452108,37.5081604],[127.0455817,37.5079187]]}},{"type":"Feature","properties":{"name":"남부순환로381길"},"geometry":{"type":"LineString","coordinates":[[127.0483398,37.4878704],[127.0479135,37.4884553],[127.0477509,37.4883247],[127.0463752,37.4877013],[127.0455073,37.4873023],[127.0450332,37.4870602]]}},{"type":"Feature","properties":{"name":"도곡로7길"},"geometry":{"type":"LineString","coordinates":[[127.0348385,37.4910625],[127.0350326,37.490667]]}},{"type":"Feature","properties":{"name":"도곡로7길"},"geometry":{"type":"LineString","coordinates":[[127.0341232,37.4925596],[127.0344381,37.4918977],[127.0344448,37.4918839],[127.0347796,37.4911843]]}},{"type":"Feature","properties":{"name":"역삼로7길"},"geometry":{"type":"LineString","coordinates":[[127.0326405,37.4956566],[127.0331905,37.4945135],[127.0332026,37.4944879],[127.0332192,37.4944533],[127.0333625,37.494139]]}},{"type":"Feature","properties":{"name":"학동로5길"},"geometry":{"type":"LineString","coordinates":[[127.0229272,37.5125153],[127.0232384,37.5118338]]}},{"type":"Feature","properties":{"name":"학동로5길"},"geometry":{"type":"LineString","coordinates":[[127.0226983,37.513526],[127.0228928,37.5126203]]}},{"type":"Feature","properties":{"name":"서초대로64길"},"geometry":{"type":"LineString","coordinates":[[127.0217225,37.4939799],[127.021232,37.4938711]]}},{"type":"Feature","properties":{"name":"서초대로64길"},"geometry":{"type":"LineString","coordinates":[[127.0214231,37.4912632],[127.0213382,37.4914773],[127.0213358,37.4914834],[127.021311,37.4915454],[127.0213024,37.4915673],[127.0212795,37.491625],[127.021098,37.492082],[127.0210838,37.4921175]]}},{"type":"Feature","properties":{"name":"사임당로"},"geometry":{"type":"LineString","coordinates":[[127.0219312,37.4906665],[127.0219225,37.4906863],[127.0218061,37.4909529],[127.0216973,37.4912018]]}},{"type":"Feature","properties":{"name":"서초대로68길"},"geometry":{"type":"LineString","coordinates":[[127.0219581,37.4960824],[127.0226505,37.4946219]]}},{"type":"Feature","properties":{"name":"서운로15길"},"geometry":{"type":"LineString","coordinates":[[127.0257347,37.4935591],[127.0257204,37.4935551],[127.024951,37.493333],[127.024187,37.4931126]]}},{"type":"Feature","properties":{"name":""},"geometry":{"type":"LineString","coordinates":[[127.0209596,37.492173],[127.0209271,37.4921659]]}},{"type":"Feature","properties":{"name":"사임당로23길"},"geometry":{"type":"LineString","coordinates":[[127.0213494,37.4911885],[127.0207921,37.4910231]]}},{"type":"Feature","properties":{"name":"서초대로70길"},"geometry":{"type":"LineString","coordinates":[[127.023306,37.4948608],[127.0233002,37.4948728],[127.0232155,37.4950492],[127.0226222,37.4962847],[127.0226208,37.4962876]]}},{"type":"Feature","properties":{"name":"서초대로70길"},"geometry":{"type":"LineString","coordinates":[[127.0248806,37.4915598],[127.0248772,37.4915664],[127.0248375,37.4916455],[127.0246416,37.492036],[127.0245689,37.4921757],[127.0244959,37.4923222],[127.0244357,37.4924454],[127.0241919,37.4929632],[127.024168,37.493014],[127.0241642,37.4930208]]}},{"type":"Feature","properties":{"name":"서초대로70길"},"geometry":{"type":"LineString","coordinates":[[127.0240851,37.49318],[127.024062,37.4932341],[127.023869,37.4936391],[127.0238506,37.4936789],[127.0238274,37.4937289],[127.0237613,37.4938722],[127.0236083,37.4942021],[127.0235562,37.4943162],[127.0235335,37.4943657],[127.0234262,37.4946007],[127.0233633,37.4947385]]}},{"type":"Feature","properties":{"name":"선릉로"},"geometry":{"type":"LineString","coordinates":[[127.0525598,37.4969837],[127.0528449,37.4963791]]}},{"type":"Feature","properties":{"name":"선릉로"},"geometry":{"type":"LineString","coordinates":[[127.0523023,37.4975085],[127.0525019,37.4971037]]}},{"type":"Feature","properties":{"name":"선릉로"},"geometry":{"type":"LineString","coordinates":[[127.0517293,37.4987272],[127.0519174,37.4983272],[127.0520329,37.498078],[127.0522433,37.4976311]]}},{"type":"Feature","properties":{"name":"선릉로"},"geometry":{"type":"LineString","coordinates":[[127.0511914,37.4998657],[127.051671,37.4988508]]}},{"type":"Feature","properties":{"name":"선릉로"},"geometry":{"type":"LineString","coordinates":[[127.0508934,37.5004906],[127.0511338,37.499987]]}},{"type":"Feature","properties":{"name":"강남대로84길"},"geometry":{"type":"LineString","coordinates":[[127.0308678,37.4963504],[127.0306127,37.4969108]]}},{"type":"Feature","properties":{"name":"강남대로78길"},"geometry":{"type":"LineString","coordinates":[[127.032146,37.4956541],[127.0319423,37.4961003],[127.0315448,37.4959837]]}},{"type":"Feature","properties":{"name":"강남대로51길"},"geometry":{"type":"LineString","coordinates":[[127.0298058,37.4912657],[127.030414,37.4914592]]}},{"type":"Feature","properties":{"name":"강남대로51길"},"geometry":{"type":"LineString","coordinates":[[127.029066,37.4910358],[127.0296873,37.4912285]]}},{"type":"Feature","properties":{"name":"강남대로78길"},"geometry":{"type":"LineString","coordinates":[[127.0300989,37.4949724],[127.0297769,37.4948768],[127.0293943,37.4947574]]}},{"type":"Feature","properties":{"name":"강남대로78길"},"geometry":{"type":"LineString","coordinates":[[127.0308971,37.4952084],[127.0302523,37.495018]]}},{"type":"Feature","properties":{"name":"강남대로78길"},"geometry":{"type":"LineString","coordinates":[[127.0317232,37.495469],[127.0310495,37.4952551]]}},{"type":"Feature","properties":{"name":"강남대로78길"},"geometry":{"type":"LineString","coordinates":[[127.0320753,37.4955789],[127.0318746,37.4955164]]}},{"type":"Feature","properties":{"name":"강남대로78길"},"geometry":{"type":"LineString","coordinates":[[127.0325447,37.495714],[127.0322268,37.4956239]]}},{"type":"Feature","properties":{"name":"강남대로49길"},"geometry":{"type":"LineString","coordinates":[[127.0303731,37.4898036],[127.0297589,37.4896101]]}},{"type":"Feature","properties":{"name":"강남대로49길"},"geometry":{"type":"LineString","coordinates":[[127.0310922,37.4900197],[127.0304905,37.4898396]]}},{"type":"Feature","properties":{"name":"도곡로14길"},"geometry":{"type":"LineString","coordinates":[[127.0372806,37.4901449],[127.0370917,37.4905325]]}},{"type":"Feature","properties":{"name":"도곡로14길"},"geometry":{"type":"LineString","coordinates":[[127.0374666,37.4893973],[127.0374697,37.4897282],[127.0374691,37.4897598],[127.0373397,37.490024]]}},{"type":"Feature","properties":{"name":"도곡로14길"},"geometry":{"type":"LineString","coordinates":[[127.0374928,37.4886208],[127.0374766,37.4888322],[127.0374671,37.4892634]]}},{"type":"Feature","properties":{"name":"테헤란로22길"},"geometry":{"type":"LineString","coordinates":[[127.0351106,37.4958472],[127.0351412,37.4958857],[127.0351586,37.4959234],[127.0351603,37.4959541],[127.0351375,37.495993]]}},{"type":"Feature","properties":{"name":"테헤란로22길"},"geometry":{"type":"LineString","coordinates":[[127.0347148,37.49546],[127.0347345,37.495472],[127.0349278,37.4956502],[127.0350165,37.4957397]]}},{"type":"Feature","properties":{"name":"남부순환로351길"},"geometry":{"type":"LineString","coordinates":[[127.0349788,37.4848514],[127.0347108,37.4853158],[127.0344667,37.4857617],[127.0344503,37.4858189],[127.034428,37.4858636],[127.0341953,37.4863007],[127.0339717,37.4867459],[127.033912,37.486784],[127.0338409,37.4868164],[127.0337693,37.4869906],[127.0336967,37.4871845],[127.0336179,37.4873716],[127.0332577,37.4881972]]}},{"type":"Feature","properties":{"name":"남부순환로365길"},"geometry":{"type":"LineString","coordinates":[[127.0401154,37.4883644],[127.0401451,37.4884675],[127.0401541,37.4885789],[127.04012,37.48892],[127.0400993,37.4891185],[127.0400646,37.4892253]]}},{"type":"Feature","properties":{"name":"남부순환로365길"},"geometry":{"type":"LineString","coordinates":[[127.039876,37.4878586],[127.0400473,37.488219],[127.0400619,37.488241]]}},{"type":"Feature","properties":{"name":"도곡로18길"},"geometry":{"type":"LineString","coordinates":[[127.0384676,37.4887652],[127.0386544,37.4880285],[127.0389623,37.4880798],[127.0392393,37.4880919],[127.0394205,37.4880773],[127.0397913,37.4878402]]}},{"type":"Feature","properties":{"name":"도곡로18길"},"geometry":{"type":"LineString","coordinates":[[127.0382938,37.4894997],[127.0383166,37.489419],[127.0384345,37.4889028]]}},{"type":"Feature","properties":{"name":"도곡로18길"},"geometry":{"type":"LineString","coordinates":[[127.0381786,37.490281],[127.0381792,37.4900906],[127.0381733,37.489999],[127.0382607,37.4896269]]}},{"type":"Feature","properties":{"name":"도곡로18길"},"geometry":{"type":"LineString","coordinates":[[127.0381809,37.4908592],[127.0381867,37.4906611],[127.03818,37.4904147]]}},{"type":"Feature","properties":{"name":"도곡로18길"},"geometry":{"type":"LineString","coordinates":[[127.0379651,37.4914303],[127.0379993,37.4913541],[127.0381635,37.4910065],[127.038164,37.4910043]]}},{"type":"Feature","properties":{"name":""},"geometry":{"type":"LineString","coordinates":[[127.0341137,37.4951978],[127.0340136,37.4951984],[127.0337404,37.4952466]]}},{"type":"Feature","properties":{"name":""},"geometry":{"type":"LineString","coordinates":[[127.0375457,37.4893333],[127.0382175,37.4895326]]}},{"type":"Feature","properties":{"name":"도곡로14길"},"geometry":{"type":"LineString","coordinates":[[127.036815,37.4910772],[127.0368395,37.4910078],[127.0370007,37.4906449]]}},{"type":"Feature","properties":{"name":"논현로61길"},"geometry":{"type":"LineString","coordinates":[[127.040481,37.4930249],[127.0398221,37.4928209]]}},{"type":"Feature","properties":{"name":"논현로67길"},"geometry":{"type":"LineString","coordinates":[[127.0371721,37.4936067],[127.0370829,37.4937942]]}},{"type":"Feature","properties":{"name":"도곡로14길"},"geometry":{"type":"LineString","coordinates":[[127.0373757,37.4900894],[127.0381117,37.4903174]]}},{"type":"Feature","properties":{"name":""},"geometry":{"type":"LineString","coordinates":[[127.0322698,37.4885802],[127.0323057,37.488592],[127.0324092,37.4886258],[127.0331505,37.4888566]]}},{"type":"Feature","properties":{"name":"도곡로8길"},"geometry":{"type":"LineString","coordinates":[[127.0350924,37.4905458],[127.0351172,37.4904959],[127.0352928,37.490135]]}},{"type":"Feature","properties":{"name":"논현로47길"},"geometry":{"type":"LineString","coordinates":[[127.041297,37.4884306],[127.0411718,37.4883993],[127.0401697,37.4883154]]}},{"type":"Feature","properties":{"name":"역삼로11길"},"geometry":{"type":"LineString","coordinates":[[127.0343529,37.494434],[127.0343393,37.4944655],[127.0342692,37.4946292],[127.0342624,37.4946511],[127.0342631,37.4946598],[127.0342666,37.4946669],[127.0342964,37.4947019],[127.0345193,37.494932],[127.0348045,37.4949641],[127.0348266,37.4949721]]}},{"type":"Feature","properties":{"name":"논현로51길"},"geometry":{"type":"LineString","coordinates":[[127.0383796,37.4888257],[127.0375622,37.4885847]]}},{"type":"Feature","properties":{"name":"논현로51길"},"geometry":{"type":"LineString","coordinates":[[127.0399371,37.4892737],[127.0385446,37.4888737]]}},{"type":"Feature","properties":{"name":"논현로51길"},"geometry":{"type":"LineString","coordinates":[[127.0414167,37.489709],[127.0413088,37.4896721],[127.0400965,37.4893257]]}},{"type":"Feature","properties":{"name":"역삼로11길"},"geometry":{"type":"LineString","coordinates":[[127.034975,37.495028],[127.0351961,37.4951137],[127.0353638,37.4951801],[127.0355012,37.4952249]]}},{"type":"Feature","properties":{"name":"강남대로54길"},"geometry":{"type":"LineString","coordinates":[[127.0341965,37.4884664],[127.0343533,37.4884903]]}},{"type":"Feature","properties":{"name":"강남대로54길"},"geometry":{"type":"LineString","coordinates":[[127.0337642,37.4883956],[127.0340332,37.4884402]]}},{"type":"Feature","properties":{"name":"강남대로54길"},"geometry":{"type":"LineString","coordinates":[[127.0332949,37.4882641],[127.0335838,37.4883537]]}},{"type":"Feature","properties":{"name":"강남대로54길"},"geometry":{"type":"LineString","coordinates":[[127.0325633,37.4880422],[127.0326169,37.4880597],[127.0329089,37.4881488],[127.033143,37.488218]]}},{"type":"Feature","properties":{"name":"강남대로54길"},"geometry":{"type":"LineString","coordinates":[[127.0341012,37.4885328],[127.0336966,37.488972],[127.0337587,37.4890098]]}},{"type":"Feature","properties":{"name":"강남대로54길"},"geometry":{"type":"LineString","coordinates":[[127.0342595,37.4877756],[127.0345643,37.4879486],[127.0341569,37.4884044]]}},{"type":"Feature","properties":{"name":"효령로67길"},"geometry":{"type":"LineString","coordinates":[[127.02326,37.4882934],[127.023503,37.4876648],[127.0236452,37.4872969],[127.0236637,37.4872495],[127.0237142,37.48712]]}},{"type":"Feature","properties":{"name":"효령로67길"},"geometry":{"type":"LineString","coordinates":[[127.0228714,37.4892992],[127.0232111,37.48842]]}},{"type":"Feature","properties":{"name":"효령로67길"},"geometry":{"type":"LineString","coordinates":[[127.0227188,37.4896943],[127.0227262,37.4896751],[127.0228232,37.4894238]]}},{"type":"Feature","properties":{"name":"효령로67길"},"geometry":{"type":"LineString","coordinates":[[127.0225248,37.4902147],[127.0225762,37.4900701],[127.0226076,37.489982],[127.0226708,37.4898183]]}},{"type":"Feature","properties":{"name":"효령로67길"},"geometry":{"type":"LineString","coordinates":[[127.0223556,37.4906568],[127.0223607,37.4906453],[127.0224532,37.4904074]]}},{"type":"Feature","properties":{"name":"사임당로20길"},"geometry":{"type":"LineString","coordinates":[[127.0216817,37.4887732],[127.0223952,37.4889946]]}},{"type":"Feature","properties":{"name":"사임당로"},"geometry":{"type":"LineString","coordinates":[[127.0209881,37.4902397],[127.0209919,37.4902301],[127.0211064,37.4899425]]}},{"type":"Feature","properties":{"name":"서리풀4길"},"geometry":{"type":"LineString","coordinates":[[127.021754,37.4882106],[127.0215765,37.4881616],[127.0214949,37.4881392],[127.0212097,37.4880633],[127.0209209,37.4879864],[127.0207611,37.4879335]]}},{"type":"Feature","properties":{"name":"서리풀4길"},"geometry":{"type":"LineString","coordinates":[[127.0224447,37.4881433],[127.0223643,37.4881886],[127.0221553,37.488235],[127.0219351,37.4882471],[127.0219087,37.4882433]]}},{"type":"Feature","properties":{"name":"서리풀4길"},"geometry":{"type":"LineString","coordinates":[[127.0227853,37.4874231],[127.0227042,37.4877384],[127.0226871,37.4877815],[127.0225794,37.4880522],[127.0225695,37.4880598]]}},{"type":"Feature","properties":{"name":"효령로67길"},"geometry":{"type":"LineString","coordinates":[[127.0226286,37.4897549],[127.0223462,37.4896835],[127.0224707,37.4893309]]}},{"type":"Feature","properties":{"name":"사임당로18길"},"geometry":{"type":"LineString","coordinates":[[127.0203685,37.4885349],[127.0200021,37.4884261]]}},{"type":"Feature","properties":{"name":"사임당로20길"},"geometry":{"type":"LineString","coordinates":[[127.0226146,37.4887516],[127.0225105,37.4889755]]}},{"type":"Feature","properties":{"name":"사임당로20길"},"geometry":{"type":"LineString","coordinates":[[127.0228279,37.4882923],[127.0226712,37.4886298]]}},{"type":"Feature","properties":{"name":"사임당로20길"},"geometry":{"type":"LineString","coordinates":[[127.0218143,37.4895131],[127.0216704,37.4895803],[127.0207815,37.489302],[127.0206127,37.4896577]]}},{"type":"Feature","properties":{"name":"효령로67길"},"geometry":{"type":"LineString","coordinates":[[127.0229479,37.4893711],[127.0230082,37.4893857],[127.0233793,37.4894746]]}},{"type":"Feature","properties":{"name":"효령로67길"},"geometry":{"type":"LineString","coordinates":[[127.0225955,37.4892784],[127.0227921,37.4893315]]}},{"type":"Feature","properties":{"name":"서리풀8길"},"geometry":{"type":"LineString","coordinates":[[127.0204845,37.4897049],[127.0200778,37.4895859]]}},{"type":"Feature","properties":{"name":"서리풀8길"},"geometry":{"type":"LineString","coordinates":[[127.0210676,37.4898754],[127.0206374,37.4897495]]}},{"type":"Feature","properties":{"name":"서리풀8길"},"geometry":{"type":"LineString","coordinates":[[127.022188,37.4900199],[127.0219539,37.4901186],[127.0219312,37.490128],[127.0212206,37.4899202]]}},{"type":"Feature","properties":{"name":"사임당로20길"},"geometry":{"type":"LineString","coordinates":[[127.0218037,37.4884955],[127.0218433,37.488502],[127.0221078,37.4885377],[127.022377,37.4885857],[127.0225558,37.4886476]]}},{"type":"Feature","properties":{"name":"서리풀3길"},"geometry":{"type":"LineString","coordinates":[[127.0202052,37.4878797],[127.0201943,37.4879528],[127.0200041,37.4883807]]}},{"type":"Feature","properties":{"name":"서리풀4길"},"geometry":{"type":"LineString","coordinates":[[127.0233357,37.4883673],[127.0237542,37.4884677]]}},{"type":"Feature","properties":{"name":"서리풀4길"},"geometry":{"type":"LineString","coordinates":[[127.0229232,37.4882375],[127.0231808,37.4883229]]}},{"type":"Feature","properties":{"name":"서리풀4길"},"geometry":{"type":"LineString","coordinates":[[127.0225794,37.4881234],[127.0227729,37.4881876]]}},{"type":"Feature","properties":{"name":"서리풀6길"},"geometry":{"type":"LineString","coordinates":[[127.02261,37.4903706],[127.0229782,37.4904667]]}},{"type":"Feature","properties":{"name":"서리풀6길"},"geometry":{"type":"LineString","coordinates":[[127.0223093,37.4900236],[127.022398,37.4901429],[127.0224565,37.4902218]]}},{"type":"Feature","properties":{"name":"서리풀6길"},"geometry":{"type":"LineString","coordinates":[[127.0219326,37.4895163],[127.0222263,37.4899119]]}},{"type":"Feature","properties":{"name":"서리풀6길"},"geometry":{"type":"LineString","coordinates":[[127.0215542,37.4890069],[127.0218496,37.4894046]]}},{"type":"Feature","properties":{"name":"서리풀6길"},"geometry":{"type":"LineString","coordinates":[[127.0214512,37.4889986],[127.0213168,37.4890292],[127.0208249,37.4888835],[127.020439,37.4887692]]}},{"type":"Feature","properties":{"name":"서리풀6길"},"geometry":{"type":"LineString","coordinates":[[127.0215878,37.4888297],[127.0215414,37.4889355]]}},{"type":"Feature","properties":{"name":"서리풀6길"},"geometry":{"type":"LineString","coordinates":[[127.0217069,37.4885584],[127.021658,37.4886697],[127.0216416,37.4887072]]}},{"type":"Feature","properties":{"name":"서리풀6길"},"geometry":{"type":"LineString","coordinates":[[127.0218272,37.4882844],[127.0217609,37.4884355]]}},{"type":"Feature","properties":{"name":"서초대로"},"geometry":{"type":"LineString","coordinates":[[127.020435,37.4958391],[127.0204132,37.4958919],[127.0202533,37.4962801]]}},{"type":"Feature","properties":{"name":"봉은사로4길"},"geometry":{"type":"LineString","coordinates":[[127.0274021,37.5029412],[127.0269406,37.5027964]]}},{"type":"Feature","properties":{"name":"주흥1길"},"geometry":{"type":"LineString","coordinates":[[127.0207496,37.5040614],[127.0193359,37.5036311]]}},{"type":"Feature","properties":{"name":"강남대로100길"},"geometry":{"type":"LineString","coordinates":[[127.0274414,37.5017088],[127.0272481,37.5017327],[127.0268635,37.5017536]]}},{"type":"Feature","properties":{"name":"강남대로106길"},"geometry":{"type":"LineString","coordinates":[[127.0261195,37.5028411],[127.0257059,37.5027163]]}},{"type":"Feature","properties":{"name":"강남대로106길"},"geometry":{"type":"LineString","coordinates":[[127.0266604,37.5030085],[127.0262372,37.5028772]]}},{"type":"Feature","properties":{"name":"강남대로106길"},"geometry":{"type":"LineString","coordinates":[[127.0269996,37.5031104],[127.0268134,37.503055]]}},{"type":"Feature","properties":{"name":"강남대로106길"},"geometry":{"type":"LineString","coordinates":[[127.0272713,37.5031925],[127.0271521,37.5031562]]}},{"type":"Feature","properties":{"name":"강남대로106길"},"geometry":{"type":"LineString","coordinates":[[127.0280515,37.5034138],[127.0278039,37.5033441],[127.0274265,37.5032379]]}},{"type":"Feature","properties":{"name":"강남대로83길"},"geometry":{"type":"LineString","coordinates":[[127.0212507,37.505275],[127.0203613,37.5056874]]}},{"type":"Feature","properties":{"name":"강남대로124길"},"geometry":{"type":"LineString","coordinates":[[127.025352,37.509314],[127.0251437,37.5092551]]}},{"type":"Feature","properties":{"name":"강남대로124길"},"geometry":{"type":"LineString","coordinates":[[127.0257814,37.5096926],[127.025479,37.5093916],[127.0254503,37.5093628]]}},{"type":"Feature","properties":{"name":"주흥길"},"geometry":{"type":"LineString","coordinates":[[127.0204359,37.5060555],[127.0201692,37.5062561],[127.0199932,37.5063875],[127.0200998,37.5065549],[127.0201198,37.5066198],[127.020118,37.5066844]]}},{"type":"Feature","properties":{"name":"강남대로130길"},"geometry":{"type":"LineString","coordinates":[[127.0224862,37.5108565],[127.0229528,37.5109998]]}},{"type":"Feature","properties":{"name":"강남대로130길"},"geometry":{"type":"LineString","coordinates":[[127.0217592,37.510625],[127.022334,37.5108088]]}},{"type":"Feature","properties":{"name":"사평대로57길"},"geometry":{"type":"LineString","coordinates":[[127.0221022,37.5074848],[127.0218829,37.5079552]]}},{"type":"Feature","properties":{"name":"사평대로57길"},"geometry":{"type":"LineString","coordinates":[[127.02257,37.5065023],[127.0225674,37.5065057],[127.0221598,37.5073624]]}},{"type":"Feature","properties":{"name":"강남대로85길"},"geometry":{"type":"LineString","coordinates":[[127.0220307,37.5074101],[127.021653,37.5073006],[127.0215203,37.5072623]]}},{"type":"Feature","properties":{"name":"강남대로85길"},"geometry":{"type":"LineString","coordinates":[[127.0226567,37.5075839],[127.0221857,37.5074539]]}},{"type":"Feature","properties":{"name":"강남대로83길"},"geometry":{"type":"LineString","coordinates":[[127.021007,37.5050357],[127.0203993,37.5053107],[127.0201681,37.5054139]]}},{"type":"Feature","properties":{"name":"강남대로89길"},"geometry":{"type":"LineString","coordinates":[[127.0204486,37.509154],[127.0198701,37.5089756]]}},{"type":"Feature","properties":{"name":"강남대로89길"},"geometry":{"type":"LineString","coordinates":[[127.0209859,37.5093176],[127.0206021,37.509201]]}},{"type":"Feature","properties":{"name":"강남대로89길"},"geometry":{"type":"LineString","coordinates":[[127.0218427,37.5095628],[127.021141,37.5093631]]}},{"type":"Feature","properties":{"name":"주흥6길"},"geometry":{"type":"LineString","coordinates":[[127.0210686,37.5056708],[127.0210249,37.5056883],[127.0205275,37.5059285]]}},{"type":"Feature","properties":{"name":"학동로8길"},"geometry":{"type":"LineString","coordinates":[[127.0240875,37.5117775],[127.0241689,37.5116051],[127.0242743,37.5113746],[127.0243156,37.5113132],[127.0244191,37.5111987],[127.0250195,37.5108242]]}},{"type":"Feature","properties":{"name":"사평대로57길"},"geometry":{"type":"LineString","coordinates":[[127.0210553,37.5093934],[127.0206358,37.5102256]]}},{"type":"Feature","properties":{"name":"사평대로57길"},"geometry":{"type":"LineString","coordinates":[[127.0213772,37.5087121],[127.0212675,37.5089629],[127.0211818,37.5091417],[127.0211166,37.5092715]]}},{"type":"Feature","properties":{"name":"논현로115길"},"geometry":{"type":"LineString","coordinates":[[127.0314092,37.5087368],[127.0312737,37.5088173],[127.0308905,37.5090447]]}},{"type":"Feature","properties":{"name":"학동로30길"},"geometry":{"type":"LineString","coordinates":[[127.0324878,37.5124361],[127.0322666,37.5129065]]}},{"type":"Feature","properties":{"name":"학동로30길"},"geometry":{"type":"LineString","coordinates":[[127.0327166,37.5119136],[127.0325437,37.5123123]]}},{"type":"Feature","properties":{"name":"학동로30길"},"geometry":{"type":"LineString","coordinates":[[127.0331245,37.511068],[127.0330014,37.5113201],[127.0328522,37.511636],[127.0327739,37.5117914]]}},{"type":"Feature","properties":{"name":"논현로114길"},"geometry":{"type":"LineString","coordinates":[[127.0350453,37.5084047],[127.0348551,37.5088057]]}},{"type":"Feature","properties":{"name":"논현로114길"},"geometry":{"type":"LineString","coordinates":[[127.0353478,37.5084933],[127.0351718,37.5088951]]}},{"type":"Feature","properties":{"name":"논현로111길"},"geometry":{"type":"LineString","coordinates":[[127.0326386,37.507614],[127.0335392,37.5078905],[127.0335516,37.5078942]]}},{"type":"Feature","properties":{"name":"봉은사로25길"},"geometry":{"type":"LineString","coordinates":[[127.0320674,37.5079812],[127.0322602,37.5080404]]}},{"type":"Feature","properties":{"name":"봉은사로25길"},"geometry":{"type":"LineString","coordinates":[[127.0317327,37.5078843],[127.0319152,37.5079362]]}},{"type":"Feature","properties":{"name":"봉은사로25길"},"geometry":{"type":"LineString","coordinates":[[127.0313841,37.5077766],[127.0315796,37.5078384]]}},{"type":"Feature","properties":{"name":"봉은사로25길"},"geometry":{"type":"LineString","coordinates":[[127.0310347,37.5076731],[127.0312323,37.5077306]]}},{"type":"Feature","properties":{"name":"논현로120길"},"geometry":{"type":"LineString","coordinates":[[127.0338159,37.5111084],[127.0335234,37.5110214],[127.0332102,37.5109232]]}},{"type":"Feature","properties":{"name":"봉은사로37길"},"geometry":{"type":"LineString","coordinates":[[127.0345528,37.5108568],[127.0341707,37.510742]]}},{"type":"Feature","properties":{"name":"봉은사로37길"},"geometry":{"type":"LineString","coordinates":[[127.0351107,37.5110179],[127.0347064,37.5109019]]}},{"type":"Feature","properties":{"name":"논현로118길"},"geometry":{"type":"LineString","coordinates":[[127.0342629,37.5101538],[127.0337052,37.5099932]]}},{"type":"Feature","properties":{"name":"논현로118길"},"geometry":{"type":"LineString","coordinates":[[127.0348142,37.5103157],[127.0344161,37.5101984]]}},{"type":"Feature","properties":{"name":"논현로118길"},"geometry":{"type":"LineString","coordinates":[[127.0354376,37.5104948],[127.0349682,37.5103605]]}},{"type":"Feature","properties":{"name":"언주로121길"},"geometry":{"type":"LineString","coordinates":[[127.0348429,37.5115579],[127.0339109,37.5112797]]}},{"type":"Feature","properties":{"name":"언주로121길"},"geometry":{"type":"LineString","coordinates":[[127.0356348,37.5117913],[127.0352765,37.5116852],[127.034996,37.5116032]]}},{"type":"Feature","properties":{"name":"논현로122길"},"geometry":{"type":"LineString","coordinates":[[127.0333861,37.512056],[127.033367,37.5120504],[127.0330586,37.511961],[127.0327973,37.5118834]]}},{"type":"Feature","properties":{"name":"논현로122길"},"geometry":{"type":"LineString","coordinates":[[127.0345559,37.5123881],[127.0335401,37.5121007]]}},{"type":"Feature","properties":{"name":"논현로126길"},"geometry":{"type":"LineString","coordinates":[[127.0326458,37.5131057],[127.0322907,37.5129983]]}},{"type":"Feature","properties":{"name":"논현로126길"},"geometry":{"type":"LineString","coordinates":[[127.0335842,37.5133895],[127.0333251,37.5133112],[127.0330333,37.5132225],[127.0327981,37.5131517]]}},{"type":"Feature","properties":{"name":"봉은사로37길"},"geometry":{"type":"LineString","coordinates":[[127.0358254,37.5085488],[127.0368437,37.5088477]]}},{"type":"Feature","properties":{"name":"봉은사로29길"},"geometry":{"type":"LineString","coordinates":[[127.0346811,37.5082966],[127.0346155,37.5084226],[127.0344724,37.5086973]]}},{"type":"Feature","properties":{"name":"봉은사로29길"},"geometry":{"type":"LineString","coordinates":[[127.0349519,37.5077089],[127.0347616,37.5081284],[127.0347396,37.5081766]]}},{"type":"Feature","properties":{"name":"봉은사로33길"},"geometry":{"type":"LineString","coordinates":[[127.0348847,37.510391],[127.0346816,37.5108102]]}},{"type":"Feature","properties":{"name":"봉은사로33길"},"geometry":{"type":"LineString","coordinates":[[127.0351146,37.5099019],[127.0349429,37.5102688]]}},{"type":"Feature","properties":{"name":"봉은사로33길"},"geometry":{"type":"LineString","coordinates":[[127.035489,37.5090981],[127.0353317,37.5094379],[127.0351733,37.5097766]]}},{"type":"Feature","properties":{"name":"봉은사로33길"},"geometry":{"type":"LineString","coordinates":[[127.0357297,37.5086061],[127.035534,37.5090038]]}},{"type":"Feature","properties":{"name":"봉은사로33길"},"geometry":{"type":"LineString","coordinates":[[127.0360019,37.508019],[127.0357878,37.5084839]]}},{"type":"Feature","properties":{"name":"논현로117길"},"geometry":{"type":"LineString","coordinates":[[127.0307514,37.5090281],[127.0303419,37.5085836]]}},{"type":"Feature","properties":{"name":"논현로117길"},"geometry":{"type":"LineString","coordinates":[[127.031026,37.5093265],[127.0308476,37.5091327]]}},{"type":"Feature","properties":{"name":"논현로117길"},"geometry":{"type":"LineString","coordinates":[[127.0317151,37.5097379],[127.0314304,37.5096509],[127.0312659,37.5095922],[127.0311003,37.5094082]]}},{"type":"Feature","properties":{"name":"논현로117길"},"geometry":{"type":"LineString","coordinates":[[127.0325141,37.5099752],[127.0318681,37.5097839]]}},{"type":"Feature","properties":{"name":"언주로99길"},"geometry":{"type":"LineString","coordinates":[[127.0404352,37.5058754],[127.0407993,37.5061054]]}},{"type":"Feature","properties":{"name":"언주로99길"},"geometry":{"type":"LineString","coordinates":[[127.0382593,37.5052169],[127.0390446,37.5054463],[127.0397218,37.5056433],[127.0400185,37.5057323],[127.0402771,37.5058068]]}},{"type":"Feature","properties":{"name":"테헤란로39길"},"geometry":{"type":"LineString","coordinates":[[127.0389174,37.507364],[127.0387758,37.5075092]]}},{"type":"Feature","properties":{"name":"테헤란로39길"},"geometry":{"type":"LineString","coordinates":[[127.0394607,37.506802],[127.039019,37.5072594]]}},{"type":"Feature","properties":{"name":"테헤란로39길"},"geometry":{"type":"LineString","coordinates":[[127.0398838,37.50637],[127.0395752,37.5066844]]}},{"type":"Feature","properties":{"name":"테헤란로39길"},"geometry":{"type":"LineString","coordinates":[[127.0403172,37.5059146],[127.0399857,37.5062645]]}},{"type":"Feature","properties":{"name":"논현로102길"},"geometry":{"type":"LineString","coordinates":[[127.0385035,37.5058567],[127.0387939,37.5059438],[127.0398458,37.5062617]]}},{"type":"Feature","properties":{"name":"논현로102길"},"geometry":{"type":"LineString","coordinates":[[127.0380317,37.5057172],[127.0383506,37.5058113]]}},{"type":"Feature","properties":{"name":"논현로102길"},"geometry":{"type":"LineString","coordinates":[[127.0365963,37.5051847],[127.0366069,37.5051915],[127.0367067,37.5052757],[127.0367766,37.5053294],[127.0370923,37.5054396],[127.0375244,37.5055684],[127.0378781,37.5056721]]}},{"type":"Feature","properties":{"name":"논현로102길"},"geometry":{"type":"LineString","coordinates":[[127.0360444,37.5050041],[127.0363469,37.5050896],[127.0364598,37.5051236]]}},{"type":"Feature","properties":{"name":"역삼로17길"},"geometry":{"type":"LineString","coordinates":[[127.0366328,37.4979659],[127.0364347,37.4983776],[127.0363129,37.4986398],[127.0366438,37.4990537]]}},{"type":"Feature","properties":{"name":"역삼로17길"},"geometry":{"type":"LineString","coordinates":[[127.0367841,37.4976436],[127.0366901,37.497845]]}},{"type":"Feature","properties":{"name":"논현로75길"},"geometry":{"type":"LineString","coordinates":[[127.0377074,37.496388],[127.0372994,37.4962634]]}},{"type":"Feature","properties":{"name":"논현로75길"},"geometry":{"type":"LineString","coordinates":[[127.0387479,37.4966942],[127.0378605,37.4964338]]}},{"type":"Feature","properties":{"name":"역삼로23길"},"geometry":{"type":"LineString","coordinates":[[127.0381841,37.4955975],[127.0380713,37.4958384],[127.0378356,37.4963418]]}},{"type":"Feature","properties":{"name":"논현로77길"},"geometry":{"type":"LineString","coordinates":[[127.0375737,37.4968579],[127.0385375,37.4971443]]}},{"type":"Feature","properties":{"name":"논현로75길"},"geometry":{"type":"LineString","coordinates":[[127.0364037,37.4964126],[127.037109,37.4962223]]}},{"type":"Feature","properties":{"name":"논현로75길"},"geometry":{"type":"LineString","coordinates":[[127.0357117,37.4965956],[127.0362489,37.4964539]]}},{"type":"Feature","properties":{"name":"논현로75길"},"geometry":{"type":"LineString","coordinates":[[127.0350482,37.4967686],[127.0355353,37.4966419]]}},{"type":"Feature","properties":{"name":"논현로81길"},"geometry":{"type":"LineString","coordinates":[[127.0367271,37.4979098],[127.0380101,37.4982948]]}},{"type":"Feature","properties":{"name":"논현로76길"},"geometry":{"type":"LineString","coordinates":[[127.0389814,37.4967334],[127.0397645,37.4969734]]}},{"type":"Feature","properties":{"name":"강남대로136길"},"geometry":{"type":"LineString","coordinates":[[127.0212684,37.5130204],[127.0209648,37.5129401],[127.0207582,37.5128951],[127.0207155,37.5128858]]}},{"type":"Feature","properties":{"name":"강남대로136길"},"geometry":{"type":"LineString","coordinates":[[127.0218277,37.5129288],[127.021419,37.5130447],[127.0214154,37.5130445]]}},{"type":"Feature","properties":{"name":"학동로4길"},"geometry":{"type":"LineString","coordinates":[[127.0230113,37.5111022],[127.0229842,37.5111603],[127.0228653,37.5114165]]}},{"type":"Feature","properties":{"name":"학동로4길"},"geometry":{"type":"LineString","coordinates":[[127.0234787,37.5101223],[127.0230684,37.510981]]}},{"type":"Feature","properties":{"name":"학동로4길"},"geometry":{"type":"LineString","coordinates":[[127.0237278,37.5096173],[127.0235377,37.5100012]]}},{"type":"Feature","properties":{"name":"학동로4길"},"geometry":{"type":"LineString","coordinates":[[127.0239734,37.5090693],[127.0237855,37.5094942]]}},{"type":"Feature","properties":{"name":"학동로17길"},"geometry":{"type":"LineString","coordinates":[[127.0262725,37.5133933],[127.0263987,37.5132512],[127.0266169,37.5130568],[127.0267537,37.5129121]]}},{"type":"Feature","properties":{"name":"학동로17길"},"geometry":{"type":"LineString","coordinates":[[127.0259713,37.5139749],[127.0262049,37.5134918]]}},{"type":"Feature","properties":{"name":"학동로11길"},"geometry":{"type":"LineString","coordinates":[[127.025936,37.5140105],[127.0253532,37.5138433],[127.0246404,37.5136248]]}},{"type":"Feature","properties":{"name":"강남대로91길"},"geometry":{"type":"LineString","coordinates":[[127.0199734,37.5120013],[127.0194704,37.5121465],[127.019112,37.5122326]]}},{"type":"Feature","properties":{"name":"강남대로91길"},"geometry":{"type":"LineString","coordinates":[[127.0205657,37.5121462],[127.0200813,37.5120043]]}},{"type":"Feature","properties":{"name":"봉은사로67길"},"geometry":{"type":"LineString","coordinates":[[127.048504,37.5125528],[127.0479733,37.5137021]]}},{"type":"Feature","properties":{"name":"봉은사로67길"},"geometry":{"type":"LineString","coordinates":[[127.049307,37.5120332],[127.0490744,37.5121877],[127.0486207,37.5124449]]}},{"type":"Feature","properties":{"name":"봉은사로64길"},"geometry":{"type":"LineString","coordinates":[[127.0480753,37.5106803],[127.0477899,37.5109733],[127.0475454,37.5112247]]}},{"type":"Feature","properties":{"name":"봉은사로59길"},"geometry":{"type":"LineString","coordinates":[[127.0453788,37.5139029],[127.0451536,37.5138326],[127.0448402,37.5137462]]}},{"type":"Feature","properties":{"name":"봉은사로57길"},"geometry":{"type":"LineString","coordinates":[[127.0448394,37.513746],[127.0445119,37.5136414],[127.0443179,37.5135854]]}},{"type":"Feature","properties":{"name":"학동로56길"},"geometry":{"type":"LineString","coordinates":[[127.0429297,37.5153344],[127.0434201,37.5139603]]}},{"type":"Feature","properties":{"name":"언주로126길"},"geometry":{"type":"LineString","coordinates":[[127.0378147,37.5139446],[127.0383788,37.5141089],[127.038219,37.5132129]]}},{"type":"Feature","properties":{"name":"언주로126길"},"geometry":{"type":"LineString","coordinates":[[127.0364828,37.513549],[127.0376342,37.5138914]]}},{"type":"Feature","properties":{"name":"언주로126길"},"geometry":{"type":"LineString","coordinates":[[127.035585,37.5132801],[127.0358119,37.5133506],[127.0362945,37.5134932]]}},{"type":"Feature","properties":{"name":"선릉로121길"},"geometry":{"type":"LineString","coordinates":[[127.0423921,37.5141604],[127.0418516,37.5140276],[127.0409472,37.5138056]]}},{"type":"Feature","properties":{"name":"학동로50길"},"geometry":{"type":"LineString","coordinates":[[127.0408801,37.5137066],[127.0410102,37.5133608]]}},{"type":"Feature","properties":{"name":"학동로50길"},"geometry":{"type":"LineString","coordinates":[[127.0407523,37.5140526],[127.0408337,37.5138312]]}},{"type":"Feature","properties":{"name":"봉은사로49길"},"geometry":{"type":"LineString","coordinates":[[127.0423837,37.5099222],[127.0421048,37.5105508]]}},{"type":"Feature","properties":{"name":"언주로114길"},"geometry":{"type":"LineString","coordinates":[[127.0385018,37.5099579],[127.0377009,37.5097287]]}},{"type":"Feature","properties":{"name":"언주로114길"},"geometry":{"type":"LineString","coordinates":[[127.0388823,37.5100689],[127.0386586,37.5100032]]}},{"type":"Feature","properties":{"name":"언주로114길"},"geometry":{"type":"LineString","coordinates":[[127.0395799,37.5102829],[127.0395389,37.5102661],[127.0390353,37.5101145]]}},{"type":"Feature","properties":{"name":"학동로44길"},"geometry":{"type":"LineString","coordinates":[[127.0375215,37.5131903],[127.0374571,37.5129272],[127.0373721,37.5126022],[127.0373016,37.5123328]]}},{"type":"Feature","properties":{"name":"학동로44길"},"geometry":{"type":"LineString","coordinates":[[127.0376915,37.5138522],[127.0375513,37.5133095]]}},{"type":"Feature","properties":{"name":"학동로44길"},"geometry":{"type":"LineString","coordinates":[[127.0371023,37.5158433],[127.0371049,37.5158036],[127.0371286,37.5154507],[127.0371558,37.5152405],[127.0371677,37.5151465],[127.0374325,37.5145701],[127.0376873,37.5139925]]}},{"type":"Feature","properties":{"name":"학동로42길"},"geometry":{"type":"LineString","coordinates":[[127.0362165,37.5155665],[127.0364992,37.5150256],[127.0364479,37.5149442],[127.0364182,37.5142673],[127.0363699,37.5136154]]}},{"type":"Feature","properties":{"name":""},"geometry":{"type":"LineString","coordinates":[[127.0379802,37.5121363],[127.0380714,37.5124705],[127.0381631,37.5128065],[127.0382337,37.5131067]]}},{"type":"Feature","properties":{"name":""},"geometry":{"type":"LineString","coordinates":[[127.0378732,37.5117829],[127.0378788,37.5118006],[127.0379011,37.5118718]]}},{"type":"Feature","properties":{"name":""},"geometry":{"type":"LineString","coordinates":[[127.0378903,37.5115734],[127.0378691,37.5116275],[127.0378601,37.5116487]]}},{"type":"Feature","properties":{"name":""},"geometry":{"type":"LineString","coordinates":[[127.037975,37.5113888],[127.0379429,37.5114539]]}},{"type":"Feature","properties":{"name":""},"geometry":{"type":"LineString","coordinates":[[127.0381312,37.5110531],[127.0380331,37.5112664]]}},{"type":"Feature","properties":{"name":"학동로42길"},"geometry":{"type":"LineString","coordinates":[[127.0375723,37.5121158],[127.0369551,37.5119254]]}},{"type":"Feature","properties":{"name":"학동로42길"},"geometry":{"type":"LineString","coordinates":[[127.037798,37.5119451],[127.0371067,37.51174]]}},{"type":"Feature","properties":{"name":"학동로42길"},"geometry":{"type":"LineString","coordinates":[[127.0377309,37.5117164],[127.0372524,37.5115547]]}},{"type":"Feature","properties":{"name":"학동로42길"},"geometry":{"type":"LineString","coordinates":[[127.0378136,37.5114983],[127.0374012,37.5113657]]}},{"type":"Feature","properties":{"name":"학동로42길"},"geometry":{"type":"LineString","coordinates":[[127.0379049,37.5113134],[127.0375449,37.5112072]]}},{"type":"Feature","properties":{"name":"학동로42길"},"geometry":{"type":"LineString","coordinates":[[127.0387465,37.5115538],[127.038059,37.5113582]]}},{"type":"Feature","properties":{"name":"봉은사로37길"},"geometry":{"type":"LineString","coordinates":[[127.0351773,37.5110946],[127.0351009,37.5112246],[127.0349709,37.5115109]]}},{"type":"Feature","properties":{"name":"봉은사로37길"},"geometry":{"type":"LineString","coordinates":[[127.0355024,37.5105721],[127.0352476,37.5109785]]}},{"type":"Feature","properties":{"name":"봉은사로37길"},"geometry":{"type":"LineString","coordinates":[[127.0357473,37.5101721],[127.035575,37.5104549]]}},{"type":"Feature","properties":{"name":"봉은사로37길"},"geometry":{"type":"LineString","coordinates":[[127.0364778,37.5094046],[127.0358364,37.5100598]]}},{"type":"Feature","properties":{"name":"논현로120길"},"geometry":{"type":"LineString","coordinates":[[127.0330803,37.5110388],[127.032461,37.5108512],[127.0323665,37.5108225]]}},{"type":"Feature","properties":{"name":"봉은사로29길"},"geometry":{"type":"LineString","coordinates":[[127.0336225,37.5100228],[127.0332132,37.5108778]]}},{"type":"Feature","properties":{"name":"봉은사로29길"},"geometry":{"type":"LineString","coordinates":[[127.0338532,37.5095334],[127.0336801,37.5099015]]}},{"type":"Feature","properties":{"name":"봉은사로29길"},"geometry":{"type":"LineString","coordinates":[[127.0342092,37.508731],[127.0340638,37.5090595],[127.0339083,37.5094105]]}},{"type":"Feature","properties":{"name":"언주로125길"},"geometry":{"type":"LineString","coordinates":[[127.0344551,37.5129758],[127.0340162,37.5128445]]}},{"type":"Feature","properties":{"name":"언주로125길"},"geometry":{"type":"LineString","coordinates":[[127.0352363,37.5132113],[127.0348427,37.5130928],[127.0345956,37.5130181]]}},{"type":"Feature","properties":{"name":"언주로115길"},"geometry":{"type":"LineString","coordinates":[[127.0356877,37.51009],[127.0355537,37.5100321],[127.0351958,37.5098777]]}},{"type":"Feature","properties":{"name":"언주로115길"},"geometry":{"type":"LineString","coordinates":[[127.0365772,37.5104311],[127.0358403,37.5101516]]}},{"type":"Feature","properties":{"name":"논현로116길"},"geometry":{"type":"LineString","coordinates":[[127.0337806,37.5094579],[127.0332153,37.5092882],[127.0331454,37.5092672]]}},{"type":"Feature","properties":{"name":"논현로116길"},"geometry":{"type":"LineString","coordinates":[[127.035045,37.5098235],[127.0339345,37.5095031]]}},{"type":"Feature","properties":{"name":"봉은사로29길"},"geometry":{"type":"LineString","coordinates":[[127.035441,37.5084359],[127.0356719,37.5085038]]}},{"type":"Feature","properties":{"name":"봉은사로29길"},"geometry":{"type":"LineString","coordinates":[[127.0351396,37.5083475],[127.0352882,37.508391]]}},{"type":"Feature","properties":{"name":"봉은사로29길"},"geometry":{"type":"LineString","coordinates":[[127.0347773,37.5082411],[127.0349868,37.5083026]]}},{"type":"Feature","properties":{"name":"학동로34길"},"geometry":{"type":"LineString","coordinates":[[127.0336545,37.513465],[127.0334042,37.5139832]]}},{"type":"Feature","properties":{"name":"학동로34길"},"geometry":{"type":"LineString","coordinates":[[127.0339346,37.5128739],[127.0337126,37.5133435]]}},{"type":"Feature","properties":{"name":"논현로128길"},"geometry":{"type":"LineString","coordinates":[[127.0325207,37.5137181],[127.033312,37.5139701],[127.0333468,37.5139811]]}},{"type":"Feature","properties":{"name":"논현로128길"},"geometry":{"type":"LineString","coordinates":[[127.0319985,37.5135673],[127.0323681,37.5136727]]}},{"type":"Feature","properties":{"name":"논현로128길"},"geometry":{"type":"LineString","coordinates":[[127.0311508,37.5132966],[127.0313191,37.5133507],[127.0318796,37.5135312]]}},{"type":"Feature","properties":{"name":""},"geometry":{"type":"LineString","coordinates":[[127.0338289,37.511309],[127.0337174,37.5115379],[127.0335705,37.5118573],[127.0335127,37.5120064]]}},{"type":"Feature","properties":{"name":"논현로118길"},"geometry":{"type":"LineString","coordinates":[[127.0340891,37.5107717],[127.0340212,37.510917],[127.0339448,37.5110638]]}},{"type":"Feature","properties":{"name":"논현로118길"},"geometry":{"type":"LineString","coordinates":[[127.034335,37.5102285],[127.0341448,37.5106498]]}},{"type":"Feature","properties":{"name":"학동로19길"},"geometry":{"type":"LineString","coordinates":[[127.0274862,37.5138479],[127.0270052,37.5148653]]}},{"type":"Feature","properties":{"name":"학동로23길"},"geometry":{"type":"LineString","coordinates":[[127.0282862,37.513996],[127.028553,37.5134507]]}},{"type":"Feature","properties":{"name":"봉은사로1길"},"geometry":{"type":"LineString","coordinates":[[127.0246231,37.5062116],[127.0245778,37.5063045]]}},{"type":"Feature","properties":{"name":"봉은사로1길"},"geometry":{"type":"LineString","coordinates":[[127.0248224,37.5058136],[127.0246829,37.5060907]]}},{"type":"Feature","properties":{"name":"봉은사로1길"},"geometry":{"type":"LineString","coordinates":[[127.025021,37.5053969],[127.0248809,37.5056935]]}},{"type":"Feature","properties":{"name":"봉은사로1길"},"geometry":{"type":"LineString","coordinates":[[127.0252927,37.5048201],[127.0250786,37.5052749]]}},{"type":"Feature","properties":{"name":"학동로6길"},"geometry":{"type":"LineString","coordinates":[[127.0263689,37.5093813],[127.026776,37.5091053],[127.026865,37.5089973],[127.026879,37.508975]]}},{"type":"Feature","properties":{"name":"학동로6길"},"geometry":{"type":"LineString","coordinates":[[127.0258989,37.5096827],[127.0262446,37.5094629]]}},{"type":"Feature","properties":{"name":"학동로6길"},"geometry":{"type":"LineString","coordinates":[[127.0253978,37.5099976],[127.0257712,37.5097634]]}},{"type":"Feature","properties":{"name":"학동로6길"},"geometry":{"type":"LineString","coordinates":[[127.0247637,37.5104015],[127.0252619,37.5100837]]}},{"type":"Feature","properties":{"name":"학동로6길"},"geometry":{"type":"LineString","coordinates":[[127.0235136,37.5116032],[127.0236631,37.5113333],[127.02375,37.5111791],[127.0239704,37.5109276],[127.0244238,37.5106261],[127.0246302,37.5104888]]}},{"type":"Feature","properties":{"name":"학동로28길"},"geometry":{"type":"LineString","coordinates":[[127.0308355,37.5117597],[127.0310548,37.5112659]]}},{"type":"Feature","properties":{"name":"학동로28길"},"geometry":{"type":"LineString","coordinates":[[127.0302751,37.5129767],[127.0305629,37.5123473],[127.0307787,37.5118843]]}},{"type":"Feature","properties":{"name":"봉은사로25길"},"geometry":{"type":"LineString","coordinates":[[127.0307757,37.5109209],[127.0306102,37.5110154],[127.0303309,37.5111649]]}},{"type":"Feature","properties":{"name":"봉은사로25길"},"geometry":{"type":"LineString","coordinates":[[127.031381,37.5105751],[127.0309084,37.5108453]]}},{"type":"Feature","properties":{"name":"봉은사로25길"},"geometry":{"type":"LineString","coordinates":[[127.0317867,37.5098136],[127.0314929,37.5104463]]}},{"type":"Feature","properties":{"name":"봉은사로25길"},"geometry":{"type":"LineString","coordinates":[[127.0321555,37.5090223],[127.0320193,37.5093145],[127.0318435,37.5096916]]}},{"type":"Feature","properties":{"name":"논현로119길"},"geometry":{"type":"LineString","coordinates":[[127.0292752,37.5080897],[127.0294685,37.5083033],[127.0298363,37.5087101]]}},{"type":"Feature","properties":{"name":"봉은사로21길"},"geometry":{"type":"LineString","coordinates":[[127.0286312,37.509498],[127.0283369,37.5096772],[127.0280191,37.509852]]}},{"type":"Feature","properties":{"name":"봉은사로21길"},"geometry":{"type":"LineString","coordinates":[[127.0291919,37.5091717],[127.0289668,37.5093019],[127.0289128,37.5093331],[127.0287628,37.5094199]]}},{"type":"Feature","properties":{"name":"봉은사로21길"},"geometry":{"type":"LineString","coordinates":[[127.0298132,37.5088207],[127.0295694,37.508958],[127.0293245,37.509096]]}},{"type":"Feature","properties":{"name":"봉은사로21길"},"geometry":{"type":"LineString","coordinates":[[127.0302541,37.5085722],[127.0299464,37.5087457]]}},{"type":"Feature","properties":{"name":"봉은사로21길"},"geometry":{"type":"LineString","coordinates":[[127.0305564,37.5083882],[127.030383,37.508496]]}},{"type":"Feature","properties":{"name":"논현로123길"},"geometry":{"type":"LineString","coordinates":[[127.0287103,37.5106519],[127.0281529,37.5101151],[127.0279777,37.5099394]]}},{"type":"Feature","properties":{"name":"논현로123길"},"geometry":{"type":"LineString","coordinates":[[127.0292816,37.5112242],[127.0290852,37.5110127],[127.0287943,37.5107327]]}},{"type":"Feature","properties":{"name":"논현로111길"},"geometry":{"type":"LineString","coordinates":[[127.0310975,37.5071833],[127.0295781,37.5067208]]}},{"type":"Feature","properties":{"name":"논현로111길"},"geometry":{"type":"LineString","coordinates":[[127.0314367,37.5072859],[127.0312505,37.5072297]]}},{"type":"Feature","properties":{"name":"논현로111길"},"geometry":{"type":"LineString","coordinates":[[127.0317716,37.5073862],[127.0315891,37.5073316]]}},{"type":"Feature","properties":{"name":"논현로111길"},"geometry":{"type":"LineString","coordinates":[[127.0321076,37.5074904],[127.031924,37.5074328]]}},{"type":"Feature","properties":{"name":"논현로111길"},"geometry":{"type":"LineString","coordinates":[[127.0324724,37.5075958],[127.0322597,37.5075356]]}},{"type":"Feature","properties":{"name":"논현로111길"},"geometry":{"type":"LineString","coordinates":[[127.0315078,37.5073613],[127.0313474,37.5077105]]}},{"type":"Feature","properties":{"name":"논현로111길"},"geometry":{"type":"LineString","coordinates":[[127.0318437,37.5074626],[127.0316943,37.5078178]]}},{"type":"Feature","properties":{"name":"논현로111길"},"geometry":{"type":"LineString","coordinates":[[127.0321792,37.5075665],[127.0320298,37.5079146]]}},{"type":"Feature","properties":{"name":"봉은사로11길"},"geometry":{"type":"LineString","coordinates":[[127.0284858,37.5069223],[127.0284216,37.5070689]]}},{"type":"Feature","properties":{"name":"봉은사로11길"},"geometry":{"type":"LineString","coordinates":[[127.0286816,37.5065031],[127.0285408,37.5068013]]}},{"type":"Feature","properties":{"name":"봉은사로11길"},"geometry":{"type":"LineString","coordinates":[[127.0289378,37.5059196],[127.0287376,37.5063797]]}},{"type":"Feature","properties":{"name":"강남대로114길"},"geometry":{"type":"LineString","coordinates":[[127.0284124,37.5068473],[127.0274014,37.506541]]}},{"type":"Feature","properties":{"name":"강남대로118길"},"geometry":{"type":"LineString","coordinates":[[127.0284723,37.5071119],[127.0294466,37.5068934]]}},{"type":"Feature","properties":{"name":"강남대로118길"},"geometry":{"type":"LineString","coordinates":[[127.0271949,37.5073631],[127.0282821,37.5071521]]}},{"type":"Feature","properties":{"name":"강남대로118길"},"geometry":{"type":"LineString","coordinates":[[127.0261633,37.5071143],[127.0270256,37.5073555]]}},{"type":"Feature","properties":{"name":"강남대로118길"},"geometry":{"type":"LineString","coordinates":[[127.0246131,37.5064351],[127.0248289,37.5066343],[127.0251625,37.5068038],[127.0260099,37.5070689]]}},{"type":"Feature","properties":{"name":"강남대로118길"},"geometry":{"type":"LineString","coordinates":[[127.0241378,37.5060348],[127.0244663,37.5063064]]}},{"type":"Feature","properties":{"name":"강남대로114길"},"geometry":{"type":"LineString","coordinates":[[127.0264862,37.5063258],[127.0263413,37.5066031]]}},{"type":"Feature","properties":{"name":"봉은사로1길"},"geometry":{"type":"LineString","coordinates":[[127.0241974,37.5071193],[127.0240196,37.5074967],[127.0239737,37.5076012]]}},{"type":"Feature","properties":{"name":"봉은사로1길"},"geometry":{"type":"LineString","coordinates":[[127.0245142,37.5064677],[127.0245098,37.5064817],[127.0242558,37.506998]]}},{"type":"Feature","properties":{"name":"강남대로79길"},"geometry":{"type":"LineString","coordinates":[[127.0231381,37.5050678],[127.0229193,37.5048688],[127.0227446,37.5046832]]}},{"type":"Feature","properties":{"name":"강남대로79길"},"geometry":{"type":"LineString","coordinates":[[127.0236685,37.5056032],[127.0232715,37.5051962]]}},{"type":"Feature","properties":{"name":"사평대로53길"},"geometry":{"type":"LineString","coordinates":[[127.0205888,37.5073588],[127.0206789,37.5071831]]}},{"type":"Feature","properties":{"name":"사평대로53길"},"geometry":{"type":"LineString","coordinates":[[127.0201783,37.5082171],[127.0203574,37.5078399],[127.0205207,37.507496]]}},{"type":"Feature","properties":{"name":"사평대로53길"},"geometry":{"type":"LineString","coordinates":[[127.0198386,37.5089205],[127.0199141,37.5087544],[127.0199605,37.5086514],[127.020108,37.5083608]]}},{"type":"Feature","properties":{"name":"주흥6길"},"geometry":{"type":"LineString","coordinates":[[127.0200312,37.5053878],[127.0197143,37.5049769],[127.0196811,37.5049343]]}},{"type":"Feature","properties":{"name":"주흥6길"},"geometry":{"type":"LineString","coordinates":[[127.0202253,37.5056573],[127.0201123,37.5054967]]}},{"type":"Feature","properties":{"name":"주흥6길"},"geometry":{"type":"LineString","coordinates":[[127.0203914,37.5059008],[127.0203032,37.5057712]]}},{"type":"Feature","properties":{"name":"주흥6길"},"geometry":{"type":"LineString","coordinates":[[127.0210907,37.5061872],[127.0209527,37.5061507],[127.0205428,37.5060422]]}},{"type":"Feature","properties":{"name":"주흥9길"},"geometry":{"type":"LineString","coordinates":[[127.0199417,37.5069866],[127.019667,37.5069154],[127.0193371,37.50683],[127.0192537,37.5068084],[127.0188278,37.5066972],[127.0186579,37.5066528],[127.018297,37.5065586],[127.0179271,37.5064763]]}},{"type":"Feature","properties":{"name":"사평대로57길"},"geometry":{"type":"LineString","coordinates":[[127.0218613,37.5080642],[127.0219071,37.5083098]]}},{"type":"Feature","properties":{"name":"사평대로55길"},"geometry":{"type":"LineString","coordinates":[[127.0214203,37.5075538],[127.0217692,37.5079657]]}},{"type":"Feature","properties":{"name":"사평대로57길"},"geometry":{"type":"LineString","coordinates":[[127.0218222,37.5084722],[127.0217892,37.5085368],[127.0214875,37.5086319],[127.0214595,37.508638]]}},{"type":"Feature","properties":{"name":"사평대로55길"},"geometry":{"type":"LineString","coordinates":[[127.023357,37.5045634],[127.0227896,37.5043946]]}},{"type":"Feature","properties":{"name":"봉은사로78길"},"geometry":{"type":"LineString","coordinates":[[127.053208,37.5113879],[127.0537696,37.5103744]]}},{"type":"Feature","properties":{"name":"봉은사로78길"},"geometry":{"type":"LineString","coordinates":[[127.0528528,37.512031],[127.0531419,37.5115074]]}},{"type":"Feature","properties":{"name":"봉은사로78길"},"geometry":{"type":"LineString","coordinates":[[127.0524988,37.5126831],[127.0527612,37.5121991],[127.0527878,37.5121499]]}},{"type":"Feature","properties":{"name":"테헤란로77길"},"geometry":{"type":"LineString","coordinates":[[127.0531095,37.5094039],[127.0529694,37.5095425],[127.0526844,37.5098213]]}},{"type":"Feature","properties":{"name":"테헤란로77길"},"geometry":{"type":"LineString","coordinates":[[127.0549434,37.5065557],[127.0547475,37.5068979],[127.0545408,37.5072459],[127.0542911,37.5077192]]}},{"type":"Feature","properties":{"name":"테헤란로77길"},"geometry":{"type":"LineString","coordinates":[[127.0533532,37.5091564],[127.0532837,37.5092243]]}},{"type":"Feature","properties":{"name":"테헤란로77길"},"geometry":{"type":"LineString","coordinates":[[127.0536372,37.5088734],[127.0534561,37.5090548]]}},{"type":"Feature","properties":{"name":"테헤란로77길"},"geometry":{"type":"LineString","coordinates":[[127.0542247,37.5078417],[127.0541333,37.5080057],[127.0537296,37.5087528]]}},{"type":"Feature","properties":{"name":"봉은사로51길"},"geometry":{"type":"LineString","coordinates":[[127.0422261,37.5122179],[127.0421235,37.5124725],[127.0418553,37.5131959],[127.0417667,37.5134349]]}},{"type":"Feature","properties":{"name":"봉은사로51길"},"geometry":{"type":"LineString","coordinates":[[127.0427453,37.5108386],[127.0424272,37.5116856],[127.042264,37.5121201]]}},{"type":"Feature","properties":{"name":"봉은사로51길"},"geometry":{"type":"LineString","coordinates":[[127.0429751,37.5100939],[127.0427085,37.5106825]]}},{"type":"Feature","properties":{"name":"언주로108길"},"geometry":{"type":"LineString","coordinates":[[127.0401451,37.5080237],[127.040421,37.508357]]}},{"type":"Feature","properties":{"name":"언주로108길"},"geometry":{"type":"LineString","coordinates":[[127.0396206,37.5078295],[127.040068,37.5079734]]}},{"type":"Feature","properties":{"name":"언주로108길"},"geometry":{"type":"LineString","coordinates":[[127.0405243,37.5084169],[127.040793,37.5084988],[127.0410867,37.5085845],[127.0413915,37.5086742],[127.0413984,37.5086762],[127.0415175,37.5087109]]}},{"type":"Feature","properties":{"name":"언주로98길"},"geometry":{"type":"LineString","coordinates":[[127.0444607,37.5047203],[127.0443997,37.5047317],[127.0441203,37.5047789]]}},{"type":"Feature","properties":{"name":"언주로98길"},"geometry":{"type":"LineString","coordinates":[[127.0451366,37.504591],[127.0450427,37.5046106],[127.0447191,37.5046717],[127.0446191,37.5046905]]}},{"type":"Feature","properties":{"name":"언주로98길"},"geometry":{"type":"LineString","coordinates":[[127.0439547,37.5048073],[127.0437921,37.5048355],[127.0436997,37.5048563],[127.0433565,37.5049164],[127.043147,37.5049565],[127.0430204,37.5049808],[127.0427028,37.5050425],[127.0425934,37.5050595],[127.0423273,37.50511],[127.041776,37.5052131]]}},{"type":"Feature","properties":{"name":"선릉로103길"},"geometry":{"type":"LineString","coordinates":[[127.044603,37.5067674],[127.0445518,37.5066225],[127.0443308,37.505853]]}},{"type":"Feature","properties":{"name":"선릉로103길"},"geometry":{"type":"LineString","coordinates":[[127.0448202,37.5070621],[127.044663,37.5068751]]}},{"type":"Feature","properties":{"name":"선릉로103길"},"geometry":{"type":"LineString","coordinates":[[127.0450813,37.5073351],[127.0449182,37.5071698]]}},{"type":"Feature","properties":{"name":"선릉로103길"},"geometry":{"type":"LineString","coordinates":[[127.0455913,37.5078471],[127.0453478,37.5075968],[127.0451618,37.5074152]]}},{"type":"Feature","properties":{"name":"봉은사로44길"},"geometry":{"type":"LineString","coordinates":[[127.0435115,37.5054555],[127.043623,37.5058681]]}},{"type":"Feature","properties":{"name":"논현로102길"},"geometry":{"type":"LineString","coordinates":[[127.0358784,37.5049866],[127.0352288,37.5047927],[127.0352056,37.5047857]]}},{"type":"Feature","properties":{"name":"논현로97길"},"geometry":{"type":"LineString","coordinates":[[127.0349412,37.503242],[127.0349882,37.5032626],[127.0355397,37.5034126],[127.0355842,37.5034247]]}},{"type":"Feature","properties":{"name":"논현로97길"},"geometry":{"type":"LineString","coordinates":[[127.0341467,37.5029911],[127.034489,37.5030948],[127.0347861,37.5031848]]}},{"type":"Feature","properties":{"name":"논현로97길"},"geometry":{"type":"LineString","coordinates":[[127.0337191,37.5028637],[127.0339944,37.5029455]]}},{"type":"Feature","properties":{"name":"논현로97길"},"geometry":{"type":"LineString","coordinates":[[127.0331946,37.5027037],[127.0335246,37.5028047],[127.033563,37.5028165]]}},{"type":"Feature","properties":{"name":"논현로97길"},"geometry":{"type":"LineString","coordinates":[[127.0321243,37.5025205],[127.0324267,37.5025837],[127.0330095,37.5026636]]}},{"type":"Feature","properties":{"name":"논현로106길"},"geometry":{"type":"LineString","coordinates":[[127.0346485,37.5061737],[127.0349779,37.506276],[127.0352335,37.5063492]]}},{"type":"Feature","properties":{"name":"봉은사로34길"},"geometry":{"type":"LineString","coordinates":[[127.0381786,37.5051443],[127.0383239,37.5046974]]}},{"type":"Feature","properties":{"name":"봉은사로34길"},"geometry":{"type":"LineString","coordinates":[[127.0379594,37.5056421],[127.0381317,37.5052642]]}},{"type":"Feature","properties":{"name":"봉은사로34길"},"geometry":{"type":"LineString","coordinates":[[127.0377327,37.5061532],[127.0379042,37.5057649]]}},{"type":"Feature","properties":{"name":"봉은사로34길"},"geometry":{"type":"LineString","coordinates":[[127.0372471,37.5066892],[127.0373515,37.5065685],[127.0376497,37.5062699]]}},{"type":"Feature","properties":{"name":"봉은사로34길"},"geometry":{"type":"LineString","coordinates":[[127.0367483,37.5072312],[127.0369884,37.5069671],[127.0371393,37.506808]]}},{"type":"Feature","properties":{"name":""},"geometry":{"type":"LineString","coordinates":[[127.0381868,37.5035019],[127.0384558,37.5035859],[127.0387467,37.5036797]]}},{"type":"Feature","properties":{"name":"테헤란로37길"},"geometry":{"type":"LineString","coordinates":[[127.0401804,37.5042175],[127.0397868,37.5050684]]}},{"type":"Feature","properties":{"name":"테헤란로37길"},"geometry":{"type":"LineString","coordinates":[[127.0404897,37.5035993],[127.0402409,37.5040926]]}},{"type":"Feature","properties":{"name":""},"geometry":{"type":"LineString","coordinates":[[127.0402799,37.5041545],[127.0403843,37.5041766]]}},{"type":"Feature","properties":{"name":""},"geometry":{"type":"LineString","coordinates":[[127.0388998,37.5037303],[127.039159,37.5038185],[127.0394975,37.5039259],[127.0398563,37.5040457],[127.0401196,37.5041162]]}},{"type":"Feature","properties":{"name":"논현로94길"},"geometry":{"type":"LineString","coordinates":[[127.0383961,37.5029148],[127.038276,37.5031685],[127.0381501,37.5034347]]}},{"type":"Feature","properties":{"name":"봉은사로38길"},"geometry":{"type":"LineString","coordinates":[[127.0378987,37.5070357],[127.037683,37.5074897]]}},{"type":"Feature","properties":{"name":"봉은사로38길"},"geometry":{"type":"LineString","coordinates":[[127.0381878,37.5064294],[127.0379566,37.5069141]]}},{"type":"Feature","properties":{"name":"봉은사로38길"},"geometry":{"type":"LineString","coordinates":[[127.0384104,37.505914],[127.0382437,37.5063059]]}},{"type":"Feature","properties":{"name":"봉은사로34길"},"geometry":{"type":"LineString","coordinates":[[127.0363633,37.5072635],[127.0360591,37.5078973]]}},{"type":"Feature","properties":{"name":"봉은사로38길"},"geometry":{"type":"LineString","coordinates":[[127.0376166,37.5076241],[127.0372874,37.5082606]]}},{"type":"Feature","properties":{"name":"테헤란로7길"},"geometry":{"type":"LineString","coordinates":[[127.030546,37.5001267],[127.0303941,37.5004359],[127.0300809,37.501036],[127.0298388,37.5015341],[127.0297913,37.501632],[127.0297267,37.5018345],[127.0297057,37.5020238],[127.0297878,37.5022033],[127.02985,37.5022947],[127.0299493,37.5024179],[127.0300394,37.5025272],[127.0301945,37.5026483],[127.0302523,37.5027102]]}},{"type":"Feature","properties":{"name":"테헤란로7길"},"geometry":{"type":"LineString","coordinates":[[127.0307613,37.4996137],[127.0306713,37.499807],[127.0305886,37.5000279]]}},{"type":"Feature","properties":{"name":"테헤란로7길"},"geometry":{"type":"LineString","coordinates":[[127.0309656,37.499187],[127.0309548,37.499208],[127.0308184,37.4994927]]}},{"type":"Feature","properties":{"name":"강남대로102길"},"geometry":{"type":"LineString","coordinates":[[127.0282523,37.503473],[127.0285962,37.5039025]]}},{"type":"Feature","properties":{"name":"강남대로102길"},"geometry":{"type":"LineString","coordinates":[[127.0276735,37.502807],[127.0281309,37.5033307]]}},{"type":"Feature","properties":{"name":"강남대로102길"},"geometry":{"type":"LineString","coordinates":[[127.0272174,37.5022835],[127.0275568,37.5026733]]}},{"type":"Feature","properties":{"name":"강남대로102길"},"geometry":{"type":"LineString","coordinates":[[127.026823,37.5018063],[127.0270055,37.5020344],[127.0271173,37.5021673]]}},{"type":"Feature","properties":{"name":"강남대로102길"},"geometry":{"type":"LineString","coordinates":[[127.0263959,37.501351],[127.0266803,37.5016431]]}},{"type":"Feature","properties":{"name":"강남대로110길"},"geometry":{"type":"LineString","coordinates":[[127.0291393,37.5036957],[127.028704,37.5039398]]}},{"type":"Feature","properties":{"name":"봉은사로24길"},"geometry":{"type":"LineString","coordinates":[[127.0323197,37.5067859],[127.0327444,37.505921]]}},{"type":"Feature","properties":{"name":"논현로97길"},"geometry":{"type":"LineString","coordinates":[[127.0319534,37.5025093],[127.0315573,37.5024001]]}},{"type":"Feature","properties":{"name":"봉은사로24길"},"geometry":{"type":"LineString","coordinates":[[127.032348,37.5019216],[127.0321743,37.502269],[127.0320843,37.5024585]]}},{"type":"Feature","properties":{"name":"봉은사로22길"},"geometry":{"type":"LineString","coordinates":[[127.0303135,37.5040387],[127.0301033,37.5037947],[127.0301596,37.5036445]]}},{"type":"Feature","properties":{"name":"봉은사로22길"},"geometry":{"type":"LineString","coordinates":[[127.0309434,37.5047736],[127.0307314,37.5045262],[127.0304054,37.5041457]]}},{"type":"Feature","properties":{"name":"봉은사로22길"},"geometry":{"type":"LineString","coordinates":[[127.0312442,37.5051508],[127.0310307,37.5048799]]}},{"type":"Feature","properties":{"name":"봉은사로22길"},"geometry":{"type":"LineString","coordinates":[[127.0298153,37.5032329],[127.0297428,37.5031497],[127.0292907,37.5026313]]}},{"type":"Feature","properties":{"name":"테헤란로19길"},"geometry":{"type":"LineString","coordinates":[[127.0334056,37.5011164],[127.0332185,37.5014995]]}},{"type":"Feature","properties":{"name":"테헤란로19길"},"geometry":{"type":"LineString","coordinates":[[127.0336098,37.5007002],[127.0334647,37.5009955]]}},{"type":"Feature","properties":{"name":"테헤란로19길"},"geometry":{"type":"LineString","coordinates":[[127.0338811,37.5000888],[127.0338748,37.5001032],[127.0336637,37.5005847]]}},{"type":"Feature","properties":{"name":"테헤란로19길"},"geometry":{"type":"LineString","coordinates":[[127.031864,37.501676],[127.0321644,37.5017767],[127.0322929,37.5018182]]}},{"type":"Feature","properties":{"name":"테헤란로13길"},"geometry":{"type":"LineString","coordinates":[[127.0309731,37.5013954],[127.0312103,37.5014718],[127.0317111,37.5016267]]}},{"type":"Feature","properties":{"name":"강남대로94길"},"geometry":{"type":"LineString","coordinates":[[127.0311475,37.5009727],[127.0309628,37.5013771]]}},{"type":"Feature","properties":{"name":"강남대로94길"},"geometry":{"type":"LineString","coordinates":[[127.0314211,37.5003739],[127.0312033,37.5008508]]}},{"type":"Feature","properties":{"name":"테헤란로25길"},"geometry":{"type":"LineString","coordinates":[[127.0346136,37.5037883],[127.0343261,37.5044287]]}},{"type":"Feature","properties":{"name":"테헤란로25길"},"geometry":{"type":"LineString","coordinates":[[127.0348428,37.5032916],[127.034669,37.5036669]]}},{"type":"Feature","properties":{"name":"테헤란로25길"},"geometry":{"type":"LineString","coordinates":[[127.0352422,37.5024377],[127.0351006,37.5027401],[127.0350758,37.5027931],[127.0349014,37.5031655]]}},{"type":"Feature","properties":{"name":"테헤란로25길"},"geometry":{"type":"LineString","coordinates":[[127.0354597,37.5019617],[127.0352986,37.5023156]]}},{"type":"Feature","properties":{"name":"봉은사로18길"},"geometry":{"type":"LineString","coordinates":[[127.0304638,37.5059553],[127.0306734,37.5055356]]}},{"type":"Feature","properties":{"name":""},"geometry":{"type":"LineString","coordinates":[[127.0334385,37.5066724],[127.0331274,37.5065731]]}},{"type":"Feature","properties":{"name":""},"geometry":{"type":"LineString","coordinates":[[127.0339812,37.5068431],[127.0335902,37.5067205]]}},{"type":"Feature","properties":{"name":"논현로105길"},"geometry":{"type":"LineString","coordinates":[[127.0338507,37.5060127],[127.0335673,37.5066268]]}},{"type":"Feature","properties":{"name":"선릉로64길"},"geometry":{"type":"LineString","coordinates":[[127.0541515,37.498171],[127.0546583,37.4983427],[127.0555811,37.4986445]]}},{"type":"Feature","properties":{"name":"도곡로63길"},"geometry":{"type":"LineString","coordinates":[[127.0540557,37.4982253],[127.0535407,37.499305]]}},{"type":"Feature","properties":{"name":"도곡로63길"},"geometry":{"type":"LineString","coordinates":[[127.0543255,37.4976633],[127.0541143,37.4981028]]}},{"type":"Feature","properties":{"name":"삼성로61길"},"geometry":{"type":"LineString","coordinates":[[127.0584923,37.4989753],[127.0584705,37.4989683],[127.057197,37.4985543],[127.0564218,37.4983047],[127.0560129,37.4981663]]}},{"type":"Feature","properties":{"name":"테헤란로70길"},"geometry":{"type":"LineString","coordinates":[[127.0530479,37.505516],[127.0532089,37.5052101],[127.0532358,37.5051592],[127.0532754,37.5050838],[127.0534746,37.5046881],[127.0537005,37.5043171]]}},{"type":"Feature","properties":{"name":"삼성로85길"},"geometry":{"type":"LineString","coordinates":[[127.0557393,37.5049182],[127.0544674,37.5045024],[127.0538216,37.5043]]}},{"type":"Feature","properties":{"name":"삼성로85길"},"geometry":{"type":"LineString","coordinates":[[127.0572548,37.505427],[127.0572128,37.5054129],[127.0558915,37.5049686]]}},{"type":"Feature","properties":{"name":"역삼로77길"},"geometry":{"type":"LineString","coordinates":[[127.0563806,37.5032048],[127.0562895,37.5036357],[127.0562204,37.5039543],[127.05616,37.5042115]]}},{"type":"Feature","properties":{"name":"역삼로77길"},"geometry":{"type":"LineString","coordinates":[[127.0566875,37.5025263],[127.0564235,37.5030765]]}},{"type":"Feature","properties":{"name":"역삼로63길"},"geometry":{"type":"LineString","coordinates":[[127.0523495,37.5018617],[127.0521455,37.5022948],[127.0520527,37.5024994],[127.0518798,37.5028386]]}},{"type":"Feature","properties":{"name":"역삼로63길"},"geometry":{"type":"LineString","coordinates":[[127.0526543,37.501211],[127.0523948,37.5017652]]}},{"type":"Feature","properties":{"name":"역삼로78길"},"geometry":{"type":"LineString","coordinates":[[127.056713,37.5023935],[127.0569663,37.5018733]]}},{"type":"Feature","properties":{"name":"역삼로52길"},"geometry":{"type":"LineString","coordinates":[[127.0476997,37.4994377],[127.0485269,37.4978279]]}},{"type":"Feature","properties":{"name":"선릉로69길"},"geometry":{"type":"LineString","coordinates":[[127.0507608,37.4984965],[127.0486434,37.4978109]]}},{"type":"Feature","properties":{"name":"선릉로69길"},"geometry":{"type":"LineString","coordinates":[[127.0516335,37.4987815],[127.051226,37.4986428],[127.0509126,37.4985448]]}},{"type":"Feature","properties":{"name":"선릉로63길"},"geometry":{"type":"LineString","coordinates":[[127.0513361,37.497287],[127.050686,37.4970844]]}},{"type":"Feature","properties":{"name":"선릉로63길"},"geometry":{"type":"LineString","coordinates":[[127.0522068,37.4975636],[127.0514877,37.4973347]]}},{"type":"Feature","properties":{"name":"언주로66길"},"geometry":{"type":"LineString","coordinates":[[127.0471083,37.4958931],[127.0465093,37.4956959],[127.0462529,37.4956288]]}},{"type":"Feature","properties":{"name":"언주로70길"},"geometry":{"type":"LineString","coordinates":[[127.0476137,37.4964735],[127.0472092,37.4972689]]}},{"type":"Feature","properties":{"name":"언주로65길"},"geometry":{"type":"LineString","coordinates":[[127.0450194,37.4952756],[127.0445269,37.4951358],[127.0441431,37.4950165],[127.0437765,37.4949039],[127.0432311,37.4947304]]}},{"type":"Feature","properties":{"name":"언주로65길"},"geometry":{"type":"LineString","coordinates":[[127.0459385,37.4955288],[127.0452073,37.4953283]]}},{"type":"Feature","properties":{"name":"논현로68길"},"geometry":{"type":"LineString","coordinates":[[127.0408812,37.4946785],[127.041841,37.4949566],[127.0428166,37.4952505]]}},{"type":"Feature","properties":{"name":"논현로68길"},"geometry":{"type":"LineString","coordinates":[[127.0400572,37.4944275],[127.0407284,37.494633]]}},{"type":"Feature","properties":{"name":"도곡로33길"},"geometry":{"type":"LineString","coordinates":[[127.0431498,37.4947593],[127.0429319,37.4952309]]}},{"type":"Feature","properties":{"name":"도곡로33길"},"geometry":{"type":"LineString","coordinates":[[127.0434585,37.4941021],[127.0432067,37.4946373]]}},{"type":"Feature","properties":{"name":"도곡로33길"},"geometry":{"type":"LineString","coordinates":[[127.0437421,37.4934953],[127.0435156,37.4939804]]}},{"type":"Feature","properties":{"name":"언주로79길"},"geometry":{"type":"LineString","coordinates":[[127.0426617,37.4991751],[127.0424445,37.4991093],[127.0420581,37.498992],[127.0416698,37.4988747],[127.0413317,37.498773]]}},{"type":"Feature","properties":{"name":"언주로79길"},"geometry":{"type":"LineString","coordinates":[[127.0431581,37.4993225],[127.0428344,37.4992268],[127.0428146,37.4992209]]}},{"type":"Feature","properties":{"name":"언주로79길"},"geometry":{"type":"LineString","coordinates":[[127.0440113,37.4995692],[127.0433108,37.4993671]]}},{"type":"Feature","properties":{"name":"테헤란로34길"},"geometry":{"type":"LineString","coordinates":[[127.0401843,37.5010196],[127.0400577,37.5012857],[127.0399514,37.5015127]]}},{"type":"Feature","properties":{"name":"테헤란로34길"},"geometry":{"type":"LineString","coordinates":[[127.0403795,37.5006486],[127.0402462,37.5008972]]}},{"type":"Feature","properties":{"name":"테헤란로34길"},"geometry":{"type":"LineString","coordinates":[[127.0408379,37.4996886],[127.0406187,37.5001335],[127.0404403,37.5005256]]}},{"type":"Feature","properties":{"name":"테헤란로34길"},"geometry":{"type":"LineString","coordinates":[[127.04125,37.4988024],[127.0409986,37.4993315],[127.0408953,37.4995656]]}},{"type":"Feature","properties":{"name":"언주로75길"},"geometry":{"type":"LineString","coordinates":[[127.0441911,37.499162],[127.0435757,37.4988645],[127.0430845,37.4986273]]}},{"type":"Feature","properties":{"name":"언주로75길"},"geometry":{"type":"LineString","coordinates":[[127.0429327,37.4985534],[127.0422111,37.4981998],[127.0417134,37.4979586]]}},{"type":"Feature","properties":{"name":"논현로76길"},"geometry":{"type":"LineString","coordinates":[[127.0406643,37.4974475],[127.0401593,37.4971919],[127.0398999,37.4970606]]}},{"type":"Feature","properties":{"name":"논현로76길"},"geometry":{"type":"LineString","coordinates":[[127.0415614,37.497884],[127.0411868,37.4976976],[127.0408034,37.4975156]]}},{"type":"Feature","properties":{"name":"논현로70길"},"geometry":{"type":"LineString","coordinates":[[127.0406146,37.4952774],[127.0415746,37.4955727],[127.0425304,37.4958576]]}},{"type":"Feature","properties":{"name":"논현로64길"},"geometry":{"type":"LineString","coordinates":[[127.0421871,37.4936255],[127.0424296,37.4937056],[127.0431247,37.4939169],[127.0434002,37.4939998]]}},{"type":"Feature","properties":{"name":"논현로64길"},"geometry":{"type":"LineString","coordinates":[[127.0413386,37.4937187],[127.0420406,37.4936103]]}},{"type":"Feature","properties":{"name":"논현로64길"},"geometry":{"type":"LineString","coordinates":[[127.0404899,37.4935243],[127.0411632,37.4937138]]}},{"type":"Feature","properties":{"name":"도곡로25길"},"geometry":{"type":"LineString","coordinates":[[127.041255,37.4936628],[127.0416228,37.4928506]]}},{"type":"Feature","properties":{"name":"도곡로25길"},"geometry":{"type":"LineString","coordinates":[[127.0410861,37.4940139],[127.0411883,37.4938054]]}},{"type":"Feature","properties":{"name":"도곡로25길"},"geometry":{"type":"LineString","coordinates":[[127.0408099,37.4946037],[127.0410279,37.4941359]]}},{"type":"Feature","properties":{"name":"도곡로25길"},"geometry":{"type":"LineString","coordinates":[[127.0405411,37.495202],[127.0407538,37.4947263]]}},{"type":"Feature","properties":{"name":"도곡로25길"},"geometry":{"type":"LineString","coordinates":[[127.0403914,37.4955376],[127.0404865,37.4953243]]}},{"type":"Feature","properties":{"name":"언주로67길"},"geometry":{"type":"LineString","coordinates":[[127.0456707,37.4961195],[127.044938,37.4959063]]}},{"type":"Feature","properties":{"name":"언주로81길"},"geometry":{"type":"LineString","coordinates":[[127.0399342,37.4993452],[127.0403513,37.4994672],[127.0407792,37.4995865]]}},{"type":"Feature","properties":{"name":"언주로81길"},"geometry":{"type":"LineString","coordinates":[[127.038955,37.4990538],[127.0393774,37.4991819],[127.0397809,37.4993003]]}},{"type":"Feature","properties":{"name":"테헤란로8길"},"geometry":{"type":"LineString","coordinates":[[127.0318677,37.4972888],[127.0319856,37.4970265],[127.032582,37.4957785]]}},{"type":"Feature","properties":{"name":"테헤란로8길"},"geometry":{"type":"LineString","coordinates":[[127.0310861,37.4988682],[127.031092,37.498856],[127.0311132,37.4988131],[127.0314953,37.4980362],[127.0318098,37.4974107]]}},{"type":"Feature","properties":{"name":"도곡로1길"},"geometry":{"type":"LineString","coordinates":[[127.032458,37.4904992],[127.0322262,37.4907287],[127.0317151,37.4918025]]}},{"type":"Feature","properties":{"name":"테헤란로2길"},"geometry":{"type":"LineString","coordinates":[[127.029412,37.4965499],[127.0298102,37.4957126],[127.0301356,37.4950374]]}},{"type":"Feature","properties":{"name":"테헤란로2길"},"geometry":{"type":"LineString","coordinates":[[127.0287753,37.4980517],[127.0288533,37.4978786],[127.0288081,37.4978111],[127.029354,37.4966717]]}},{"type":"Feature","properties":{"name":"테헤란로4길"},"geometry":{"type":"LineString","coordinates":[[127.030227,37.4967986],[127.0306121,37.4959607],[127.0309341,37.4952737]]}},{"type":"Feature","properties":{"name":"테헤란로4길"},"geometry":{"type":"LineString","coordinates":[[127.0294559,37.4983176],[127.0294619,37.4983055],[127.0296244,37.4979855],[127.0301682,37.4969201]]}},{"type":"Feature","properties":{"name":"역삼로3길"},"geometry":{"type":"LineString","coordinates":[[127.0309948,37.4951515],[127.0311286,37.4948961],[127.0311985,37.4947484],[127.0317286,37.4936323]]}},{"type":"Feature","properties":{"name":"역삼로4길"},"geometry":{"type":"LineString","coordinates":[[127.0317869,37.4935109],[127.0324409,37.4921614]]}},{"type":"Feature","properties":{"name":"역삼로12길"},"geometry":{"type":"LineString","coordinates":[[127.0343385,37.4942886],[127.0343546,37.4942531],[127.0345262,37.4938956],[127.0348737,37.4931728],[127.0349952,37.4929354]]}},{"type":"Feature","properties":{"name":"도곡로17길"},"geometry":{"type":"LineString","coordinates":[[127.0370565,37.4927214],[127.0367566,37.4933401]]}},{"type":"Feature","properties":{"name":"도곡로17길"},"geometry":{"type":"LineString","coordinates":[[127.0374006,37.4919833],[127.0371143,37.4925994]]}},{"type":"Feature","properties":{"name":"도곡로22길"},"geometry":{"type":"LineString","coordinates":[[127.0395977,37.4914393],[127.0394404,37.4917734],[127.0393941,37.491874]]}},{"type":"Feature","properties":{"name":"도곡로21길"},"geometry":{"type":"LineString","coordinates":[[127.0387398,37.4932322],[127.0384464,37.4938542]]}},{"type":"Feature","properties":{"name":"도곡로21길"},"geometry":{"type":"LineString","coordinates":[[127.0390804,37.4925241],[127.0387978,37.4931106]]}},{"type":"Feature","properties":{"name":"도곡로21길"},"geometry":{"type":"LineString","coordinates":[[127.0393364,37.491996],[127.0391531,37.4923736]]}},{"type":"Feature","properties":{"name":"역삼로15길"},"geometry":{"type":"LineString","coordinates":[[127.0355841,37.495216],[127.0356911,37.4951403]]}},{"type":"Feature","properties":{"name":"역삼로15길"},"geometry":{"type":"LineString","coordinates":[[127.0354561,37.4956992],[127.0355261,37.4953054]]}},{"type":"Feature","properties":{"name":"역삼로15길"},"geometry":{"type":"LineString","coordinates":[[127.0353783,37.4961359],[127.0354331,37.4958285]]}},{"type":"Feature","properties":{"name":"테헤란로22길"},"geometry":{"type":"LineString","coordinates":[[127.0350263,37.49945],[127.0354385,37.4985622]]}},{"type":"Feature","properties":{"name":"서초대로74길"},"geometry":{"type":"LineString","coordinates":[[127.0275308,37.4940586],[127.0278222,37.4934256],[127.0281984,37.4926084],[127.0282188,37.4925648]]}},{"type":"Feature","properties":{"name":"서운로19길"},"geometry":{"type":"LineString","coordinates":[[127.0234014,37.4948031],[127.0234998,37.4948307],[127.0240393,37.4949822],[127.0249366,37.4952343],[127.0249486,37.4952412]]}},{"type":"Feature","properties":{"name":"서운로19길"},"geometry":{"type":"LineString","coordinates":[[127.0227207,37.4945968],[127.0232481,37.4947582]]}},{"type":"Feature","properties":{"name":"도곡로2길"},"geometry":{"type":"LineString","coordinates":[[127.0337058,37.4883197],[127.03409,37.4878916],[127.0341838,37.4877859]]}},{"type":"Feature","properties":{"name":"도곡로2길"},"geometry":{"type":"LineString","coordinates":[[127.0332556,37.4888396],[127.0335955,37.4884449]]}},{"type":"Feature","properties":{"name":"도곡로2길"},"geometry":{"type":"LineString","coordinates":[[127.0329083,37.4892411],[127.0331622,37.4889478]]}},{"type":"Feature","properties":{"name":"남부순환로363길"},"geometry":{"type":"LineString","coordinates":[[127.0377252,37.487465],[127.0375106,37.4884885]]}},{"type":"Feature","properties":{"name":"강남대로58길"},"geometry":{"type":"LineString","coordinates":[[127.0354168,37.4900728],[127.0354345,37.4900752],[127.0369758,37.4905512]]}},{"type":"Feature","properties":{"name":"강남대로58길"},"geometry":{"type":"LineString","coordinates":[[127.0334298,37.4894897],[127.0342302,37.4897405],[127.034905,37.4899362],[127.035205,37.4900308],[127.035264,37.4900446]]}},{"type":"Feature","properties":{"name":"강남대로58길"},"geometry":{"type":"LineString","coordinates":[[127.0329608,37.4893235],[127.0332586,37.489432]]}},{"type":"Feature","properties":{"name":"강남대로58길"},"geometry":{"type":"LineString","coordinates":[[127.0320374,37.4890325],[127.0320992,37.4890501],[127.0328107,37.4892724]]}},{"type":"Feature","properties":{"name":"언주로57길"},"geometry":{"type":"LineString","coordinates":[[127.0455026,37.4931636],[127.046842,37.4935646]]}},{"type":"Feature","properties":{"name":"언주로57길"},"geometry":{"type":"LineString","coordinates":[[127.0440957,37.4927376],[127.0453505,37.4931178]]}},{"type":"Feature","properties":{"name":"논현로58길"},"geometry":{"type":"LineString","coordinates":[[127.0428038,37.4923354],[127.0440927,37.4927368]]}},{"type":"Feature","properties":{"name":"논현로58길"},"geometry":{"type":"LineString","coordinates":[[127.0412734,37.491871],[127.0416794,37.4919814],[127.0417464,37.4920024],[127.0426525,37.492288]]}},{"type":"Feature","properties":{"name":"도곡로28길"},"geometry":{"type":"LineString","coordinates":[[127.042709,37.4923912],[127.042528,37.4927739]]}},{"type":"Feature","properties":{"name":"도곡로38길"},"geometry":{"type":"LineString","coordinates":[[127.0454089,37.4932204],[127.0453869,37.4932695],[127.0452268,37.4935966]]}},{"type":"Feature","properties":{"name":"남부순환로397길"},"geometry":{"type":"LineString","coordinates":[[127.0569769,37.4925471],[127.0573432,37.4927329]]}},{"type":"Feature","properties":{"name":"서초대로74길"},"geometry":{"type":"LineString","coordinates":[[127.0220206,37.491376],[127.0217242,37.4912933]]}},{"type":"Feature","properties":{"name":"사임당로20길"},"geometry":{"type":"LineString","coordinates":[[127.0219364,37.4894222],[127.0223621,37.4892208]]}},{"type":"Feature","properties":{"name":"선릉로85길"},"geometry":{"type":"LineString","coordinates":[[127.048705,37.5026604],[127.0475445,37.5022896]]}},{"type":"Feature","properties":{"name":"도곡로"},"geometry":{"type":"LineString","coordinates":[[127.056399,37.497428],[127.0566382,37.4975047],[127.0571564,37.4976712],[127.0580254,37.4979503]]}},{"type":"Feature","properties":{"name":"도곡로"},"geometry":{"type":"LineString","coordinates":[[127.0547821,37.4969051],[127.0562476,37.4973791]]}},{"type":"Feature","properties":{"name":"도곡로"},"geometry":{"type":"LineString","coordinates":[[127.0529736,37.4963336],[127.0546302,37.4968564]]}},{"type":"Feature","properties":{"name":"봉은사로81길"},"geometry":{"type":"LineString","coordinates":[[127.0538399,37.5138434],[127.0541257,37.5132701]]}},{"type":"Feature","properties":{"name":"봉은사로81길"},"geometry":{"type":"LineString","coordinates":[[127.0532904,37.5148606],[127.0537779,37.5139628]]}},{"type":"Feature","properties":{"name":""},"geometry":{"type":"LineString","coordinates":[[127.0539136,37.513915],[127.0545941,37.5140394],[127.0546467,37.5140091],[127.0548697,37.5133861]]}},{"type":"Feature","properties":{"name":"봉은사로71길"},"geometry":{"type":"LineString","coordinates":[[127.0500069,37.5128292],[127.0501348,37.5125572],[127.0502636,37.5122835]]}},{"type":"Feature","properties":{"name":"봉은사로71길"},"geometry":{"type":"LineString","coordinates":[[127.0496887,37.5134901],[127.0497619,37.513346],[127.0499492,37.5129511]]}},{"type":"Feature","properties":{"name":"봉은사로71길"},"geometry":{"type":"LineString","coordinates":[[127.0493723,37.514169],[127.0496196,37.5136514],[127.0496331,37.5136162]]}},{"type":"Feature","properties":{"name":"봉은사로69길"},"geometry":{"type":"LineString","coordinates":[[127.0486733,37.5138953],[127.0489651,37.513261],[127.0490167,37.5131491],[127.0492069,37.5127365]]}},{"type":"Feature","properties":{"name":"봉은사로69길"},"geometry":{"type":"LineString","coordinates":[[127.0480207,37.5152731],[127.048554,37.5141474],[127.048616,37.5140175]]}},{"type":"Feature","properties":{"name":"봉은사로55길"},"geometry":{"type":"LineString","coordinates":[[127.0441943,37.5135505],[127.0437242,37.5134207]]}},{"type":"Feature","properties":{"name":"봉은사로61길"},"geometry":{"type":"LineString","coordinates":[[127.0458347,37.5130935],[127.0461092,37.5124791],[127.0463717,37.5119118]]}},{"type":"Feature","properties":{"name":"봉은사로61길"},"geometry":{"type":"LineString","coordinates":[[127.0454738,37.5138472],[127.0457907,37.5131885]]}},{"type":"Feature","properties":{"name":"봉은사로61길"},"geometry":{"type":"LineString","coordinates":[[127.0453628,37.5140947],[127.045418,37.5139687]]}},{"type":"Feature","properties":{"name":"봉은사로55길"},"geometry":{"type":"LineString","coordinates":[[127.0439474,37.5125251],[127.0443329,37.5114812],[127.0443855,37.5113384]]}},{"type":"Feature","properties":{"name":"봉은사로55길"},"geometry":{"type":"LineString","coordinates":[[127.0436582,37.5133201],[127.0437582,37.5130618],[127.0439027,37.5126496]]}},{"type":"Feature","properties":{"name":"봉은사로55길"},"geometry":{"type":"LineString","coordinates":[[127.0434664,37.5138338],[127.0435175,37.5136979],[127.0435648,37.5135643],[127.0436105,37.5134444]]}},{"type":"Feature","properties":{"name":"봉은사로73길"},"geometry":{"type":"LineString","coordinates":[[127.0507288,37.5130397],[127.0508641,37.5127704],[127.0510024,37.5124953]]}},{"type":"Feature","properties":{"name":"봉은사로73길"},"geometry":{"type":"LineString","coordinates":[[127.0504028,37.5137214],[127.0504831,37.5135532],[127.0506699,37.5131604]]}},{"type":"Feature","properties":{"name":"봉은사로73길"},"geometry":{"type":"LineString","coordinates":[[127.0500888,37.514379],[127.0501442,37.5142628],[127.0503449,37.5138427]]}},{"type":"Feature","properties":{"name":"봉은사로63길"},"geometry":{"type":"LineString","coordinates":[[127.0470893,37.5119806],[127.0473543,37.5114327]]}},{"type":"Feature","properties":{"name":"봉은사로63길"},"geometry":{"type":"LineString","coordinates":[[127.0464815,37.5132834],[127.0470315,37.5121024]]}},{"type":"Feature","properties":{"name":"봉은사로63길"},"geometry":{"type":"LineString","coordinates":[[127.0458659,37.5146261],[127.0464376,37.5133784]]}},{"type":"Feature","properties":{"name":"선릉로112길"},"geometry":{"type":"LineString","coordinates":[[127.0500782,37.512904],[127.050645,37.5130686]]}},{"type":"Feature","properties":{"name":"선릉로112길"},"geometry":{"type":"LineString","coordinates":[[127.0493349,37.5126883],[127.0499245,37.5128593]]}},{"type":"Feature","properties":{"name":"선릉로112길"},"geometry":{"type":"LineString","coordinates":[[127.0452477,37.5115031],[127.0454753,37.5115708],[127.0456354,37.5116158],[127.0458194,37.5116665],[127.0463464,37.51182]]}},{"type":"Feature","properties":{"name":"선릉로112길"},"geometry":{"type":"LineString","coordinates":[[127.0445115,37.5112878],[127.0450944,37.5114579]]}},{"type":"Feature","properties":{"name":"선릉로112길"},"geometry":{"type":"LineString","coordinates":[[127.0436656,37.5110437],[127.0442952,37.5112271],[127.0443569,37.5112441]]}},{"type":"Feature","properties":{"name":"선릉로112길"},"geometry":{"type":"LineString","coordinates":[[127.0486317,37.5125024],[127.0491794,37.5126454]]}},{"type":"Feature","properties":{"name":"선릉로112길"},"geometry":{"type":"LineString","coordinates":[[127.0478807,37.5122819],[127.0484453,37.5124509]]}},{"type":"Feature","properties":{"name":"선릉로112길"},"geometry":{"type":"LineString","coordinates":[[127.0471599,37.5120565],[127.0477318,37.5122348]]}},{"type":"Feature","properties":{"name":"선릉로112길"},"geometry":{"type":"LineString","coordinates":[[127.0464994,37.5118644],[127.0470063,37.5120105]]}},{"type":"Feature","properties":{"name":"삼성로111길"},"geometry":{"type":"LineString","coordinates":[[127.052255,37.5128785],[127.0527678,37.5138262],[127.0527723,37.5138347]]}},{"type":"Feature","properties":{"name":"강남대로122길"},"geometry":{"type":"LineString","coordinates":[[127.026217,37.5087516],[127.0261659,37.5088431],[127.0254799,37.5092765]]}},{"type":"Feature","properties":{"name":"언주로30길"},"geometry":{"type":"LineString","coordinates":[[127.0552885,37.4894356],[127.0538896,37.4887872]]}},{"type":"Feature","properties":{"name":""},"geometry":{"type":"LineString","coordinates":[[127.0534307,37.4892497],[127.0537712,37.4887912]]}},{"type":"Feature","properties":{"name":""},"geometry":{"type":"LineString","coordinates":[[127.0207986,37.492269],[127.0202026,37.4924538]]}},{"type":"Feature","properties":{"name":""},"geometry":{"type":"LineString","coordinates":[[127.0207294,37.4921193],[127.0205178,37.4921871],[127.0204857,37.4921148],[127.0201025,37.4922385]]}},{"type":"Feature","properties":{"name":"양재천로"},"geometry":{"type":"LineString","coordinates":[[127.071006,37.4940392],[127.0709721,37.4940066],[127.0707357,37.4937789],[127.0701056,37.4930888],[127.0696363,37.4926196],[127.0693274,37.4923604],[127.0687782,37.491971],[127.0684149,37.4917294],[127.068332,37.4916774],[127.0680503,37.4915222],[127.0677785,37.4913986],[127.0673123,37.491213],[127.0667937,37.4910337],[127.0663752,37.4909339],[127.0657842,37.49082],[127.0655458,37.490774],[127.0652728,37.4907219],[127.0651129,37.4906922],[127.0646459,37.4906041],[127.064086,37.4905041],[127.0640524,37.4904982],[127.0635796,37.4904234],[127.0628966,37.4903142],[127.0618356,37.4901657],[127.0605848,37.4899566],[127.0596851,37.4897664],[127.0591046,37.4896221],[127.0584458,37.4894179],[127.0582121,37.489333],[127.0575815,37.4890728],[127.0572305,37.4889224],[127.0571197,37.4888619]]}},{"type":"Feature","properties":{"name":"봉은사로57길"},"geometry":{"type":"LineString","coordinates":[[127.0455858,37.5109268],[127.0453859,37.511188],[127.0452171,37.5114384]]}},{"type":"Feature","properties":{"name":""},"geometry":{"type":"LineString","coordinates":[[127.0475954,37.5141972],[127.0478221,37.5137584]]}},{"type":"Feature","properties":{"name":""},"geometry":{"type":"LineString","coordinates":[[127.0477871,37.5123388],[127.0477097,37.5125117]]}},{"type":"Feature","properties":{"name":"선릉로"},"geometry":{"type":"LineString","coordinates":[[127.0554206,37.4907152],[127.0554323,37.4906787],[127.0557018,37.4898381]]}},{"type":"Feature","properties":{"name":"서초대로65길"},"geometry":{"type":"LineString","coordinates":[[127.0204485,37.4975128],[127.0202822,37.4980188],[127.0202761,37.4980336],[127.0199858,37.4987442],[127.0197858,37.4992335],[127.0193829,37.500219]]}},{"type":"Feature","properties":{"name":"서초대로65길"},"geometry":{"type":"LineString","coordinates":[[127.0204984,37.4973847],[127.020497,37.4973879]]}},{"type":"Feature","properties":{"name":"서초대로65길"},"geometry":{"type":"LineString","coordinates":[[127.0207633,37.4967613],[127.020659,37.4970429],[127.0205575,37.4972535]]}},{"type":"Feature","properties":{"name":"강남대로62길"},"geometry":{"type":"LineString","coordinates":[[127.032409,37.490417],[127.0316515,37.4901708],[127.0315586,37.4901411]]}},{"type":"Feature","properties":{"name":"강남대로62길"},"geometry":{"type":"LineString","coordinates":[[127.0330974,37.4906247],[127.0325633,37.4904654]]}},{"type":"Feature","properties":{"name":"강남대로62길"},"geometry":{"type":"LineString","coordinates":[[127.0347425,37.4911195],[127.0345095,37.4910514],[127.034162,37.4909433],[127.0339815,37.4908868],[127.0332504,37.4906702]]}},{"type":"Feature","properties":{"name":"강남대로66길"},"geometry":{"type":"LineString","coordinates":[[127.0315869,37.4918486],[127.0309253,37.4916501],[127.0308638,37.4916316]]}},{"type":"Feature","properties":{"name":"강남대로66길"},"geometry":{"type":"LineString","coordinates":[[127.0324041,37.4920962],[127.0317389,37.4918944]]}},{"type":"Feature","properties":{"name":"역삼로"},"geometry":{"type":"LineString","coordinates":[[127.0308896,37.4933284],[127.0303703,37.4931627],[127.0301458,37.4930912]]}},{"type":"Feature","properties":{"name":"역삼로"},"geometry":{"type":"LineString","coordinates":[[127.0316916,37.4935672],[127.0310404,37.4933747]]}},{"type":"Feature","properties":{"name":"역삼로"},"geometry":{"type":"LineString","coordinates":[[127.0325041,37.4938208],[127.0318441,37.4936137]]}},{"type":"Feature","properties":{"name":"역삼로"},"geometry":{"type":"LineString","coordinates":[[127.033325,37.494072],[127.0330723,37.4939912],[127.0326552,37.4938671]]}},{"type":"Feature","properties":{"name":"서초대로74길"},"geometry":{"type":"LineString","coordinates":[[127.0259472,37.4972539],[127.0261942,37.4967615],[127.026289,37.4965628],[127.0264261,37.4962918],[127.0264409,37.4962596],[127.0266068,37.4958828]]}},{"type":"Feature","properties":{"name":"강남대로55길"},"geometry":{"type":"LineString","coordinates":[[127.026829,37.495801],[127.0272463,37.495929],[127.0273237,37.4959507],[127.0277197,37.4960621],[127.028135,37.4961889]]}},{"type":"Feature","properties":{"name":"강남대로55길"},"geometry":{"type":"LineString","coordinates":[[127.0251083,37.4952787],[127.0256015,37.4954288],[127.0258387,37.495501],[127.0259118,37.4955232],[127.0259873,37.495546],[127.0266086,37.4957339]]}},{"type":"Feature","properties":{"name":"강남대로53길"},"geometry":{"type":"LineString","coordinates":[[127.0274088,37.4941697],[127.0266342,37.4939506],[127.0259866,37.4937579],[127.0258605,37.4937203],[127.025839,37.4937139]]}},{"type":"Feature","properties":{"name":"강남대로53길"},"geometry":{"type":"LineString","coordinates":[[127.0288714,37.4946279],[127.0284585,37.494491],[127.0279998,37.4943405],[127.0275654,37.4942145]]}},{"type":"Feature","properties":{"name":"서초대로74길"},"geometry":{"type":"LineString","coordinates":[[127.0267216,37.4957139],[127.026786,37.4955751],[127.0270424,37.4950231],[127.0270974,37.4949044],[127.027342,37.4944324],[127.0274449,37.4942341]]}},{"type":"Feature","properties":{"name":"강남대로61길"},"geometry":{"type":"LineString","coordinates":[[127.0252885,37.4989829],[127.0257133,37.499116],[127.0260844,37.4992321],[127.0266036,37.4993998]]}},{"type":"Feature","properties":{"name":"서운로"},"geometry":{"type":"LineString","coordinates":[[127.0235061,37.498416],[127.0235072,37.4984138],[127.0239375,37.4974959],[127.0240948,37.4971687],[127.0241203,37.4971223],[127.0241419,37.4970782],[127.0241635,37.4970341]]}},{"type":"Feature","properties":{"name":"서운로"},"geometry":{"type":"LineString","coordinates":[[127.0211422,37.5033525],[127.0211563,37.503321],[127.0212301,37.503157],[127.0213575,37.5028733],[127.0215208,37.5025484],[127.0216435,37.5022966],[127.0217056,37.5021692],[127.0217616,37.5020539],[127.0218009,37.5019729],[127.0219033,37.5017633],[127.0219397,37.5016745],[127.0221109,37.5012568],[127.0222236,37.5010246],[127.0222568,37.5009559],[127.0222978,37.5008714],[127.0223135,37.500839],[127.0224073,37.5006457],[127.0224666,37.5005233],[127.0225725,37.5003052],[127.0227105,37.5000206],[127.0227302,37.49998],[127.0227875,37.499862],[127.0228596,37.4997134],[127.0234339,37.4985643]]}},{"type":"Feature","properties":{"name":"봉은사로"},"geometry":{"type":"LineString","coordinates":[[127.0563816,37.5135462],[127.0564335,37.5135541],[127.0579799,37.5138112],[127.0580993,37.5138325],[127.0583443,37.5138739],[127.0584223,37.5138875],[127.0589113,37.5139847],[127.0596054,37.5141097],[127.0598263,37.514147],[127.0601083,37.5142092]]}},{"type":"Feature","properties":{"name":"봉은사로"},"geometry":{"type":"LineString","coordinates":[[127.0553725,37.5133904],[127.0562197,37.5135215]]}},{"type":"Feature","properties":{"name":"봉은사로"},"geometry":{"type":"LineString","coordinates":[[127.0549917,37.5133249],[127.0552472,37.5133699]]}},{"type":"Feature","properties":{"name":"봉은사로"},"geometry":{"type":"LineString","coordinates":[[127.054457,37.5132385],[127.054831,37.5132981]]}},{"type":"Feature","properties":{"name":"봉은사로"},"geometry":{"type":"LineString","coordinates":[[127.0534708,37.5130559],[127.0540949,37.5131806]]}},{"type":"Feature","properties":{"name":"봉은사로"},"geometry":{"type":"LineString","coordinates":[[127.0430686,37.5100367],[127.0433112,37.5101075],[127.0437957,37.5102416]]}},{"type":"Feature","properties":{"name":"봉은사로"},"geometry":{"type":"LineString","coordinates":[[127.0386606,37.5087495],[127.03885,37.5088058]]}},{"type":"Feature","properties":{"name":"봉은사로"},"geometry":{"type":"LineString","coordinates":[[127.0380599,37.5085612],[127.0382946,37.508636]]}},{"type":"Feature","properties":{"name":"봉은사로"},"geometry":{"type":"LineString","coordinates":[[127.0373221,37.5083263],[127.0379734,37.5085337]]}},{"type":"Feature","properties":{"name":"봉은사로"},"geometry":{"type":"LineString","coordinates":[[127.036096,37.5079621],[127.0371571,37.5082756],[127.0371674,37.5082786]]}},{"type":"Feature","properties":{"name":"봉은사로"},"geometry":{"type":"LineString","coordinates":[[127.0350456,37.5076519],[127.035943,37.507917]]}},{"type":"Feature","properties":{"name":"봉은사로"},"geometry":{"type":"LineString","coordinates":[[127.0341071,37.5073752],[127.034185,37.5073975],[127.0348927,37.5076067]]}},{"type":"Feature","properties":{"name":"봉은사로"},"geometry":{"type":"LineString","coordinates":[[127.0329065,37.5070235],[127.0337421,37.5072672],[127.0337842,37.50728]]}},{"type":"Feature","properties":{"name":"봉은사로"},"geometry":{"type":"LineString","coordinates":[[127.032389,37.5068617],[127.0327539,37.5069772]]}},{"type":"Feature","properties":{"name":"봉은사로"},"geometry":{"type":"LineString","coordinates":[[127.0315573,37.5066088],[127.0322379,37.5068149]]}},{"type":"Feature","properties":{"name":"봉은사로"},"geometry":{"type":"LineString","coordinates":[[127.0424767,37.5098645],[127.042919,37.5099908]]}},{"type":"Feature","properties":{"name":"봉은사로"},"geometry":{"type":"LineString","coordinates":[[127.0401883,37.5091943],[127.0404427,37.509262],[127.0407451,37.509349],[127.0410538,37.5094357],[127.0413358,37.5095144],[127.0423237,37.509819]]}},{"type":"Feature","properties":{"name":"봉은사로"},"geometry":{"type":"LineString","coordinates":[[127.0389393,37.5088324],[127.0400337,37.5091513]]}},{"type":"Feature","properties":{"name":"선릉로"},"geometry":{"type":"LineString","coordinates":[[127.0505734,37.5011806],[127.0508352,37.5006143]]}},{"type":"Feature","properties":{"name":"선릉로"},"geometry":{"type":"LineString","coordinates":[[127.0500434,37.5022525],[127.0505298,37.5012716]]}},{"type":"Feature","properties":{"name":"선릉로"},"geometry":{"type":"LineString","coordinates":[[127.0497514,37.5028935],[127.0499981,37.5023482]]}},{"type":"Feature","properties":{"name":"선릉로"},"geometry":{"type":"LineString","coordinates":[[127.0490895,37.5043119],[127.0491008,37.5042881],[127.0493011,37.5038677],[127.0493628,37.5037314],[127.0495267,37.5033726],[127.0496949,37.5030158]]}},{"type":"Feature","properties":{"name":"역삼로"},"geometry":{"type":"LineString","coordinates":[[127.0525829,37.5011324],[127.0524768,37.5010975],[127.0509505,37.5005959]]}},{"type":"Feature","properties":{"name":"역삼로"},"geometry":{"type":"LineString","coordinates":[[127.0581366,37.502946],[127.0580334,37.5029109],[127.057893,37.5028634],[127.0576532,37.5027862],[127.0573032,37.5026734],[127.0572505,37.5026562],[127.0571937,37.5026386],[127.0567694,37.5024984]]}},{"type":"Feature","properties":{"name":"역삼로"},"geometry":{"type":"LineString","coordinates":[[127.0537811,37.501523],[127.0534418,37.5014159],[127.0530686,37.5012919],[127.0527358,37.5011827]]}},{"type":"Feature","properties":{"name":"역삼로"},"geometry":{"type":"LineString","coordinates":[[127.0551715,37.5019816],[127.0549359,37.5019007],[127.0545746,37.5017867],[127.0539027,37.5015627]]}},{"type":"Feature","properties":{"name":"역삼로"},"geometry":{"type":"LineString","coordinates":[[127.0566172,37.502448],[127.0559528,37.5022283],[127.055332,37.5020346]]}},{"type":"Feature","properties":{"name":"도곡로"},"geometry":{"type":"LineString","coordinates":[[127.0452661,37.4936636],[127.0458461,37.49385],[127.0465791,37.4940733]]}},{"type":"Feature","properties":{"name":"도곡로"},"geometry":{"type":"LineString","coordinates":[[127.0439278,37.4932509],[127.0451104,37.4936146]]}},{"type":"Feature","properties":{"name":"도곡로"},"geometry":{"type":"LineString","coordinates":[[127.0425648,37.4928392],[127.0437738,37.493204]]}},{"type":"Feature","properties":{"name":"도곡로"},"geometry":{"type":"LineString","coordinates":[[127.0418429,37.492616],[127.0424126,37.4927927]]}},{"type":"Feature","properties":{"name":"도곡로"},"geometry":{"type":"LineString","coordinates":[[127.0410483,37.4923715],[127.0416902,37.4925689]]}},{"type":"Feature","properties":{"name":"역삼로"},"geometry":{"type":"LineString","coordinates":[[127.047037,37.4993037],[127.045233,37.4987233],[127.0449077,37.498614]]}},{"type":"Feature","properties":{"name":"역삼로"},"geometry":{"type":"LineString","coordinates":[[127.0476031,37.4994916],[127.0471879,37.4993531]]}},{"type":"Feature","properties":{"name":"역삼로"},"geometry":{"type":"LineString","coordinates":[[127.0507975,37.5005447],[127.0494187,37.5000751],[127.0491187,37.4999777],[127.0477545,37.4995411]]}},{"type":"Feature","properties":{"name":"봉은사로"},"geometry":{"type":"LineString","coordinates":[[127.0525675,37.5127589],[127.0531418,37.5129181],[127.0532283,37.5129422]]}},{"type":"Feature","properties":{"name":"봉은사로"},"geometry":{"type":"LineString","coordinates":[[127.0439827,37.510234],[127.0455903,37.5107123]]}},{"type":"Feature","properties":{"name":"봉은사로"},"geometry":{"type":"LineString","coordinates":[[127.0512122,37.51235],[127.0521772,37.5126441]]}},{"type":"Feature","properties":{"name":"봉은사로"},"geometry":{"type":"LineString","coordinates":[[127.0504781,37.5121377],[127.0510272,37.512295]]}},{"type":"Feature","properties":{"name":"봉은사로"},"geometry":{"type":"LineString","coordinates":[[127.049587,37.5118889],[127.0499495,37.5119894],[127.0502855,37.512083]]}},{"type":"Feature","properties":{"name":"봉은사로"},"geometry":{"type":"LineString","coordinates":[[127.047568,37.511288],[127.0482549,37.5114919],[127.0493347,37.5118158]]}},{"type":"Feature","properties":{"name":"봉은사로"},"geometry":{"type":"LineString","coordinates":[[127.0457627,37.5107631],[127.0473793,37.5112326]]}},{"type":"Feature","properties":{"name":"서초대로"},"geometry":{"type":"LineString","coordinates":[[127.0176717,37.4948412],[127.0179216,37.494919],[127.0189706,37.4952424],[127.019071,37.4952722],[127.0203933,37.4956779]]}},{"type":"Feature","properties":{"name":"서초대로64길"},"geometry":{"type":"LineString","coordinates":[[127.0217371,37.4923949],[127.0214229,37.4931875]]}},{"type":"Feature","properties":{"name":"서초대로64길"},"geometry":{"type":"LineString","coordinates":[[127.022097,37.4914485],[127.0220962,37.4914508],[127.0219604,37.4918091],[127.0219307,37.4918873],[127.0217854,37.4922705]]}},{"type":"Feature","properties":{"name":"서초대로64길"},"geometry":{"type":"LineString","coordinates":[[127.022339,37.4907925],[127.0223341,37.4908062],[127.0223136,37.4908639],[127.0222814,37.4909546],[127.0222158,37.4911448],[127.022171,37.4912749],[127.0221472,37.4913279]]}},{"type":"Feature","properties":{"name":"사임당로"},"geometry":{"type":"LineString","coordinates":[[127.0248108,37.4914842],[127.0247469,37.4914653],[127.0240823,37.4912699],[127.0236123,37.49112],[127.0229605,37.490926]]}},{"type":"Feature","properties":{"name":"사임당로"},"geometry":{"type":"LineString","coordinates":[[127.0208954,37.4902972],[127.0203034,37.490116],[127.0198552,37.4899787]]}},{"type":"Feature","properties":{"name":"사임당로19길"},"geometry":{"type":"LineString","coordinates":[[127.0199563,37.4913043],[127.0197687,37.4912323],[127.0193013,37.4910599]]}},{"type":"Feature","properties":{"name":"사임당로19길"},"geometry":{"type":"LineString","coordinates":[[127.0204474,37.4914813],[127.0201035,37.4913588]]}},{"type":"Feature","properties":{"name":"서초대로65길"},"geometry":{"type":"LineString","coordinates":[[127.0209967,37.4960435],[127.020982,37.4960715],[127.0208078,37.4966291]]}},{"type":"Feature","properties":{"name":"서초중앙로24길"},"geometry":{"type":"LineString","coordinates":[[127.0201178,37.4963097],[127.0200209,37.4962421],[127.0198544,37.496126],[127.0197267,37.496037],[127.0194913,37.4958981],[127.0187821,37.4956535],[127.0182218,37.4955024],[127.0173761,37.4952445],[127.0166348,37.495027],[127.016553,37.495003]]}},{"type":"Feature","properties":{"name":"서초중앙로24길"},"geometry":{"type":"LineString","coordinates":[[127.020675,37.4966653],[127.020256,37.4964018]]}},{"type":"Feature","properties":{"name":"서초대로73길"},"geometry":{"type":"LineString","coordinates":[[127.02396,37.5014898],[127.0240127,37.5013745],[127.0241187,37.5011503],[127.0243095,37.5007671],[127.0243895,37.5006178],[127.0245807,37.5002275],[127.0246621,37.5000523],[127.0247856,37.4998044],[127.0251464,37.499055]]}},{"type":"Feature","properties":{"name":"주흥3길"},"geometry":{"type":"LineString","coordinates":[[127.020368,37.5044349],[127.0200899,37.5043736],[127.0191727,37.5041652]]}},{"type":"Feature","properties":{"name":"주흥길"},"geometry":{"type":"LineString","coordinates":[[127.0196958,37.5048761],[127.0203804,37.504491]]}},{"type":"Feature","properties":{"name":"주흥길"},"geometry":{"type":"LineString","coordinates":[[127.0200818,37.5066837],[127.0200835,37.506623],[127.0200656,37.5065649],[127.0199486,37.5063812],[127.0201445,37.5062351],[127.020411,37.5060345]]}},{"type":"Feature","properties":{"name":"논현로"},"geometry":{"type":"LineString","coordinates":[[127.0356735,37.5033946],[127.0358527,37.5030252],[127.0360551,37.5025696]]}},{"type":"Feature","properties":{"name":"논현로"},"geometry":{"type":"LineString","coordinates":[[127.0350786,37.5046628],[127.0355943,37.5035334],[127.0356053,37.503516]]}},{"type":"Feature","properties":{"name":"논현로"},"geometry":{"type":"LineString","coordinates":[[127.0344414,37.5060544],[127.0344551,37.5060246],[127.0346844,37.5055288],[127.0350073,37.5048192],[127.0350223,37.5047862]]}},{"type":"Feature","properties":{"name":"역삼로"},"geometry":{"type":"LineString","coordinates":[[127.0403583,37.4963987],[127.0395004,37.4959922],[127.0393712,37.4959247]]}},{"type":"Feature","properties":{"name":"역삼로"},"geometry":{"type":"LineString","coordinates":[[127.0419049,37.497174],[127.0408605,37.4966623],[127.0406524,37.4965587],[127.0404964,37.4964701]]}},{"type":"Feature","properties":{"name":"역삼로"},"geometry":{"type":"LineString","coordinates":[[127.0432857,37.4978544],[127.042702,37.4975667],[127.042057,37.4972487]]}},{"type":"Feature","properties":{"name":"역삼로"},"geometry":{"type":"LineString","coordinates":[[127.044522,37.4984585],[127.0439111,37.4981638],[127.0434237,37.4979287]]}},{"type":"Feature","properties":{"name":"사평대로"},"geometry":{"type":"LineString","coordinates":[[127.0235151,37.5042087],[127.0234652,37.504195]]}},{"type":"Feature","properties":{"name":"사평대로"},"geometry":{"type":"LineString","coordinates":[[127.0241898,37.5044275],[127.0241332,37.5044116],[127.0236683,37.5042554]]}},{"type":"Feature","properties":{"name":"사평대로"},"geometry":{"type":"LineString","coordinates":[[127.0227006,37.5039652],[127.0219372,37.503735],[127.0216002,37.5036345],[127.021263,37.5035341],[127.0211761,37.5035082]]}},{"type":"Feature","properties":{"name":"사평대로"},"geometry":{"type":"LineString","coordinates":[[127.023461,37.5041937],[127.0228613,37.5040135]]}},{"type":"Feature","properties":{"name":"강남대로94길"},"geometry":{"type":"LineString","coordinates":[[127.0312417,37.5009164],[127.0315699,37.5010172],[127.0317972,37.5004939]]}},{"type":"Feature","properties":{"name":"강남대로94길"},"geometry":{"type":"LineString","coordinates":[[127.0291309,37.5010277],[127.0296376,37.499973],[127.029697,37.4998503]]}},{"type":"Feature","properties":{"name":"선릉로"},"geometry":{"type":"LineString","coordinates":[[127.0529027,37.4962552],[127.0531527,37.495716],[127.0533987,37.4952012],[127.0534474,37.4951018],[127.053701,37.4945531],[127.0538647,37.494204],[127.0545497,37.4927518],[127.0546822,37.4924535],[127.0547071,37.4924044],[127.0547437,37.4923345],[127.0550977,37.4915807],[127.0552705,37.4911402],[127.0553149,37.4910269]]}},{"type":"Feature","properties":{"name":"서운로"},"geometry":{"type":"LineString","coordinates":[[127.0282487,37.4884488],[127.0282759,37.4883921],[127.0284644,37.4879995]]}},{"type":"Feature","properties":{"name":"서운로15길"},"geometry":{"type":"LineString","coordinates":[[127.0229905,37.4929345],[127.0230235,37.4928469],[127.023044,37.4928291],[127.0230696,37.4928219],[127.0231021,37.4928258],[127.0237383,37.4930008],[127.0239058,37.493047],[127.0240233,37.4930793]]}},{"type":"Feature","properties":{"name":"선릉로86길"},"geometry":{"type":"LineString","coordinates":[[127.0536688,37.5042515],[127.0533371,37.5041445],[127.0530656,37.5040555],[127.0529921,37.5040325],[127.0526273,37.5039039],[127.0522659,37.5037879],[127.05193,37.5036774],[127.0516118,37.5035722]]}},{"type":"Feature","properties":{"name":"선릉로86길"},"geometry":{"type":"LineString","coordinates":[[127.0514545,37.5035212],[127.0507144,37.5032847],[127.0503458,37.5031647],[127.0502484,37.5031336],[127.0498104,37.502997]]}},{"type":"Feature","properties":{"name":"역삼로8길"},"geometry":{"type":"LineString","coordinates":[[127.0334212,37.4940164],[127.0336539,37.4935548],[127.0338345,37.4931732],[127.034078,37.4926551]]}},{"type":"Feature","properties":{"name":"역삼로"},"geometry":{"type":"LineString","coordinates":[[127.0342447,37.4943456],[127.0337961,37.4942122],[127.0334784,37.494119]]}},{"type":"Feature","properties":{"name":"역삼로"},"geometry":{"type":"LineString","coordinates":[[127.0350643,37.4945895],[127.0344335,37.4944035]]}},{"type":"Feature","properties":{"name":"역삼로"},"geometry":{"type":"LineString","coordinates":[[127.0358168,37.4948204],[127.0352158,37.4946352]]}},{"type":"Feature","properties":{"name":"역삼로"},"geometry":{"type":"LineString","coordinates":[[127.0368777,37.4951472],[127.0360712,37.4948992]]}},{"type":"Feature","properties":{"name":"역삼로"},"geometry":{"type":"LineString","coordinates":[[127.038113,37.4955225],[127.0376135,37.4953735],[127.0370399,37.4951971]]}},{"type":"Feature","properties":{"name":"역삼로"},"geometry":{"type":"LineString","coordinates":[[127.0391587,37.4958347],[127.0390335,37.4957935],[127.0382656,37.4955677]]}},{"type":"Feature","properties":{"name":"논현로67길"},"geometry":{"type":"LineString","coordinates":[[127.0357816,37.493122],[127.0351247,37.4929219]]}},{"type":"Feature","properties":{"name":"논현로67길"},"geometry":{"type":"LineString","coordinates":[[127.039023,37.4940974],[127.0387885,37.4940393],[127.038471,37.493946]]}},{"type":"Feature","properties":{"name":"논현로67길"},"geometry":{"type":"LineString","coordinates":[[127.0398239,37.4943883],[127.0391808,37.4941992]]}},{"type":"Feature","properties":{"name":"논현로67길"},"geometry":{"type":"LineString","coordinates":[[127.0366279,37.4933852],[127.0359343,37.493169]]}},{"type":"Feature","properties":{"name":"논현로67길"},"geometry":{"type":"LineString","coordinates":[[127.0371018,37.4935309],[127.0367799,37.4934323]]}},{"type":"Feature","properties":{"name":"논현로67길"},"geometry":{"type":"LineString","coordinates":[[127.0383118,37.4938988],[127.0381506,37.4938513],[127.0378716,37.4937688],[127.0375446,37.4936681],[127.0372538,37.4935778]]}},{"type":"Feature","properties":{"name":""},"geometry":{"type":"LineString","coordinates":[[127.047105,37.4993805],[127.0468369,37.499893]]}},{"type":"Feature","properties":{"name":""},"geometry":{"type":"LineString","coordinates":[[127.0458348,37.5016972],[127.0458586,37.5016479],[127.0459475,37.5014635],[127.0463004,37.5007501],[127.0467695,37.4998709]]}},{"type":"Feature","properties":{"name":""},"geometry":{"type":"LineString","coordinates":[[127.0400164,37.4893568],[127.0399259,37.4895749],[127.0398259,37.4897767],[127.0397716,37.4898864],[127.0396463,37.4901391],[127.0398881,37.4902166],[127.040088,37.4902807]]}},{"type":"Feature","properties":{"name":""},"geometry":{"type":"LineString","coordinates":[[127.0401423,37.4903842],[127.0400996,37.4904654],[127.0399192,37.4908081],[127.0398172,37.4910017],[127.0396924,37.4912482],[127.039657,37.491318]]}},{"type":"Feature","properties":{"name":""},"geometry":{"type":"LineString","coordinates":[[127.0414262,37.4907152],[127.0413699,37.4906982],[127.0411313,37.4906266],[127.0406311,37.4904762],[127.0403649,37.4903962],[127.0402259,37.4903544]]}},{"type":"Feature","properties":{"name":"테헤란로82길"},"geometry":{"type":"LineString","coordinates":[[127.0575827,37.5070473],[127.0575205,37.5071732]]}},{"type":"Feature","properties":{"name":""},"geometry":{"type":"LineString","coordinates":[[127.0342102,37.5138599],[127.0344297,37.5139387]]}},{"type":"Feature","properties":{"name":"서초대로64길"},"geometry":{"type":"LineString","coordinates":[[127.02166,37.4923243],[127.021117,37.4922074]]}},{"type":"Feature","properties":{"name":""},"geometry":{"type":"LineString","coordinates":[[127.0232099,37.5093681],[127.0236705,37.5095139]]}},{"type":"Feature","properties":{"name":"사평대로53길"},"geometry":{"type":"LineString","coordinates":[[127.0206379,37.5071238],[127.0205637,37.5071134],[127.0205137,37.5070832],[127.020305,37.5068754],[127.0202349,37.506808],[127.0202068,37.5067926],[127.0201729,37.506781]]}},{"type":"Feature","properties":{"name":"주흥길"},"geometry":{"type":"LineString","coordinates":[[127.0200288,37.5069245],[127.0200615,37.5068059]]}},{"type":"Feature","properties":{"name":""},"geometry":{"type":"LineString","coordinates":[[127.0567394,37.4868419],[127.056663,37.4870573],[127.0563127,37.4881316],[127.0560144,37.4890893]]}},{"type":"Feature","properties":{"name":"효령로77길"},"geometry":{"type":"LineString","coordinates":[[127.0297021,37.4895072],[127.0298745,37.4891531],[127.029901,37.4890986]]}},{"type":"Feature","properties":{"name":"효령로77길"},"geometry":{"type":"LineString","coordinates":[[127.0289959,37.49096],[127.0291563,37.4906303],[127.0293209,37.4902916],[127.0295855,37.4897468],[127.0296433,37.4896281]]}},{"type":"Feature","properties":{"name":"효령로77길"},"geometry":{"type":"LineString","coordinates":[[127.0282759,37.4924431],[127.0282913,37.4924105],[127.0283653,37.4922583],[127.0285856,37.4918046],[127.0286997,37.4915698],[127.0289372,37.491081]]}},{"type":"Feature","properties":{"name":"논현로"},"geometry":{"type":"LineString","coordinates":[[127.0411793,37.4919291],[127.0410884,37.4921361],[127.0410095,37.4923057]]}},{"type":"Feature","properties":{"name":"논현로"},"geometry":{"type":"LineString","coordinates":[[127.0415965,37.4908058],[127.0414724,37.4912314],[127.0412812,37.4917144],[127.0412498,37.4917788],[127.0412361,37.4918069]]}},{"type":"Feature","properties":{"name":"논현로"},"geometry":{"type":"LineString","coordinates":[[127.0416132,37.4897843],[127.0416143,37.4903601],[127.0416143,37.4906513]]}},{"type":"Feature","properties":{"name":"논현로"},"geometry":{"type":"LineString","coordinates":[[127.0414892,37.4884926],[127.0415287,37.4891241],[127.0416015,37.4896385]]}},{"type":"Feature","properties":{"name":"논현로"},"geometry":{"type":"LineString","coordinates":[[127.0414445,37.4877448],[127.0414501,37.4879568],[127.0414707,37.4882182],[127.0414804,37.4883586]]}},{"type":"Feature","properties":{"name":"테헤란로63길"},"geometry":{"type":"LineString","coordinates":[[127.0502572,37.5061685],[127.0504737,37.5057345],[127.050674,37.5052758],[127.0506826,37.5052561]]}},{"type":"Feature","properties":{"name":"테헤란로63길"},"geometry":{"type":"LineString","coordinates":[[127.0502205,37.5067295],[127.0502114,37.506609],[127.0502236,37.50629]]}},{"type":"Feature","properties":{"name":"테헤란로43길"},"geometry":{"type":"LineString","coordinates":[[127.0439176,37.5039932],[127.0438137,37.5041991]]}},{"type":"Feature","properties":{"name":"테헤란로43길"},"geometry":{"type":"LineString","coordinates":[[127.0443039,37.5032527],[127.0442931,37.5032732],[127.0442802,37.5032979],[127.0440534,37.5037312],[127.0439794,37.5038729]]}},{"type":"Feature","properties":{"name":"삼성로95길"},"geometry":{"type":"LineString","coordinates":[[127.055097,37.5080974],[127.0556367,37.5083551],[127.0556813,37.5083712]]}},{"type":"Feature","properties":{"name":"삼성로95길"},"geometry":{"type":"LineString","coordinates":[[127.0543239,37.5077914],[127.0549475,37.5080327]]}},{"type":"Feature","properties":{"name":"삼성로95길"},"geometry":{"type":"LineString","coordinates":[[127.0536228,37.5075051],[127.0541749,37.507732]]}},{"type":"Feature","properties":{"name":"삼성로95길"},"geometry":{"type":"LineString","coordinates":[[127.05239,37.5069936],[127.0534641,37.5074395]]}},{"type":"Feature","properties":{"name":"봉은사로48길"},"geometry":{"type":"LineString","coordinates":[[127.0428677,37.5069924],[127.042597,37.5060958],[127.0424695,37.505631]]}},{"type":"Feature","properties":{"name":"언주로104길"},"geometry":{"type":"LineString","coordinates":[[127.0422599,37.5075535],[127.0424751,37.5076192],[127.0428314,37.5077213],[127.0430146,37.507784]]}},{"type":"Feature","properties":{"name":"언주로104길"},"geometry":{"type":"LineString","coordinates":[[127.0409751,37.507177],[127.0414085,37.5073062],[127.0414519,37.5073198],[127.0419073,37.5074542],[127.0420789,37.5075009]]}},{"type":"Feature","properties":{"name":"언주로104길"},"geometry":{"type":"LineString","coordinates":[[127.0404112,37.5070059],[127.0408339,37.5071345]]}},{"type":"Feature","properties":{"name":"선릉로93길"},"geometry":{"type":"LineString","coordinates":[[127.0475986,37.5053601],[127.0479184,37.5054653],[127.0484028,37.505616]]}},{"type":"Feature","properties":{"name":"선릉로93길"},"geometry":{"type":"LineString","coordinates":[[127.0472823,37.5052516],[127.0474497,37.5053098]]}},{"type":"Feature","properties":{"name":"선릉로93길"},"geometry":{"type":"LineString","coordinates":[[127.0468488,37.5048519],[127.0471986,37.5051981]]}},{"type":"Feature","properties":{"name":"선릉로93길"},"geometry":{"type":"LineString","coordinates":[[127.0453366,37.5043628],[127.0466821,37.5047662]]}},{"type":"Feature","properties":{"name":"선릉로93길"},"geometry":{"type":"LineString","coordinates":[[127.0446744,37.5041513],[127.0451846,37.5043155]]}},{"type":"Feature","properties":{"name":"선릉로93길"},"geometry":{"type":"LineString","coordinates":[[127.0440139,37.5039386],[127.0445234,37.5041027]]}},{"type":"Feature","properties":{"name":"봉은사로44길"},"geometry":{"type":"LineString","coordinates":[[127.040431,37.5084739],[127.0401485,37.5091302]]}},{"type":"Feature","properties":{"name":"테헤란로51길"},"geometry":{"type":"LineString","coordinates":[[127.0442547,37.5058166],[127.0439857,37.5058751],[127.0437077,37.5059329]]}},{"type":"Feature","properties":{"name":"테헤란로51길"},"geometry":{"type":"LineString","coordinates":[[127.0471716,37.5041456],[127.0471643,37.504159],[127.04715,37.5041846],[127.0469257,37.5045918],[127.0468343,37.5047603]]}},{"type":"Feature","properties":{"name":"테헤란로51길"},"geometry":{"type":"LineString","coordinates":[[127.0466962,37.5048753],[127.0457429,37.5053557],[127.0453301,37.5055648],[127.0451742,37.5056347],[127.045013,37.5056577],[127.0446777,37.5057302],[127.044414,37.5057833]]}},{"type":"Feature","properties":{"name":"테헤란로43길"},"geometry":{"type":"LineString","coordinates":[[127.043988,37.5047185],[127.043784,37.5042954]]}},{"type":"Feature","properties":{"name":"테헤란로43길"},"geometry":{"type":"LineString","coordinates":[[127.0441449,37.5052127],[127.0440373,37.5048454]]}},{"type":"Feature","properties":{"name":"테헤란로43길"},"geometry":{"type":"LineString","coordinates":[[127.0442937,37.5057248],[127.0441817,37.5053391]]}},{"type":"Feature","properties":{"name":"테헤란로47길"},"geometry":{"type":"LineString","coordinates":[[127.045242,37.5044191],[127.0451736,37.5045644]]}},{"type":"Feature","properties":{"name":"테헤란로47길"},"geometry":{"type":"LineString","coordinates":[[127.0456133,37.503663],[127.0456067,37.5036763],[127.0453004,37.5042978]]}},{"type":"Feature","properties":{"name":"봉은사로50길"},"geometry":{"type":"LineString","coordinates":[[127.0434201,37.5086776],[127.0433447,37.5089089]]}},{"type":"Feature","properties":{"name":"봉은사로50길"},"geometry":{"type":"LineString","coordinates":[[127.0435514,37.5083757],[127.0435023,37.5084759],[127.0434661,37.5085576]]}},{"type":"Feature","properties":{"name":"선릉로108길"},"geometry":{"type":"LineString","coordinates":[[127.0481926,37.510619],[127.0486166,37.5107479],[127.0500643,37.5111742]]}},{"type":"Feature","properties":{"name":"선릉로108길"},"geometry":{"type":"LineString","coordinates":[[127.0461136,37.5099987],[127.0480367,37.5105722]]}},{"type":"Feature","properties":{"name":"선릉로108길"},"geometry":{"type":"LineString","coordinates":[[127.0443647,37.5092889],[127.0459704,37.5099484]]}},{"type":"Feature","properties":{"name":"언주로97길"},"geometry":{"type":"LineString","coordinates":[[127.0413513,37.5052867],[127.0406787,37.5054069]]}},{"type":"Feature","properties":{"name":"테헤란로55길"},"geometry":{"type":"LineString","coordinates":[[127.0464922,37.5061521],[127.0457417,37.5065978],[127.0449594,37.5070802]]}},{"type":"Feature","properties":{"name":"테헤란로55길"},"geometry":{"type":"LineString","coordinates":[[127.0475025,37.5054145],[127.0473988,37.505621],[127.0465952,37.5060913]]}},{"type":"Feature","properties":{"name":"언주로106길"},"geometry":{"type":"LineString","coordinates":[[127.0417737,37.5081364],[127.0411604,37.5079546],[127.0406679,37.5078114],[127.0404099,37.5077363]]}},{"type":"Feature","properties":{"name":"언주로106길"},"geometry":{"type":"LineString","coordinates":[[127.04334,37.5086063],[127.0428955,37.5084846],[127.0425456,37.5083887],[127.041926,37.5081842]]}},{"type":"Feature","properties":{"name":"테헤란로53길"},"geometry":{"type":"LineString","coordinates":[[127.0438442,37.5065982],[127.0439134,37.506851],[127.0439921,37.5071504]]}},{"type":"Feature","properties":{"name":"테헤란로53길"},"geometry":{"type":"LineString","coordinates":[[127.0436598,37.5059949],[127.0438056,37.5064644]]}},{"type":"Feature","properties":{"name":"봉은사로48길"},"geometry":{"type":"LineString","coordinates":[[127.0434204,37.5067456],[127.0437123,37.5065607]]}},{"type":"Feature","properties":{"name":"봉은사로48길"},"geometry":{"type":"LineString","coordinates":[[127.0429785,37.5070084],[127.0430059,37.5069931],[127.0432851,37.5068289]]}},{"type":"Feature","properties":{"name":"봉은사로48길"},"geometry":{"type":"LineString","coordinates":[[127.0422262,37.5074709],[127.0426601,37.5071995],[127.0428449,37.5070884]]}},{"type":"Feature","properties":{"name":"봉은사로44길"},"geometry":{"type":"LineString","coordinates":[[127.0428909,37.5055024],[127.0428376,37.5055114],[127.0425522,37.505562]]}},{"type":"Feature","properties":{"name":"봉은사로44길"},"geometry":{"type":"LineString","coordinates":[[127.0434008,37.5054209],[127.0431687,37.5054557],[127.0430502,37.5054756]]}},{"type":"Feature","properties":{"name":"봉은사로44길"},"geometry":{"type":"LineString","coordinates":[[127.0441039,37.5053006],[127.0438158,37.5053472],[127.0435603,37.5053948]]}},{"type":"Feature","properties":{"name":"선릉로107길"},"geometry":{"type":"LineString","coordinates":[[127.0433833,37.5089687],[127.0435653,37.5090243],[127.0437804,37.5090866],[127.0439044,37.5091221],[127.0442095,37.5092298]]}},{"type":"Feature","properties":{"name":"선릉로107길"},"geometry":{"type":"LineString","coordinates":[[127.0428107,37.5090441],[127.0432444,37.5089592]]}},{"type":"Feature","properties":{"name":"선릉로107길"},"geometry":{"type":"LineString","coordinates":[[127.0416707,37.5087551],[127.0416971,37.5087626],[127.0423056,37.5089467],[127.0426779,37.5090372]]}},{"type":"Feature","properties":{"name":"봉은사로48길"},"geometry":{"type":"LineString","coordinates":[[127.0430022,37.5055355],[127.043346,37.5067249]]}},{"type":"Feature","properties":{"name":"봉은사로50길"},"geometry":{"type":"LineString","coordinates":[[127.0424049,37.5097896],[127.0427068,37.5091279]]}},{"type":"Feature","properties":{"name":"언주로94길"},"geometry":{"type":"LineString","coordinates":[[127.042169,37.504205],[127.0421955,37.5042126],[127.0427451,37.5043717],[127.0428585,37.5043873],[127.0429698,37.5043784],[127.0437013,37.5042365]]}},{"type":"Feature","properties":{"name":"테헤란로69길"},"geometry":{"type":"LineString","coordinates":[[127.0523273,37.5069078],[127.0523389,37.5068838],[127.0524692,37.5066228],[127.0525996,37.5063893],[127.0526756,37.5062518],[127.0528368,37.5059262],[127.0528447,37.5059104]]}},{"type":"Feature","properties":{"name":"봉은사로48길"},"geometry":{"type":"LineString","coordinates":[[127.0418683,37.50808],[127.0421048,37.5075923]]}},{"type":"Feature","properties":{"name":"봉은사로48길"},"geometry":{"type":"LineString","coordinates":[[127.0415984,37.5086805],[127.041811,37.5082032]]}},{"type":"Feature","properties":{"name":"선릉로85길"},"geometry":{"type":"LineString","coordinates":[[127.0496575,37.5029502],[127.048903,37.5027235]]}},{"type":"Feature","properties":{"name":"테헤란로52길"},"geometry":{"type":"LineString","coordinates":[[127.0476696,37.5030487],[127.0476112,37.5031929],[127.0473402,37.5037745],[127.047329,37.5037987]]}},{"type":"Feature","properties":{"name":"테헤란로52길"},"geometry":{"type":"LineString","coordinates":[[127.0487216,37.5027407],[127.0482607,37.5028504],[127.0477436,37.5029809]]}},{"type":"Feature","properties":{"name":"봉은사로58길"},"geometry":{"type":"LineString","coordinates":[[127.0460197,37.5100555],[127.0457251,37.5106983]]}},{"type":"Feature","properties":{"name":"봉은사로74길"},"geometry":{"type":"LineString","coordinates":[[127.0527545,37.5120838],[127.052515,37.5120032],[127.0523911,37.5119609],[127.0521997,37.5118954],[127.0517956,37.5117571]]}},{"type":"Feature","properties":{"name":"테헤란로79길"},"geometry":{"type":"LineString","coordinates":[[127.0550319,37.5080091],[127.0555384,37.5071594]]}},{"type":"Feature","properties":{"name":"테헤란로79길"},"geometry":{"type":"LineString","coordinates":[[127.0544934,37.5090194],[127.0549626,37.5081324]]}},{"type":"Feature","properties":{"name":"테헤란로79길"},"geometry":{"type":"LineString","coordinates":[[127.0541625,37.5096345],[127.0544296,37.5091389]]}},{"type":"Feature","properties":{"name":"테헤란로79길"},"geometry":{"type":"LineString","coordinates":[[127.0538342,37.510255],[127.054099,37.5097537]]}},{"type":"Feature","properties":{"name":"봉은사로74길"},"geometry":{"type":"LineString","coordinates":[[127.0523104,37.5110784],[127.0529991,37.5104119],[127.0532232,37.5101825]]}},{"type":"Feature","properties":{"name":"봉은사로74길"},"geometry":{"type":"LineString","coordinates":[[127.0517597,37.5116482],[127.0521919,37.5111973]]}},{"type":"Feature","properties":{"name":"봉은사로74길"},"geometry":{"type":"LineString","coordinates":[[127.0511582,37.5122692],[127.0514233,37.5119702],[127.0515288,37.5118822],[127.0516589,37.5117515]]}},{"type":"Feature","properties":{"name":"삼성로99길"},"geometry":{"type":"LineString","coordinates":[[127.0535883,37.5087909],[127.0530819,37.508619]]}},{"type":"Feature","properties":{"name":"삼성로99길"},"geometry":{"type":"LineString","coordinates":[[127.0543959,37.5090722],[127.0539762,37.5089255],[127.0537479,37.5088457]]}},{"type":"Feature","properties":{"name":"삼성로99길"},"geometry":{"type":"LineString","coordinates":[[127.0551836,37.5093328],[127.0551263,37.5093139],[127.0545468,37.5091233]]}},{"type":"Feature","properties":{"name":"봉은사로68길"},"geometry":{"type":"LineString","coordinates":[[127.0529353,37.5087323],[127.0533403,37.5090415]]}},{"type":"Feature","properties":{"name":"테헤란로77길"},"geometry":{"type":"LineString","coordinates":[[127.0532264,37.5093639],[127.0537824,37.5095602],[127.0540794,37.5096611]]}},{"type":"Feature","properties":{"name":"선릉로94길"},"geometry":{"type":"LineString","coordinates":[[127.0485552,37.5056647],[127.050175,37.5061963]]}},{"type":"Feature","properties":{"name":"봉은사로68길"},"geometry":{"type":"LineString","coordinates":[[127.0527423,37.5088872],[127.0531678,37.5092104]]}},{"type":"Feature","properties":{"name":"삼성로107길"},"geometry":{"type":"LineString","coordinates":[[127.0515024,37.5108662],[127.0512351,37.5106902],[127.0509583,37.5105122]]}},{"type":"Feature","properties":{"name":"삼성로107길"},"geometry":{"type":"LineString","coordinates":[[127.0521695,37.5111334],[127.051918,37.511055],[127.0516481,37.5109424]]}},{"type":"Feature","properties":{"name":"삼성로107길"},"geometry":{"type":"LineString","coordinates":[[127.0531097,37.5114397],[127.0528647,37.5113521],[127.0525491,37.5112439],[127.0523479,37.5111866]]}},{"type":"Feature","properties":{"name":"삼성로107길"},"geometry":{"type":"LineString","coordinates":[[127.0539027,37.5117324],[127.0538611,37.5117183],[127.0532584,37.511494]]}},{"type":"Feature","properties":{"name":"봉은사로72길"},"geometry":{"type":"LineString","coordinates":[[127.0515435,37.5109557],[127.0512042,37.5113204],[127.0504556,37.5120747]]}},{"type":"Feature","properties":{"name":"봉은사로72길"},"geometry":{"type":"LineString","coordinates":[[127.0525751,37.5099262],[127.0524502,37.5100436],[127.0520236,37.5104609],[127.0518363,37.5106734],[127.0516485,37.5108506]]}},{"type":"Feature","properties":{"name":"삼성로103길"},"geometry":{"type":"LineString","coordinates":[[127.0539009,37.5103332],[127.0544844,37.5105346],[127.0545336,37.5105515]]}},{"type":"Feature","properties":{"name":"삼성로103길"},"geometry":{"type":"LineString","coordinates":[[127.0533682,37.5101462],[127.0534645,37.5101824],[127.0537513,37.5102815]]}},{"type":"Feature","properties":{"name":"삼성로103길"},"geometry":{"type":"LineString","coordinates":[[127.0527003,37.5098887],[127.052965,37.5100085],[127.0531544,37.5100681],[127.0532177,37.5100909]]}},{"type":"Feature","properties":{"name":"삼성로103길"},"geometry":{"type":"LineString","coordinates":[[127.0520176,37.5094714],[127.0525613,37.5098144]]}},{"type":"Feature","properties":{"name":"봉은사로86길"},"geometry":{"type":"LineString","coordinates":[[127.0568456,37.5125889],[127.0566583,37.5129229],[127.0563424,37.5134865]]}},{"type":"Feature","properties":{"name":"봉은사로86길"},"geometry":{"type":"LineString","coordinates":[[127.0570253,37.5122609],[127.0569115,37.5124698]]}},{"type":"Feature","properties":{"name":"봉은사로86길"},"geometry":{"type":"LineString","coordinates":[[127.0572562,37.5118376],[127.0570904,37.5121418]]}},{"type":"Feature","properties":{"name":"봉은사로86길"},"geometry":{"type":"LineString","coordinates":[[127.0574459,37.5114897],[127.0573212,37.5117186]]}},{"type":"Feature","properties":{"name":"남부순환로391길"},"geometry":{"type":"LineString","coordinates":[[127.0573788,37.4928446],[127.0570749,37.4932593],[127.0566035,37.4938879]]}},{"type":"Feature","properties":{"name":"남부순환로391길"},"geometry":{"type":"LineString","coordinates":[[127.0578426,37.4921612],[127.0578332,37.4921753],[127.0574602,37.4927288]]}},{"type":"Feature","properties":{"name":"도곡로70길"},"geometry":{"type":"LineString","coordinates":[[127.0565804,37.4969402],[127.0563642,37.4973623]]}},{"type":"Feature","properties":{"name":"도곡로70길"},"geometry":{"type":"LineString","coordinates":[[127.0576834,37.4958672],[127.057119,37.49587],[127.056628,37.4968464]]}},{"type":"Feature","properties":{"name":"도곡로64길"},"geometry":{"type":"LineString","coordinates":[[127.0549702,37.4964112],[127.0549661,37.49642],[127.0547477,37.4968392]]}},{"type":"Feature","properties":{"name":"도곡로64길"},"geometry":{"type":"LineString","coordinates":[[127.0560321,37.494293],[127.055895,37.4944638],[127.0558464,37.4945243],[127.0555793,37.4950959],[127.0553976,37.4954924],[127.0553036,37.4956857],[127.0550141,37.4963166]]}},{"type":"Feature","properties":{"name":"남부순환로397길"},"geometry":{"type":"LineString","coordinates":[[127.0604312,37.4941749],[127.05919,37.493597],[127.0578866,37.493027],[127.0574654,37.4928268]]}},{"type":"Feature","properties":{"name":"테헤란로78길"},"geometry":{"type":"LineString","coordinates":[[127.0558093,37.5049961],[127.0557253,37.505166],[127.055607,37.5054052],[127.0554132,37.5057871],[127.0552001,37.5061802]]}},{"type":"Feature","properties":{"name":"테헤란로78길"},"geometry":{"type":"LineString","coordinates":[[127.0561139,37.5043456],[127.0558684,37.5048731]]}},{"type":"Feature","properties":{"name":"삼성로100길"},"geometry":{"type":"LineString","coordinates":[[127.0573874,37.5100973],[127.0568127,37.5112933]]}},{"type":"Feature","properties":{"name":"테헤란로64길"},"geometry":{"type":"LineString","coordinates":[[127.0515089,37.5036021],[127.0515076,37.5036037],[127.0513631,37.5039354],[127.0511194,37.5044677],[127.0509317,37.5048741]]}},{"type":"Feature","properties":{"name":"테헤란로64길"},"geometry":{"type":"LineString","coordinates":[[127.0518343,37.5029335],[127.0515901,37.5034773]]}},{"type":"Feature","properties":{"name":"삼성로81길"},"geometry":{"type":"LineString","coordinates":[[127.0541322,37.5036151],[127.0543618,37.5036909],[127.0547267,37.5038087],[127.0548318,37.5038446],[127.0551204,37.5039394],[127.0555361,37.504076],[127.0560496,37.504239]]}},{"type":"Feature","properties":{"name":"삼성로100길"},"geometry":{"type":"LineString","coordinates":[[127.0574828,37.5100422],[127.0579794,37.5102015],[127.0580733,37.5102318]]}},{"type":"Feature","properties":{"name":"삼성로100길"},"geometry":{"type":"LineString","coordinates":[[127.0569404,37.5098714],[127.0572955,37.5099816]]}},{"type":"Feature","properties":{"name":"삼성로100길"},"geometry":{"type":"LineString","coordinates":[[127.0562666,37.5096673],[127.0567886,37.5098248]]}},{"type":"Feature","properties":{"name":"삼성로100길"},"geometry":{"type":"LineString","coordinates":[[127.0554207,37.5093891],[127.0561146,37.5096192]]}},{"type":"Feature","properties":{"name":"삼성로96길"},"geometry":{"type":"LineString","coordinates":[[127.0573746,37.5089993],[127.0579257,37.5091607],[127.0584664,37.5093329]]}},{"type":"Feature","properties":{"name":"삼성로96길"},"geometry":{"type":"LineString","coordinates":[[127.056737,37.5087981],[127.0572212,37.5089524]]}},{"type":"Feature","properties":{"name":"삼성로96길"},"geometry":{"type":"LineString","coordinates":[[127.0559044,37.5084699],[127.0559527,37.5084893],[127.0565873,37.5087442]]}},{"type":"Feature","properties":{"name":"테헤란로81길"},"geometry":{"type":"LineString","coordinates":[[127.0572022,37.5077257],[127.057412,37.5073117],[127.0574262,37.5072839]]}},{"type":"Feature","properties":{"name":"테헤란로81길"},"geometry":{"type":"LineString","coordinates":[[127.055568,37.5109044],[127.0556488,37.5107346],[127.0557167,37.5105925],[127.05578,37.5104598],[127.0558452,37.5103233],[127.0559086,37.5101903],[127.0559716,37.5100587],[127.0560339,37.5099281],[127.056103,37.5097829],[127.0561365,37.5097128]]}},{"type":"Feature","properties":{"name":"테헤란로81길"},"geometry":{"type":"LineString","coordinates":[[127.0566705,37.5087204],[127.0569304,37.5082482],[127.0571538,37.5078196]]}},{"type":"Feature","properties":{"name":"테헤란로81길"},"geometry":{"type":"LineString","coordinates":[[127.0561989,37.5095908],[127.0566051,37.5088402]]}},{"type":"Feature","properties":{"name":"테헤란로83길"},"geometry":{"type":"LineString","coordinates":[[127.057809,37.5079092],[127.0580089,37.5075156],[127.0580225,37.5074908]]}},{"type":"Feature","properties":{"name":"테헤란로83길"},"geometry":{"type":"LineString","coordinates":[[127.0573054,37.5089235],[127.0575482,37.5084522],[127.0577621,37.5080045]]}},{"type":"Feature","properties":{"name":"테헤란로83길"},"geometry":{"type":"LineString","coordinates":[[127.05687,37.5097954],[127.0570654,37.5093765],[127.0570729,37.5093634],[127.0572421,37.5090447]]}},{"type":"Feature","properties":{"name":"삼성로108길"},"geometry":{"type":"LineString","coordinates":[[127.0559867,37.5122214],[127.0567932,37.5124847]]}},{"type":"Feature","properties":{"name":"삼성로108길"},"geometry":{"type":"LineString","coordinates":[[127.0552672,37.5120237],[127.0554375,37.5120654],[127.0558665,37.5121851]]}},{"type":"Feature","properties":{"name":"삼성로108길"},"geometry":{"type":"LineString","coordinates":[[127.0550468,37.5119692],[127.0551458,37.5119938]]}},{"type":"Feature","properties":{"name":"삼성로108길"},"geometry":{"type":"LineString","coordinates":[[127.0541406,37.5117715],[127.0548883,37.5119327]]}},{"type":"Feature","properties":{"name":"사평대로53길"},"geometry":{"type":"LineString","coordinates":[[127.0213734,37.5055588],[127.0213601,37.5055536],[127.0210715,37.5056696]]}},{"type":"Feature","properties":{"name":""},"geometry":{"type":"LineString","coordinates":[[127.0203773,37.4973914],[127.0203846,37.4973962]]}},{"type":"Feature","properties":{"name":""},"geometry":{"type":"LineString","coordinates":[[127.0548797,37.5121172],[127.0549203,37.5120226]]}},{"type":"Feature","properties":{"name":"봉은사로18길"},"geometry":{"type":"LineString","coordinates":[[127.0298636,37.5043339],[127.0300779,37.5042222],[127.0302962,37.5041083]]}},{"type":"Feature","properties":{"name":"강남대로146길"},"geometry":{"type":"LineString","coordinates":[[127.0211507,37.5139217],[127.0208898,37.5147654]]}},{"type":"Feature","properties":{"name":"강남대로136길"},"geometry":{"type":"LineString","coordinates":[[127.0210954,37.5138066],[127.02131,37.5130798]]}},{"type":"Feature","properties":{"name":"강남대로122길"},"geometry":{"type":"LineString","coordinates":[[127.0258654,37.5076188],[127.025681,37.5080112],[127.0254917,37.508396]]}},{"type":"Feature","properties":{"name":"강남대로118길"},"geometry":{"type":"LineString","coordinates":[[127.026069,37.5071718],[127.0259218,37.5074964]]}},{"type":"Feature","properties":{"name":"강남대로106길"},"geometry":{"type":"LineString","coordinates":[[127.0268742,37.5034958],[127.0270356,37.5031754]]}},{"type":"Feature","properties":{"name":"남부순환로381길"},"geometry":{"type":"LineString","coordinates":[[127.0450529,37.487036],[127.045526,37.4872778],[127.0463933,37.4876764],[127.047773,37.4883016],[127.0479059,37.4884083],[127.0483086,37.487856]]}},{"type":"Feature","properties":{"name":"테헤란로27길"},"geometry":{"type":"LineString","coordinates":[[127.0375213,37.5032777],[127.0380346,37.5034523]]}},{"type":"Feature","properties":{"name":"테헤란로21길"},"geometry":{"type":"LineString","coordinates":[[127.0343377,37.5016859],[127.0343173,37.501683]]}},{"type":"Feature","properties":{"name":"논현로86길"},"geometry":{"type":"LineString","coordinates":[[127.0386178,37.4997174],[127.0389234,37.5000386],[127.0389657,37.5000828]]}},{"type":"Feature","properties":{"name":"논현로86길"},"geometry":{"type":"LineString","coordinates":[[127.0377184,37.4994154],[127.0380945,37.4995283],[127.0384947,37.4996485]]}},{"type":"Feature","properties":{"name":"도곡로13길"},"geometry":{"type":"LineString","coordinates":[[127.0365707,37.491596],[127.0367629,37.4912016]]}},{"type":"Feature","properties":{"name":"도곡로13길"},"geometry":{"type":"LineString","coordinates":[[127.036216,37.4923244],[127.0365116,37.4917171]]}},{"type":"Feature","properties":{"name":"도곡로13길"},"geometry":{"type":"LineString","coordinates":[[127.0358757,37.4930655],[127.0361584,37.4924467]]}},{"type":"Feature","properties":{"name":"학동로24길"},"geometry":{"type":"LineString","coordinates":[[127.0286622,37.5131899],[127.0288527,37.5127943],[127.0288948,37.5127071]]}},{"type":"Feature","properties":{"name":"논현로101길"},"geometry":{"type":"LineString","coordinates":[[127.0336158,37.5042084],[127.0329093,37.5046044]]}},{"type":"Feature","properties":{"name":"테헤란로19길"},"geometry":{"type":"LineString","coordinates":[[127.0310605,37.5047709],[127.031326,37.5046309],[127.0315953,37.5044888],[127.0316512,37.5043603]]}},{"type":"Feature","properties":{"name":"봉은사로5길"},"geometry":{"type":"LineString","coordinates":[[127.0261502,37.505737],[127.0260188,37.5060355]]}},{"type":"Feature","properties":{"name":"봉은사로5길"},"geometry":{"type":"LineString","coordinates":[[127.0264093,37.5051488],[127.0262046,37.5056133]]}},{"type":"Feature","properties":{"name":""},"geometry":{"type":"LineString","coordinates":[[127.0574855,37.5097898],[127.0574104,37.5099613]]}},{"type":"Feature","properties":{"name":"역삼로14길"},"geometry":{"type":"LineString","coordinates":[[127.0351591,37.4945326],[127.0353435,37.4941569],[127.0354411,37.4939803]]}},{"type":"Feature","properties":{"name":"역삼로5길"},"geometry":{"type":"LineString","coordinates":[[127.0325739,37.4938964],[127.0324189,37.4942197],[127.0319739,37.4951566],[127.0318512,37.495423]]}},{"type":"Feature","properties":{"name":"역삼로74길"},"geometry":{"type":"LineString","coordinates":[[127.0552491,37.5019191],[127.0552473,37.5019009],[127.0552154,37.5015884],[127.0551787,37.501279]]}},{"type":"Feature","properties":{"name":"테헤란로70길"},"geometry":{"type":"LineString","coordinates":[[127.0537643,37.5041961],[127.0539996,37.5036714]]}},{"type":"Feature","properties":{"name":"삼성로81길"},"geometry":{"type":"LineString","coordinates":[[127.0562093,37.5042909],[127.0575807,37.5047472],[127.0576206,37.5047606]]}},{"type":"Feature","properties":{"name":"삼성로75길"},"geometry":{"type":"LineString","coordinates":[[127.0581433,37.5037319],[127.0580285,37.503694],[127.0577849,37.5036139],[127.0573168,37.5034604],[127.0568519,37.5033003],[127.0564546,37.5031719]]}},{"type":"Feature","properties":{"name":"학동로9길"},"geometry":{"type":"LineString","coordinates":[[127.0242628,37.5128905],[127.0237945,37.5138816]]}},{"type":"Feature","properties":{"name":"강남대로128길"},"geometry":{"type":"LineString","coordinates":[[127.0235739,37.5100668],[127.0240304,37.5102111],[127.0246313,37.5104011]]}},{"type":"Feature","properties":{"name":"강남대로128길"},"geometry":{"type":"LineString","coordinates":[[127.0229563,37.5098844],[127.0234204,37.5100201]]}},{"type":"Feature","properties":{"name":"강남대로128길"},"geometry":{"type":"LineString","coordinates":[[127.0222266,37.509657],[127.0224908,37.509741],[127.0228037,37.5098383]]}},{"type":"Feature","properties":{"name":""},"geometry":{"type":"LineString","coordinates":[[127.0445791,37.5042064],[127.0444756,37.5044214],[127.0445349,37.5046248]]}},{"type":"Feature","properties":{"name":"테헤란로13길"},"geometry":{"type":"LineString","coordinates":[[127.0315298,37.5020065],[127.0311417,37.5018954],[127.0310932,37.5018557]]}},{"type":"Feature","properties":{"name":"도곡로57길"},"geometry":{"type":"LineString","coordinates":[[127.0506554,37.4970279],[127.0508849,37.4965769]]}},{"type":"Feature","properties":{"name":"도곡로63길"},"geometry":{"type":"LineString","coordinates":[[127.0546853,37.4969596],[127.0543851,37.4975436]]}},{"type":"Feature","properties":{"name":"역삼로78길"},"geometry":{"type":"LineString","coordinates":[[127.0570279,37.5017518],[127.0572929,37.5012491],[127.0575454,37.5007551]]}},{"type":"Feature","properties":{"name":"역삼로64길"},"geometry":{"type":"LineString","coordinates":[[127.0529597,37.5005617],[127.0527121,37.5010877]]}},{"type":"Feature","properties":{"name":"언주로113길"},"geometry":{"type":"LineString","coordinates":[[127.0373433,37.5096246],[127.0365891,37.509388]]}},{"type":"Feature","properties":{"name":"봉은사로37길"},"geometry":{"type":"LineString","coordinates":[[127.0368852,37.5089552],[127.0365785,37.5092969]]}},{"type":"Feature","properties":{"name":"봉은사로37길"},"geometry":{"type":"LineString","coordinates":[[127.0372224,37.5083822],[127.0369729,37.5088347]]}},{"type":"Feature","properties":{"name":"서초대로73길"},"geometry":{"type":"LineString","coordinates":[[127.0251802,37.4990654],[127.0248193,37.4998149],[127.024696,37.5000626],[127.0246146,37.5002378],[127.024423,37.5006286],[127.0243429,37.5007782],[127.0241524,37.5011608],[127.0240466,37.5013844],[127.0239939,37.5014997]]}},{"type":"Feature","properties":{"name":""},"geometry":{"type":"LineString","coordinates":[[127.0299642,37.5109826],[127.0294191,37.5112458]]}},{"type":"Feature","properties":{"name":""},"geometry":{"type":"LineString","coordinates":[[127.0503073,37.5137764],[127.0497468,37.5135945]]}},{"type":"Feature","properties":{"name":""},"geometry":{"type":"LineString","coordinates":[[127.0199859,37.4966056],[127.0200013,37.4965579],[127.0200226,37.4964922],[127.0200799,37.4964412],[127.020137,37.4963903]]}},{"type":"Feature","properties":{"name":"삼성로67길"},"geometry":{"type":"LineString","coordinates":[[127.0594722,37.5013306],[127.0592123,37.5012455],[127.0588691,37.5011334],[127.0585585,37.5010318],[127.0582456,37.5009295],[127.057662,37.5007385]]}},{"type":"Feature","properties":{"name":"논현로"},"geometry":{"type":"LineString","coordinates":[[127.0388424,37.4966374],[127.0390144,37.4962727],[127.0391889,37.4959141]]}},{"type":"Feature","properties":{"name":"논현로"},"geometry":{"type":"LineString","coordinates":[[127.038619,37.4971146],[127.0387851,37.4967593]]}},{"type":"Feature","properties":{"name":"논현로"},"geometry":{"type":"LineString","coordinates":[[127.0383102,37.497791],[127.0385628,37.4972363]]}},{"type":"Feature","properties":{"name":"논현로"},"geometry":{"type":"LineString","coordinates":[[127.0380915,37.4982651],[127.0382543,37.497913]]}},{"type":"Feature","properties":{"name":"논현로"},"geometry":{"type":"LineString","coordinates":[[127.0375807,37.4993192],[127.0380338,37.4983867]]}},{"type":"Feature","properties":{"name":"논현로"},"geometry":{"type":"LineString","coordinates":[[127.036989,37.5005967],[127.037013,37.5005445],[127.0370172,37.5005358],[127.0371439,37.5002613],[127.0375224,37.4994421]]}},{"type":"Feature","properties":{"name":"논현로"},"geometry":{"type":"LineString","coordinates":[[127.0310596,37.5133544],[127.0309302,37.5137509],[127.0309213,37.5137725],[127.0308984,37.513838]]}},{"type":"Feature","properties":{"name":"논현로"},"geometry":{"type":"LineString","coordinates":[[127.0315962,37.512157],[127.0314445,37.512486],[127.0311091,37.5132262]]}},{"type":"Feature","properties":{"name":"테헤란로87길"},"geometry":{"type":"LineString","coordinates":[[127.0581028,37.5102892],[127.0574473,37.5114872]]}},{"type":"Feature","properties":{"name":"논현로"},"geometry":{"type":"LineString","coordinates":[[127.0360526,37.5024912],[127.0361795,37.5022257],[127.0361992,37.5021843]]}},{"type":"Feature","properties":{"name":"논현로94길"},"geometry":{"type":"LineString","coordinates":[[127.0370924,37.5023991],[127.0365027,37.5022211],[127.0364167,37.502195]]}},{"type":"Feature","properties":{"name":"논현로"},"geometry":{"type":"LineString","coordinates":[[127.0362565,37.5020627],[127.0365722,37.5013828],[127.0366954,37.5011385],[127.0367574,37.5010158],[127.036775,37.5009808]]}},{"type":"Feature","properties":{"name":""},"geometry":{"type":"LineString","coordinates":[[127.0574739,37.5123908],[127.0571085,37.5122376]]}},{"type":"Feature","properties":{"name":""},"geometry":{"type":"LineString","coordinates":[[127.057452,37.511846],[127.0573417,37.5118109]]}},{"type":"Feature","properties":{"name":"강남대로61길"},"geometry":{"type":"LineString","coordinates":[[127.0251095,37.4989901],[127.0243473,37.4987657],[127.0236251,37.4985648],[127.0235747,37.4985508]]}},{"type":"Feature","properties":{"name":"사임당로"},"geometry":{"type":"LineString","coordinates":[[127.0210648,37.4903179],[127.0210755,37.4903211],[127.0218726,37.4905632]]}},{"type":"Feature","properties":{"name":"사임당로"},"geometry":{"type":"LineString","coordinates":[[127.0220248,37.4906097],[127.0222745,37.4906864]]}},{"type":"Feature","properties":{"name":"사임당로"},"geometry":{"type":"LineString","coordinates":[[127.0224305,37.4907346],[127.022514,37.4907606],[127.0228163,37.4908519]]}},{"type":"Feature","properties":{"name":"서운로"},"geometry":{"type":"LineString","coordinates":[[127.0249878,37.4953886],[127.0246201,37.4961522],[127.0243697,37.4966794],[127.0243459,37.4967298],[127.0243329,37.4967572]]}},{"type":"Feature","properties":{"name":"서운로"},"geometry":{"type":"LineString","coordinates":[[127.0257578,37.4937436],[127.0256578,37.4939611],[127.0256195,37.4940446],[127.025477,37.4943552],[127.0254242,37.4944699],[127.0253768,37.4945714],[127.0250715,37.4952135]]}},{"type":"Feature","properties":{"name":"효령로69길"},"geometry":{"type":"LineString","coordinates":[[127.023058,37.4904344],[127.0233633,37.4896831],[127.0234105,37.4895651]]}},{"type":"Feature","properties":{"name":"효령로69길"},"geometry":{"type":"LineString","coordinates":[[127.0234599,37.4894414],[127.0237449,37.4887297],[127.023794,37.488559]]}},{"type":"Feature","properties":{"name":"효령로69길"},"geometry":{"type":"LineString","coordinates":[[127.0238305,37.4884324],[127.0239512,37.4880135],[127.0241636,37.4874027],[127.0242105,37.4872682]]}},{"type":"Feature","properties":{"name":"서초대로"},"geometry":{"type":"LineString","coordinates":[[127.0243725,37.4968233],[127.0244206,37.4968381],[127.0244718,37.4968538],[127.0251849,37.4970723],[127.0258651,37.4972829]]}},{"type":"Feature","properties":{"name":"서초대로"},"geometry":{"type":"LineString","coordinates":[[127.0260845,37.4973505],[127.0269413,37.4976132],[127.0271432,37.4976754]]}},{"type":"Feature","properties":{"name":"서초대로"},"geometry":{"type":"LineString","coordinates":[[127.0211438,37.4958843],[127.0215938,37.4960239],[127.0218764,37.4961114]]}},{"type":"Feature","properties":{"name":"서초대로"},"geometry":{"type":"LineString","coordinates":[[127.0220281,37.4961585],[127.0225053,37.4963064]]}},{"type":"Feature","properties":{"name":"서초대로"},"geometry":{"type":"LineString","coordinates":[[127.0226571,37.4963535],[127.0240394,37.496782],[127.0240789,37.4967944],[127.0241176,37.4968064],[127.0241923,37.4968295]]}},{"type":"Feature","properties":{"name":"서초대로"},"geometry":{"type":"LineString","coordinates":[[127.0208484,37.4959205],[127.0205149,37.4958099]]}},{"type":"Feature","properties":{"name":"논현로98길"},"geometry":{"type":"LineString","coordinates":[[127.0378214,37.5040636],[127.037949,37.5037819],[127.0380582,37.5035478]]}},{"type":"Feature","properties":{"name":"언주로103길"},"geometry":{"type":"LineString","coordinates":[[127.040012,37.5069276],[127.0395811,37.5067758]]}},{"type":"Feature","properties":{"name":"언주로103길"},"geometry":{"type":"LineString","coordinates":[[127.0394085,37.5067216],[127.0385476,37.5064815],[127.0382697,37.5063995]]}},{"type":"Feature","properties":{"name":"언주로103길"},"geometry":{"type":"LineString","coordinates":[[127.0381163,37.5063539],[127.0377913,37.5062566]]}},{"type":"Feature","properties":{"name":"언주로103길"},"geometry":{"type":"LineString","coordinates":[[127.0376286,37.5062058],[127.0373799,37.5061254],[127.0372891,37.5060966],[127.0370541,37.5060232],[127.0368562,37.505963],[127.0367072,37.5059188],[127.0364219,37.5058336],[127.0363782,37.5058206],[127.0360618,37.5057264],[127.0360323,37.5057184],[127.035747,37.5056277]]}},{"type":"Feature","properties":{"name":"역삼로33길"},"geometry":{"type":"LineString","coordinates":[[127.0419758,37.4972705],[127.0418067,37.4976191],[127.0416955,37.4978484]]}},{"type":"Feature","properties":{"name":"역삼로33길"},"geometry":{"type":"LineString","coordinates":[[127.041633,37.4979812],[127.041455,37.4983707],[127.0413077,37.4986811]]}},{"type":"Feature","properties":{"name":"언주로97길"},"geometry":{"type":"LineString","coordinates":[[127.0384508,37.5046478],[127.0387278,37.504742],[127.0390661,37.5048578],[127.0392787,37.5049309],[127.0394089,37.5049797],[127.0396716,37.505084]]}},{"type":"Feature","properties":{"name":"언주로97길"},"geometry":{"type":"LineString","coordinates":[[127.0398203,37.5051392],[127.0399242,37.505175],[127.0402404,37.5052888],[127.0404962,37.5053735]]}},{"type":"Feature","properties":{"name":"테헤란로39길"},"geometry":{"type":"LineString","coordinates":[[127.041234,37.503998],[127.0411277,37.5042296],[127.0406211,37.5053337]]}},{"type":"Feature","properties":{"name":"테헤란로39길"},"geometry":{"type":"LineString","coordinates":[[127.0405576,37.5054765],[127.0404367,37.5057592],[127.0404111,37.5057983]]}},{"type":"Feature","properties":{"name":"봉은사로26길"},"geometry":{"type":"LineString","coordinates":[[127.0328361,37.5069483],[127.0330117,37.5065908]]}},{"type":"Feature","properties":{"name":"봉은사로26길"},"geometry":{"type":"LineString","coordinates":[[127.0330695,37.5064703],[127.0333135,37.5059485]]}},{"type":"Feature","properties":{"name":"테헤란로5길"},"geometry":{"type":"LineString","coordinates":[[127.0289568,37.500855],[127.0290621,37.5010302]]}},{"type":"Feature","properties":{"name":"테헤란로5길"},"geometry":{"type":"LineString","coordinates":[[127.029146,37.5011644],[127.0293482,37.5014864],[127.0294898,37.5017495],[127.0295137,37.5018257]]}},{"type":"Feature","properties":{"name":"테헤란로5길"},"geometry":{"type":"LineString","coordinates":[[127.0295512,37.5019696],[127.0295529,37.5019789],[127.0294672,37.5021973]]}},{"type":"Feature","properties":{"name":"테헤란로5길"},"geometry":{"type":"LineString","coordinates":[[127.0294126,37.5023225],[127.0293152,37.5025248]]}},{"type":"Feature","properties":{"name":""},"geometry":{"type":"LineString","coordinates":[[127.0318203,37.5035504],[127.0324932,37.5037497]]}},{"type":"Feature","properties":{"name":"논현로97길"},"geometry":{"type":"LineString","coordinates":[[127.0303963,37.5029169],[127.0303237,37.5028363]]}},{"type":"Feature","properties":{"name":"논현로97길"},"geometry":{"type":"LineString","coordinates":[[127.0303313,37.5027055],[127.0306946,37.5021689],[127.0313015,37.5023607]]}},{"type":"Feature","properties":{"name":"테헤란로13길"},"geometry":{"type":"LineString","coordinates":[[127.0327165,37.4997351],[127.0327153,37.4997377],[127.0324978,37.5002023],[127.0323155,37.5005667]]}},{"type":"Feature","properties":{"name":"테헤란로13길"},"geometry":{"type":"LineString","coordinates":[[127.0322703,37.5006605],[127.0320444,37.5011466],[127.0319793,37.5012876],[127.0318266,37.501608]]}},{"type":"Feature","properties":{"name":"테헤란로19길"},"geometry":{"type":"LineString","coordinates":[[127.0326642,37.5035038],[127.0318178,37.5032499]]}},{"type":"Feature","properties":{"name":"봉은사로2길"},"geometry":{"type":"LineString","coordinates":[[127.0253737,37.5046065],[127.0255622,37.504191]]}},{"type":"Feature","properties":{"name":"봉은사로2길"},"geometry":{"type":"LineString","coordinates":[[127.0256852,37.5039224],[127.0261564,37.5029062]]}},{"type":"Feature","properties":{"name":"봉은사로2길"},"geometry":{"type":"LineString","coordinates":[[127.0262144,37.5027852],[127.0264576,37.5022949],[127.0266962,37.5017981]]}},{"type":"Feature","properties":{"name":"논현로105길"},"geometry":{"type":"LineString","coordinates":[[127.0269043,37.5043359],[127.027845,37.5046196],[127.0281219,37.5047026],[127.0284439,37.5047997]]}},{"type":"Feature","properties":{"name":"논현로105길"},"geometry":{"type":"LineString","coordinates":[[127.0334163,37.5058673],[127.0335352,37.5058754]]}},{"type":"Feature","properties":{"name":"논현로105길"},"geometry":{"type":"LineString","coordinates":[[127.0339451,37.5059565],[127.0343277,37.5060738]]}},{"type":"Feature","properties":{"name":"논현로105길"},"geometry":{"type":"LineString","coordinates":[[127.028596,37.5048449],[127.0294763,37.5051026]]}},{"type":"Feature","properties":{"name":"논현로105길"},"geometry":{"type":"LineString","coordinates":[[127.0297808,37.5051831],[127.0305864,37.5054245]]}},{"type":"Feature","properties":{"name":"논현로105길"},"geometry":{"type":"LineString","coordinates":[[127.0308891,37.5055129],[127.0317494,37.5057711]]}},{"type":"Feature","properties":{"name":"논현로105길"},"geometry":{"type":"LineString","coordinates":[[127.031916,37.5057977],[127.0327023,37.5058367]]}},{"type":"Feature","properties":{"name":"논현로105길"},"geometry":{"type":"LineString","coordinates":[[127.0328859,37.5058447],[127.0332501,37.5058583]]}},{"type":"Feature","properties":{"name":"봉은사로4길"},"geometry":{"type":"LineString","coordinates":[[127.0271136,37.5023068],[127.026918,37.5027043]]}},{"type":"Feature","properties":{"name":"봉은사로4길"},"geometry":{"type":"LineString","coordinates":[[127.0268585,37.5028249],[127.0267898,37.502963]]}},{"type":"Feature","properties":{"name":"봉은사로4길"},"geometry":{"type":"LineString","coordinates":[[127.0267323,37.5030849],[127.0264126,37.5037989]]}},{"type":"Feature","properties":{"name":"봉은사로4길"},"geometry":{"type":"LineString","coordinates":[[127.0263323,37.5039684],[127.0259232,37.504788]]}},{"type":"Feature","properties":{"name":"봉은사로24길"},"geometry":{"type":"LineString","coordinates":[[127.0320253,37.5025835],[127.0318997,37.502853]]}},{"type":"Feature","properties":{"name":"봉은사로24길"},"geometry":{"type":"LineString","coordinates":[[127.0318378,37.5029718],[127.0317848,37.5030632]]}},{"type":"Feature","properties":{"name":"봉은사로24길"},"geometry":{"type":"LineString","coordinates":[[127.0317499,37.5032863],[127.0317435,37.5034809]]}},{"type":"Feature","properties":{"name":"봉은사로24길"},"geometry":{"type":"LineString","coordinates":[[127.0317402,37.5036142],[127.0317384,37.5037151],[127.0317273,37.5041844]]}},{"type":"Feature","properties":{"name":"강남대로110길"},"geometry":{"type":"LineString","coordinates":[[127.0292539,37.5035976],[127.0294531,37.50349],[127.029799,37.5033029]]}},{"type":"Feature","properties":{"name":"강남대로110길"},"geometry":{"type":"LineString","coordinates":[[127.0299336,37.5032299],[127.0303809,37.5029867]]}},{"type":"Feature","properties":{"name":"강남대로110길"},"geometry":{"type":"LineString","coordinates":[[127.030522,37.5029533],[127.0307439,37.5029749],[127.0309807,37.5030023]]}},{"type":"Feature","properties":{"name":"강남대로110길"},"geometry":{"type":"LineString","coordinates":[[127.0312061,37.5030286],[127.0313218,37.5030422],[127.0316644,37.5030858]]}},{"type":"Feature","properties":{"name":"강남대로110길"},"geometry":{"type":"LineString","coordinates":[[127.0285664,37.504013],[127.0283526,37.5041207],[127.0281094,37.5040488],[127.0271701,37.5037709]]}},{"type":"Feature","properties":{"name":"강남대로110길"},"geometry":{"type":"LineString","coordinates":[[127.0269706,37.5037748],[127.0266415,37.5038388],[127.0264711,37.5038713]]}},{"type":"Feature","properties":{"name":"강남대로110길"},"geometry":{"type":"LineString","coordinates":[[127.0262504,37.5039132],[127.0260028,37.5039598],[127.0257406,37.5039974]]}},{"type":"Feature","properties":{"name":"논현로97길"},"geometry":{"type":"LineString","coordinates":[[127.034438,37.5022117],[127.0343277,37.5024595],[127.0341098,37.5029258]]}},{"type":"Feature","properties":{"name":"테헤란로19길"},"geometry":{"type":"LineString","coordinates":[[127.0331095,37.5027653],[127.0331085,37.5027715],[127.0329333,37.5031518]]}},{"type":"Feature","properties":{"name":"논현로99길"},"geometry":{"type":"LineString","coordinates":[[127.0319373,37.5029177],[127.0328177,37.503172]]}},{"type":"Feature","properties":{"name":"논현로99길"},"geometry":{"type":"LineString","coordinates":[[127.0329712,37.5032176],[127.0332828,37.5033129],[127.0336632,37.5034297]]}},{"type":"Feature","properties":{"name":"논현로99길"},"geometry":{"type":"LineString","coordinates":[[127.0338147,37.5034746],[127.0345537,37.503687]]}},{"type":"Feature","properties":{"name":"봉은사로6길"},"geometry":{"type":"LineString","coordinates":[[127.0291858,37.5025691],[127.0284149,37.5023148],[127.0282269,37.502407]]}},{"type":"Feature","properties":{"name":"테헤란로19길"},"geometry":{"type":"LineString","coordinates":[[127.0317921,37.5042124],[127.0324895,37.503835]]}},{"type":"Feature","properties":{"name":"테헤란로19길"},"geometry":{"type":"LineString","coordinates":[[127.0326336,37.5037548],[127.0327061,37.5035694]]}},{"type":"Feature","properties":{"name":"테헤란로19길"},"geometry":{"type":"LineString","coordinates":[[127.0327582,37.5034472],[127.032843,37.503264]]}},{"type":"Feature","properties":{"name":"봉은사로18길"},"geometry":{"type":"LineString","coordinates":[[127.0306272,37.5053855],[127.0304282,37.5051248],[127.0301807,37.5048403],[127.0298365,37.5044441]]}},{"type":"Feature","properties":{"name":"봉은사로18길"},"geometry":{"type":"LineString","coordinates":[[127.0297447,37.5043358],[127.0292266,37.503709]]}},{"type":"Feature","properties":{"name":"봉은사로18길"},"geometry":{"type":"LineString","coordinates":[[127.0291361,37.5035998],[127.0290446,37.5034898],[127.0287492,37.503155],[127.0287238,37.5031245],[127.0281788,37.5024923]]}},{"type":"Feature","properties":{"name":"봉은사로18길"},"geometry":{"type":"LineString","coordinates":[[127.0280849,37.5023836],[127.027581,37.501799]]}},{"type":"Feature","properties":{"name":"봉은사로18길"},"geometry":{"type":"LineString","coordinates":[[127.0275145,37.5016209],[127.0276108,37.5013951]]}},{"type":"Feature","properties":{"name":"봉은사로18길"},"geometry":{"type":"LineString","coordinates":[[127.0276634,37.5012722],[127.0277266,37.5011244],[127.0277572,37.5010807],[127.0278672,37.5008422]]}},{"type":"Feature","properties":{"name":"봉은사로7길"},"geometry":{"type":"LineString","coordinates":[[127.027779,37.5055729],[127.0275794,37.5060271]]}},{"type":"Feature","properties":{"name":"봉은사로7길"},"geometry":{"type":"LineString","coordinates":[[127.0275226,37.5061502],[127.0273776,37.5064488]]}},{"type":"Feature","properties":{"name":"봉은사로7길"},"geometry":{"type":"LineString","coordinates":[[127.0273202,37.5065705],[127.0271939,37.5068465]]}},{"type":"Feature","properties":{"name":"봉은사로7길"},"geometry":{"type":"LineString","coordinates":[[127.0271528,37.5069641],[127.0271318,37.5070519],[127.027129,37.5073182]]}},{"type":"Feature","properties":{"name":"봉은사로7길"},"geometry":{"type":"LineString","coordinates":[[127.0271238,37.5074529],[127.0270953,37.5078377]]}},{"type":"Feature","properties":{"name":"봉은사로7길"},"geometry":{"type":"LineString","coordinates":[[127.0270891,37.5079705],[127.027085,37.5083547]]}},{"type":"Feature","properties":{"name":"봉은사로7길"},"geometry":{"type":"LineString","coordinates":[[127.0270792,37.5084823],[127.0270687,37.5086156],[127.0270079,37.5088032],[127.0269842,37.5088549]]}},{"type":"Feature","properties":{"name":"논현로123길"},"geometry":{"type":"LineString","coordinates":[[127.0295208,37.5113904],[127.030058,37.5115591]]}},{"type":"Feature","properties":{"name":"논현로123길"},"geometry":{"type":"LineString","coordinates":[[127.0302163,37.5116095],[127.0304736,37.5116928],[127.0307545,37.511788]]}},{"type":"Feature","properties":{"name":"논현로123길"},"geometry":{"type":"LineString","coordinates":[[127.030908,37.5118396],[127.0312046,37.5119385],[127.0314725,37.5120278]]}},{"type":"Feature","properties":{"name":"논현로121길"},"geometry":{"type":"LineString","coordinates":[[127.0308935,37.5109161],[127.0310879,37.5111344]]}},{"type":"Feature","properties":{"name":"논현로121길"},"geometry":{"type":"LineString","coordinates":[[127.0311915,37.5112507],[127.0312101,37.5112715],[127.0317633,37.5114214]]}},{"type":"Feature","properties":{"name":"봉은사로13길"},"geometry":{"type":"LineString","coordinates":[[127.0298457,37.5079617],[127.0296949,37.5074601]]}},{"type":"Feature","properties":{"name":"봉은사로13길"},"geometry":{"type":"LineString","coordinates":[[127.0296555,37.5073339],[127.0295618,37.5070437]]}},{"type":"Feature","properties":{"name":"학동로20길"},"geometry":{"type":"LineString","coordinates":[[127.0284743,37.5119131],[127.0282517,37.5115619],[127.0281053,37.511278],[127.0280473,37.5111977]]}},{"type":"Feature","properties":{"name":"학동로20길"},"geometry":{"type":"LineString","coordinates":[[127.0279743,37.5111112],[127.0272464,37.5103775]]}},{"type":"Feature","properties":{"name":"학동로20길"},"geometry":{"type":"LineString","coordinates":[[127.0271672,37.5102983],[127.0268502,37.5099837],[127.0266615,37.5097964],[127.026593,37.5097285],[127.0263561,37.5094932]]}},{"type":"Feature","properties":{"name":"강남대로114길"},"geometry":{"type":"LineString","coordinates":[[127.0272487,37.5064954],[127.0265698,37.5062955]]}},{"type":"Feature","properties":{"name":"강남대로114길"},"geometry":{"type":"LineString","coordinates":[[127.0264182,37.5062491],[127.0260419,37.5061299]]}},{"type":"Feature","properties":{"name":"강남대로114길"},"geometry":{"type":"LineString","coordinates":[[127.0258906,37.506082],[127.0255106,37.5059615],[127.0251731,37.5058677],[127.0249044,37.5057852]]}},{"type":"Feature","properties":{"name":"강남대로126길"},"geometry":{"type":"LineString","coordinates":[[127.0254097,37.5100916],[127.0256083,37.5102804],[127.0257744,37.5104383],[127.0260411,37.5106915],[127.0262211,37.5108626]]}},{"type":"Feature","properties":{"name":"강남대로126길"},"geometry":{"type":"LineString","coordinates":[[127.026298,37.5109386],[127.0266004,37.5112505],[127.0269028,37.5115601],[127.0270461,37.5116363],[127.0273538,37.5117277]]}},{"type":"Feature","properties":{"name":"강남대로126길"},"geometry":{"type":"LineString","coordinates":[[127.0274715,37.5117637],[127.0283745,37.5120464]]}},{"type":"Feature","properties":{"name":"학동로11길"},"geometry":{"type":"LineString","coordinates":[[127.0243342,37.5140431],[127.0245249,37.5136437]]}},{"type":"Feature","properties":{"name":"학동로11길"},"geometry":{"type":"LineString","coordinates":[[127.0245811,37.5135227],[127.0247848,37.5130729]]}},{"type":"Feature","properties":{"name":"학동로11길"},"geometry":{"type":"LineString","coordinates":[[127.0248291,37.5129776],[127.0251103,37.5123895]]}},{"type":"Feature","properties":{"name":"학동로18길"},"geometry":{"type":"LineString","coordinates":[[127.0310118,37.5093966],[127.0306882,37.5095801]]}},{"type":"Feature","properties":{"name":"학동로18길"},"geometry":{"type":"LineString","coordinates":[[127.0305553,37.5096561],[127.0303179,37.5097932],[127.0300825,37.5099289]]}},{"type":"Feature","properties":{"name":"학동로18길"},"geometry":{"type":"LineString","coordinates":[[127.0275401,37.51148],[127.0274354,37.5116987]]}},{"type":"Feature","properties":{"name":"학동로18길"},"geometry":{"type":"LineString","coordinates":[[127.0273898,37.5117922],[127.0272026,37.5121683]]}},{"type":"Feature","properties":{"name":"학동로18길"},"geometry":{"type":"LineString","coordinates":[[127.0271579,37.5122633],[127.0269798,37.5126654]]}},{"type":"Feature","properties":{"name":"학동로18길"},"geometry":{"type":"LineString","coordinates":[[127.0299495,37.5100044],[127.0296514,37.5101704],[127.0295079,37.5102505]]}},{"type":"Feature","properties":{"name":"학동로18길"},"geometry":{"type":"LineString","coordinates":[[127.0293756,37.5103269],[127.0291015,37.5104912],[127.0288333,37.5106447]]}},{"type":"Feature","properties":{"name":"학동로18길"},"geometry":{"type":"LineString","coordinates":[[127.028699,37.5107216],[127.0283907,37.5108983],[127.0280912,37.5111004]]}},{"type":"Feature","properties":{"name":"학동로18길"},"geometry":{"type":"LineString","coordinates":[[127.0279625,37.5111849],[127.0275991,37.5114173]]}},{"type":"Feature","properties":{"name":"학동로2길"},"geometry":{"type":"LineString","coordinates":[[127.0222069,37.5112264],[127.0223578,37.5109026]]}},{"type":"Feature","properties":{"name":"학동로2길"},"geometry":{"type":"LineString","coordinates":[[127.0224159,37.5107803],[127.0228268,37.5099305]]}},{"type":"Feature","properties":{"name":"학동로2길"},"geometry":{"type":"LineString","coordinates":[[127.022886,37.5098091],[127.0230808,37.5094127]]}},{"type":"Feature","properties":{"name":"학동로2길"},"geometry":{"type":"LineString","coordinates":[[127.0231382,37.5092922],[127.0233344,37.5088683],[127.0238667,37.5077511]]}},{"type":"Feature","properties":{"name":"학동로26길"},"geometry":{"type":"LineString","coordinates":[[127.0301946,37.5111454],[127.0300583,37.5109947]]}},{"type":"Feature","properties":{"name":"학동로26길"},"geometry":{"type":"LineString","coordinates":[[127.0299629,37.5108893],[127.0294638,37.5103376]]}},{"type":"Feature","properties":{"name":"학동로26길"},"geometry":{"type":"LineString","coordinates":[[127.0293897,37.5102553],[127.028993,37.5098134],[127.0287192,37.5095085]]}},{"type":"Feature","properties":{"name":"학동로26길"},"geometry":{"type":"LineString","coordinates":[[127.0286238,37.5094016],[127.0282554,37.5089863],[127.0278313,37.5085117]]}},{"type":"Feature","properties":{"name":"학동로20길"},"geometry":{"type":"LineString","coordinates":[[127.0294014,37.5114354],[127.0286123,37.5119371]]}},{"type":"Feature","properties":{"name":"학동로20길"},"geometry":{"type":"LineString","coordinates":[[127.0284431,37.5121227],[127.0282625,37.5124749]]}},{"type":"Feature","properties":{"name":"봉은사로11길"},"geometry":{"type":"LineString","coordinates":[[127.0285856,37.5079729],[127.0284929,37.5076954]]}},{"type":"Feature","properties":{"name":"봉은사로11길"},"geometry":{"type":"LineString","coordinates":[[127.0284549,37.5075666],[127.0283656,37.5072181]]}},{"type":"Feature","properties":{"name":"학동로26길"},"geometry":{"type":"LineString","coordinates":[[127.0295833,37.5127699],[127.0299091,37.5120644]]}},{"type":"Feature","properties":{"name":"학동로26길"},"geometry":{"type":"LineString","coordinates":[[127.0299635,37.511943],[127.0300879,37.511656]]}},{"type":"Feature","properties":{"name":"학동로26길"},"geometry":{"type":"LineString","coordinates":[[127.0301348,37.5115272],[127.0302237,37.5112312]]}},{"type":"Feature","properties":{"name":"논현로113길"},"geometry":{"type":"LineString","coordinates":[[127.0296738,37.5069963],[127.0307305,37.507946]]}},{"type":"Feature","properties":{"name":"논현로113길"},"geometry":{"type":"LineString","coordinates":[[127.0308699,37.5080272],[127.0320988,37.5083838]]}},{"type":"Feature","properties":{"name":"논현로113길"},"geometry":{"type":"LineString","coordinates":[[127.0322648,37.5084079],[127.0332711,37.5084377],[127.0332811,37.5084379]]}},{"type":"Feature","properties":{"name":"강남대로122길"},"geometry":{"type":"LineString","coordinates":[[127.0270184,37.5089594],[127.0271932,37.509111],[127.0275069,37.5094131],[127.0276737,37.5095954],[127.027904,37.5098204]]}},{"type":"Feature","properties":{"name":"강남대로120길"},"geometry":{"type":"LineString","coordinates":[[127.0296182,37.5074229],[127.0288144,37.5075798],[127.028574,37.5076267]]}},{"type":"Feature","properties":{"name":"강남대로120길"},"geometry":{"type":"LineString","coordinates":[[127.0284152,37.5076581],[127.0274079,37.5078597],[127.0271678,37.5079078]]}},{"type":"Feature","properties":{"name":"논현로127길"},"geometry":{"type":"LineString","coordinates":[[127.0288841,37.5126192],[127.0288863,37.5126199]]}},{"type":"Feature","properties":{"name":"논현로127길"},"geometry":{"type":"LineString","coordinates":[[127.0290232,37.5126599],[127.0295021,37.5127998]]}},{"type":"Feature","properties":{"name":"논현로127길"},"geometry":{"type":"LineString","coordinates":[[127.0296546,37.5128448],[127.0298281,37.5128963]]}},{"type":"Feature","properties":{"name":"논현로127길"},"geometry":{"type":"LineString","coordinates":[[127.0299805,37.5129419],[127.0301933,37.5130061]]}},{"type":"Feature","properties":{"name":"논현로127길"},"geometry":{"type":"LineString","coordinates":[[127.0303463,37.5130522],[127.030685,37.5131541],[127.0309258,37.5132265]]}},{"type":"Feature","properties":{"name":"봉은사로21길"},"geometry":{"type":"LineString","coordinates":[[127.0314599,37.5066694],[127.0312272,37.5071376]]}},{"type":"Feature","properties":{"name":"봉은사로21길"},"geometry":{"type":"LineString","coordinates":[[127.0311676,37.5072589],[127.0309978,37.5076083]]}},{"type":"Feature","properties":{"name":"봉은사로21길"},"geometry":{"type":"LineString","coordinates":[[127.0309401,37.5077299],[127.0308407,37.5079446]]}},{"type":"Feature","properties":{"name":"봉은사로21길"},"geometry":{"type":"LineString","coordinates":[[127.030773,37.5080829],[127.030675,37.5082703]]}},{"type":"Feature","properties":{"name":"강남대로126길"},"geometry":{"type":"LineString","coordinates":[[127.0252507,37.5100231],[127.0247634,37.5098668],[127.0238106,37.5095875]]}},{"type":"Feature","properties":{"name":"강남대로122길"},"geometry":{"type":"LineString","coordinates":[[127.0249742,37.5093776],[127.0250258,37.5092737]]}},{"type":"Feature","properties":{"name":"강남대로122길"},"geometry":{"type":"LineString","coordinates":[[127.0250846,37.5091533],[127.0252085,37.5088947],[127.0253983,37.508507]]}},{"type":"Feature","properties":{"name":"논현로115길"},"geometry":{"type":"LineString","coordinates":[[127.0271469,37.5084062],[127.0272557,37.50841],[127.0273765,37.5084094],[127.0277198,37.5084166]]}},{"type":"Feature","properties":{"name":"논현로115길"},"geometry":{"type":"LineString","coordinates":[[127.0299482,37.5080387],[127.0305427,37.5082771]]}},{"type":"Feature","properties":{"name":"논현로115길"},"geometry":{"type":"LineString","coordinates":[[127.0307042,37.5083424],[127.0313976,37.5086257]]}},{"type":"Feature","properties":{"name":"논현로115길"},"geometry":{"type":"LineString","coordinates":[[127.0315499,37.5086889],[127.0318619,37.5088209],[127.0320824,37.508907]]}},{"type":"Feature","properties":{"name":"논현로115길"},"geometry":{"type":"LineString","coordinates":[[127.0322497,37.5089658],[127.0328804,37.5091565],[127.0329365,37.5091734]]}},{"type":"Feature","properties":{"name":"논현로115길"},"geometry":{"type":"LineString","coordinates":[[127.0278903,37.5084114],[127.0279024,37.5084107],[127.0280263,37.5083594],[127.0283061,37.5081911]]}},{"type":"Feature","properties":{"name":"논현로115길"},"geometry":{"type":"LineString","coordinates":[[127.0284385,37.5081136],[127.0285578,37.5080454]]}},{"type":"Feature","properties":{"name":"논현로115길"},"geometry":{"type":"LineString","coordinates":[[127.0286924,37.5080023],[127.0287156,37.5079991],[127.0288158,37.508001],[127.0289499,37.5080035],[127.0291293,37.5080068]]}},{"type":"Feature","properties":{"name":"논현로115길"},"geometry":{"type":"LineString","coordinates":[[127.0293094,37.5080091],[127.0297932,37.5080141]]}},{"type":"Feature","properties":{"name":"강남대로122길"},"geometry":{"type":"LineString","coordinates":[[127.0268537,37.5089001],[127.0262932,37.5087205]]}},{"type":"Feature","properties":{"name":"강남대로122길"},"geometry":{"type":"LineString","coordinates":[[127.0261745,37.5086839],[127.0255154,37.5084878]]}},{"type":"Feature","properties":{"name":"강남대로122길"},"geometry":{"type":"LineString","coordinates":[[127.025362,37.5084419],[127.0243699,37.5081434],[127.0239759,37.5077518]]}},{"type":"Feature","properties":{"name":"강남대로122길"},"geometry":{"type":"LineString","coordinates":[[127.023837,37.5076244],[127.0233966,37.5072519]]}},{"type":"Feature","properties":{"name":"논현로121길"},"geometry":{"type":"LineString","coordinates":[[127.0307695,37.5108269],[127.0302327,37.5102281],[127.0300391,37.5100164]]}},{"type":"Feature","properties":{"name":"논현로121길"},"geometry":{"type":"LineString","coordinates":[[127.0299642,37.5099343],[127.0295603,37.5094905],[127.0292806,37.5091832]]}},{"type":"Feature","properties":{"name":"논현로121길"},"geometry":{"type":"LineString","coordinates":[[127.0291853,37.5090773],[127.0288258,37.5086718],[127.0284162,37.5082245]]}},{"type":"Feature","properties":{"name":"강남대로124길"},"geometry":{"type":"LineString","coordinates":[[127.0275211,37.5114301],[127.0269578,37.5108442],[127.0267736,37.5106582]]}},{"type":"Feature","properties":{"name":"강남대로124길"},"geometry":{"type":"LineString","coordinates":[[127.0266905,37.5105788],[127.0263757,37.5102937],[127.0261112,37.5100289],[127.0260632,37.5099798],[127.0258825,37.5097946]]}},{"type":"Feature","properties":{"name":"학동로3길"},"geometry":{"type":"LineString","coordinates":[[127.0212443,37.5148314],[127.0213566,37.5145735],[127.0216267,37.5140025]]}},{"type":"Feature","properties":{"name":"학동로7길"},"geometry":{"type":"LineString","coordinates":[[127.023231,37.5136765],[127.0236649,37.5127515]]}},{"type":"Feature","properties":{"name":"학동로7길"},"geometry":{"type":"LineString","coordinates":[[127.0237097,37.5126517],[127.0239633,37.5120537]]}},{"type":"Feature","properties":{"name":"논현로66길"},"geometry":{"type":"LineString","coordinates":[[127.0411564,37.4940892],[127.042114,37.4943705],[127.0424998,37.494484],[127.0428188,37.4945779],[127.0430908,37.4946569]]}},{"type":"Feature","properties":{"name":"언주로69길"},"geometry":{"type":"LineString","coordinates":[[127.0453629,37.4967288],[127.0449367,37.4966025],[127.0446481,37.496517]]}},{"type":"Feature","properties":{"name":"언주로69길"},"geometry":{"type":"LineString","coordinates":[[127.0444952,37.4964715],[127.0441348,37.4963637],[127.0438686,37.496287],[127.0436874,37.496232],[127.0434868,37.4961696],[127.0433221,37.4961216],[127.0431261,37.4960644],[127.0428811,37.4959916],[127.0426711,37.4959301]]}},{"type":"Feature","properties":{"name":"언주로85길"},"geometry":{"type":"LineString","coordinates":[[127.0431085,37.5013203],[127.0428025,37.5012334],[127.0424774,37.5011282]]}},{"type":"Feature","properties":{"name":"언주로85길"},"geometry":{"type":"LineString","coordinates":[[127.0423356,37.5010972],[127.0418503,37.501043]]}},{"type":"Feature","properties":{"name":"언주로85길"},"geometry":{"type":"LineString","coordinates":[[127.0416974,37.50101],[127.0413351,37.5008957],[127.040463,37.5006202]]}},{"type":"Feature","properties":{"name":"테헤란로38길"},"geometry":{"type":"LineString","coordinates":[[127.0417654,37.5010866],[127.0416497,37.5013066]]}},{"type":"Feature","properties":{"name":"테헤란로38길"},"geometry":{"type":"LineString","coordinates":[[127.0415543,37.5014936],[127.0414543,37.5016936],[127.0414166,37.501759],[127.0413268,37.5019321],[127.0413204,37.5019438]]}},{"type":"Feature","properties":{"name":"역삼로37길"},"geometry":{"type":"LineString","coordinates":[[127.0427552,37.4991184],[127.0429001,37.4987887],[127.0429699,37.4986395]]}},{"type":"Feature","properties":{"name":"역삼로37길"},"geometry":{"type":"LineString","coordinates":[[127.0430329,37.498507],[127.0433088,37.4979377]]}},{"type":"Feature","properties":{"name":"테헤란로38길"},"geometry":{"type":"LineString","coordinates":[[127.0432295,37.4993973],[127.0430244,37.4998392],[127.042986,37.4999233],[127.0428832,37.5001404]]}},{"type":"Feature","properties":{"name":"테헤란로38길"},"geometry":{"type":"LineString","coordinates":[[127.0428251,37.5002624],[127.0424557,37.5010368]]}},{"type":"Feature","properties":{"name":"도곡로37길"},"geometry":{"type":"LineString","coordinates":[[127.0450759,37.4939059],[127.0448134,37.4944446],[127.045118,37.4951995]]}},{"type":"Feature","properties":{"name":"도곡로37길"},"geometry":{"type":"LineString","coordinates":[[127.0451254,37.49536],[127.044913,37.4958145]]}},{"type":"Feature","properties":{"name":"도곡로37길"},"geometry":{"type":"LineString","coordinates":[[127.0448555,37.4959367],[127.0446237,37.496425]]}},{"type":"Feature","properties":{"name":"도곡로37길"},"geometry":{"type":"LineString","coordinates":[[127.044566,37.4965466],[127.0441627,37.497398]]}},{"type":"Feature","properties":{"name":"역삼로25길"},"geometry":{"type":"LineString","coordinates":[[127.0385762,37.4996193],[127.0388266,37.4990994]]}},{"type":"Feature","properties":{"name":"역삼로25길"},"geometry":{"type":"LineString","coordinates":[[127.0388835,37.4989788],[127.039245,37.498194]]}},{"type":"Feature","properties":{"name":"역삼로25길"},"geometry":{"type":"LineString","coordinates":[[127.03929,37.4980987],[127.0396156,37.4974305],[127.0397853,37.4970719]]}},{"type":"Feature","properties":{"name":"역삼로25길"},"geometry":{"type":"LineString","coordinates":[[127.0398777,37.4969482],[127.0400682,37.4967747],[127.0403741,37.4964668]]}},{"type":"Feature","properties":{"name":"언주로67길"},"geometry":{"type":"LineString","coordinates":[[127.0447843,37.4958619],[127.0443627,37.4957404],[127.0441637,37.4956821],[127.0438,37.4955765],[127.0434311,37.495461],[127.042957,37.4953229]]}},{"type":"Feature","properties":{"name":"테헤란로30길"},"geometry":{"type":"LineString","coordinates":[[127.0394287,37.5002025],[127.0398058,37.4993921]]}},{"type":"Feature","properties":{"name":"테헤란로30길"},"geometry":{"type":"LineString","coordinates":[[127.0398631,37.4992702],[127.0402345,37.4984854]]}},{"type":"Feature","properties":{"name":"테헤란로30길"},"geometry":{"type":"LineString","coordinates":[[127.0402789,37.4983905],[127.0405899,37.4977185],[127.040688,37.4975266]]}},{"type":"Feature","properties":{"name":"논현로80길"},"geometry":{"type":"LineString","coordinates":[[127.0411857,37.4987137],[127.0407715,37.498589],[127.0403504,37.4984653]]}},{"type":"Feature","properties":{"name":"논현로80길"},"geometry":{"type":"LineString","coordinates":[[127.0401971,37.4984208],[127.0397867,37.4983026],[127.0393602,37.4981743]]}},{"type":"Feature","properties":{"name":"논현로80길"},"geometry":{"type":"LineString","coordinates":[[127.0392077,37.4981286],[127.0384431,37.497901]]}},{"type":"Feature","properties":{"name":"도곡로27길"},"geometry":{"type":"LineString","coordinates":[[127.0423802,37.4930842],[127.0421521,37.493561]]}},{"type":"Feature","properties":{"name":"언주로71길"},"geometry":{"type":"LineString","coordinates":[[127.0448615,37.4977799],[127.044468,37.4975884],[127.0441739,37.4974453]]}},{"type":"Feature","properties":{"name":"언주로71길"},"geometry":{"type":"LineString","coordinates":[[127.0440821,37.4974006],[127.0437033,37.4972165],[127.0433162,37.4970267],[127.0429781,37.4968549],[127.0425718,37.4966546],[127.0423687,37.4965553]]}},{"type":"Feature","properties":{"name":"역삼로34길"},"geometry":{"type":"LineString","coordinates":[[127.0420042,37.4971269],[127.0421262,37.4968544],[127.0422543,37.4965682]]}},{"type":"Feature","properties":{"name":"역삼로34길"},"geometry":{"type":"LineString","coordinates":[[127.042304,37.4964617],[127.0425542,37.4959496]]}},{"type":"Feature","properties":{"name":"역삼로34길"},"geometry":{"type":"LineString","coordinates":[[127.0426125,37.4958281],[127.0428411,37.4953426]]}},{"type":"Feature","properties":{"name":"역삼로17길"},"geometry":{"type":"LineString","coordinates":[[127.0358267,37.4951693],[127.0360496,37.4957055],[127.0363239,37.4963807]]}},{"type":"Feature","properties":{"name":"역삼로17길"},"geometry":{"type":"LineString","coordinates":[[127.0363746,37.4965043],[127.0367818,37.4974878]]}},{"type":"Feature","properties":{"name":"테헤란로14길"},"geometry":{"type":"LineString","coordinates":[[127.0343592,37.4963212],[127.0341678,37.4967292],[127.0339784,37.4971195],[127.0336351,37.497835]]}},{"type":"Feature","properties":{"name":"논현로79길"},"geometry":{"type":"LineString","coordinates":[[127.0382159,37.4978471],[127.0378703,37.4977393]]}},{"type":"Feature","properties":{"name":"논현로79길"},"geometry":{"type":"LineString","coordinates":[[127.0377121,37.4977083],[127.036869,37.4975966]]}},{"type":"Feature","properties":{"name":"논현로79길"},"geometry":{"type":"LineString","coordinates":[[127.0366903,37.4975717],[127.0363015,37.4975156],[127.0360779,37.4974902]]}},{"type":"Feature","properties":{"name":"논현로79길"},"geometry":{"type":"LineString","coordinates":[[127.0359001,37.4974668],[127.0355912,37.4974222],[127.0352684,37.4973756]]}},{"type":"Feature","properties":{"name":"테헤란로16길"},"geometry":{"type":"LineString","coordinates":[[127.0349048,37.4968379],[127.0347765,37.4968743],[127.0345857,37.4972946]]}},{"type":"Feature","properties":{"name":"논현로85길"},"geometry":{"type":"LineString","coordinates":[[127.0361584,37.499284],[127.0359834,37.4990624],[127.0355548,37.4985586],[127.0355512,37.4985561]]}},{"type":"Feature","properties":{"name":"논현로85길"},"geometry":{"type":"LineString","coordinates":[[127.0354068,37.4984832],[127.034832,37.4982965]]}},{"type":"Feature","properties":{"name":"논현로85길"},"geometry":{"type":"LineString","coordinates":[[127.0346801,37.4982478],[127.0341847,37.4980909],[127.0336589,37.4979275]]}},{"type":"Feature","properties":{"name":"논현로85길"},"geometry":{"type":"LineString","coordinates":[[127.0335067,37.4978809],[127.0327594,37.497655],[127.0319262,37.4973922]]}},{"type":"Feature","properties":{"name":"테헤란로20길"},"geometry":{"type":"LineString","coordinates":[[127.0340096,37.4997513],[127.0340269,37.4997138],[127.0342,37.4993402]]}},{"type":"Feature","properties":{"name":"테헤란로20길"},"geometry":{"type":"LineString","coordinates":[[127.0342784,37.4992174],[127.0344384,37.4988979],[127.0347165,37.4983146]]}},{"type":"Feature","properties":{"name":"테헤란로20길"},"geometry":{"type":"LineString","coordinates":[[127.0347755,37.4981926],[127.0351643,37.4973965]]}},{"type":"Feature","properties":{"name":"테헤란로22길"},"geometry":{"type":"LineString","coordinates":[[127.0337939,37.4955028],[127.0339822,37.4955021],[127.034279,37.4956705],[127.0343235,37.4956986]]}},{"type":"Feature","properties":{"name":"테헤란로22길"},"geometry":{"type":"LineString","coordinates":[[127.0344628,37.4957704],[127.0350219,37.4960007]]}},{"type":"Feature","properties":{"name":"테헤란로22길"},"geometry":{"type":"LineString","coordinates":[[127.035162,37.4960627],[127.0351957,37.4960787],[127.0353096,37.4961506]]}},{"type":"Feature","properties":{"name":"테헤란로22길"},"geometry":{"type":"LineString","coordinates":[[127.0354243,37.4962806],[127.0356012,37.4965655]]}},{"type":"Feature","properties":{"name":"테헤란로22길"},"geometry":{"type":"LineString","coordinates":[[127.0356976,37.4966865],[127.0358864,37.4971276],[127.0359917,37.4973829]]}},{"type":"Feature","properties":{"name":"역삼로11길"},"geometry":{"type":"LineString","coordinates":[[127.0348754,37.495078],[127.0347599,37.4952805],[127.0347251,37.4953602],[127.0346999,37.495388]]}},{"type":"Feature","properties":{"name":"역삼로11길"},"geometry":{"type":"LineString","coordinates":[[127.0346048,37.4954933],[127.0345894,37.4955101],[127.0344402,37.4957018]]}},{"type":"Feature","properties":{"name":"역삼로17길"},"geometry":{"type":"LineString","coordinates":[[127.0358876,37.4948972],[127.0358145,37.4950596]]}},{"type":"Feature","properties":{"name":"강남대로"},"geometry":{"type":"LineString","coordinates":[[127.0276187,37.497546],[127.0278641,37.4970492],[127.0280323,37.4967085]]}},{"type":"Feature","properties":{"name":"사평대로56길"},"geometry":{"type":"LineString","coordinates":[[127.0234383,37.5027125],[127.0228783,37.5038203],[127.0228556,37.5038651]]}},{"type":"Feature","properties":{"name":"서초대로73길"},"geometry":{"type":"LineString","coordinates":[[127.0239937,37.5015003],[127.0238462,37.5017783],[127.0237835,37.5019211],[127.0237406,37.5020574],[127.0235244,37.5025178],[127.0234586,37.5026667],[127.0234394,37.5027101]]}},{"type":"Feature","properties":{"name":"서초대로73길"},"geometry":{"type":"LineString","coordinates":[[127.0258995,37.4975691],[127.0258875,37.4975931],[127.0258685,37.4976304],[127.0257251,37.4979299],[127.0252589,37.4989017],[127.0252515,37.4989172]]}},{"type":"Feature","properties":{"name":"서운로21길"},"geometry":{"type":"LineString","coordinates":[[127.0234079,37.4984754],[127.0233841,37.4984671],[127.0217581,37.4980129],[127.0216764,37.4979902]]}},{"type":"Feature","properties":{"name":""},"geometry":{"type":"LineString","coordinates":[[127.0278485,37.4995471],[127.0289489,37.4998864]]}},{"type":"Feature","properties":{"name":"강남대로92길"},"geometry":{"type":"LineString","coordinates":[[127.027773,37.4986462],[127.0280586,37.4987352]]}},{"type":"Feature","properties":{"name":"강남대로92길"},"geometry":{"type":"LineString","coordinates":[[127.0282114,37.4987812],[127.0295501,37.4991714]]}},{"type":"Feature","properties":{"name":"강남대로92길"},"geometry":{"type":"LineString","coordinates":[[127.029706,37.4992172],[127.0307025,37.4995118]]}},{"type":"Feature","properties":{"name":"테헤란로5길"},"geometry":{"type":"LineString","coordinates":[[127.0298068,37.4988253],[127.0296649,37.4991504]]}},{"type":"Feature","properties":{"name":"테헤란로5길"},"geometry":{"type":"LineString","coordinates":[[127.0296148,37.4992758],[127.0295442,37.4994692],[127.0294335,37.4996879]]}},{"type":"Feature","properties":{"name":"강남대로94길"},"geometry":{"type":"LineString","coordinates":[[127.0279691,37.4993045],[127.0293168,37.4997074]]}},{"type":"Feature","properties":{"name":"강남대로94길"},"geometry":{"type":"LineString","coordinates":[[127.0294694,37.4997528],[127.0296765,37.4998143]]}},{"type":"Feature","properties":{"name":"강남대로94길"},"geometry":{"type":"LineString","coordinates":[[127.0297762,37.4998438],[127.0304749,37.500051]]}},{"type":"Feature","properties":{"name":"강남대로94길"},"geometry":{"type":"LineString","coordinates":[[127.0306283,37.5000975],[127.0313673,37.5003267]]}},{"type":"Feature","properties":{"name":"강남대로94길"},"geometry":{"type":"LineString","coordinates":[[127.0314664,37.5003577],[127.0317448,37.5004457],[127.0317773,37.500456]]}},{"type":"Feature","properties":{"name":"강남대로94길"},"geometry":{"type":"LineString","coordinates":[[127.0318762,37.5004866],[127.0322004,37.5005846]]}},{"type":"Feature","properties":{"name":"강남대로94길"},"geometry":{"type":"LineString","coordinates":[[127.0323507,37.5006333],[127.032752,37.5007725],[127.032825,37.5007882],[127.0330742,37.5007301],[127.033365,37.5006704],[127.0335238,37.5006413],[127.0335287,37.5006408]]}},{"type":"Feature","properties":{"name":"강남대로98길"},"geometry":{"type":"LineString","coordinates":[[127.0288502,37.5008652],[127.0288179,37.5009101],[127.0287806,37.5009562],[127.028726,37.5009845],[127.0285963,37.500992],[127.028386,37.5009477],[127.0279824,37.5008229]]}},{"type":"Feature","properties":{"name":"강남대로98길"},"geometry":{"type":"LineString","coordinates":[[127.0278293,37.5007776],[127.0277568,37.500757],[127.02734,37.5006373]]}},{"type":"Feature","properties":{"name":"강남대로98길"},"geometry":{"type":"LineString","coordinates":[[127.0271873,37.5005918],[127.026761,37.5004603]]}},{"type":"Feature","properties":{"name":"언주로81길"},"geometry":{"type":"LineString","coordinates":[[127.0409339,37.4996301],[127.0418098,37.4998787],[127.0427668,37.5001602]]}},{"type":"Feature","properties":{"name":"언주로81길"},"geometry":{"type":"LineString","coordinates":[[127.0429204,37.500205],[127.0432295,37.5002944],[127.0436128,37.5004057]]}},{"type":"Feature","properties":{"name":"언주로70길"},"geometry":{"type":"LineString","coordinates":[[127.0456869,37.4968384],[127.0464551,37.4970894],[127.0470929,37.4972869]]}},{"type":"Feature","properties":{"name":"언주로70길"},"geometry":{"type":"LineString","coordinates":[[127.0472442,37.4973345],[127.0485054,37.4977355]]}},{"type":"Feature","properties":{"name":"선릉로69길"},"geometry":{"type":"LineString","coordinates":[[127.0514061,37.4973634],[127.0512864,37.4976157],[127.0508899,37.4984516]]}},{"type":"Feature","properties":{"name":"언주로90길"},"geometry":{"type":"LineString","coordinates":[[127.0447186,37.5025999],[127.0459267,37.5029771]]}},{"type":"Feature","properties":{"name":"도곡로51길"},"geometry":{"type":"LineString","coordinates":[[127.0498547,37.4953404],[127.0496662,37.4957011],[127.0495255,37.4959705]]}},{"type":"Feature","properties":{"name":"도곡로51길"},"geometry":{"type":"LineString","coordinates":[[127.0494631,37.4960904],[127.0486224,37.4977184]]}},{"type":"Feature","properties":{"name":"언주로86길"},"geometry":{"type":"LineString","coordinates":[[127.0434669,37.5013941],[127.0442041,37.5016031],[127.0442806,37.5016248],[127.0448043,37.5022185]]}},{"type":"Feature","properties":{"name":"언주로86길"},"geometry":{"type":"LineString","coordinates":[[127.044927,37.5022792],[127.0461012,37.5025645],[127.0476052,37.502949]]}},{"type":"Feature","properties":{"name":"도곡로57길"},"geometry":{"type":"LineString","coordinates":[[127.04956,37.496037],[127.0508637,37.4964837]]}},{"type":"Feature","properties":{"name":"테헤란로44길"},"geometry":{"type":"LineString","coordinates":[[127.0448108,37.5023311],[127.0446866,37.5025346]]}},{"type":"Feature","properties":{"name":"테헤란로44길"},"geometry":{"type":"LineString","coordinates":[[127.0446191,37.5026537],[127.0446113,37.5026687],[127.0444965,37.502888],[127.0444686,37.5029413]]}},{"type":"Feature","properties":{"name":"도곡로57길"},"geometry":{"type":"LineString","coordinates":[[127.0509462,37.4964567],[127.0510807,37.4961927],[127.0512715,37.4958187]]}},{"type":"Feature","properties":{"name":"언주로87길"},"geometry":{"type":"LineString","coordinates":[[127.0414846,37.5014171],[127.0408171,37.5012039],[127.0402658,37.5009936]]}},{"type":"Feature","properties":{"name":"언주로87길"},"geometry":{"type":"LineString","coordinates":[[127.0401152,37.5009384],[127.0395367,37.5007363],[127.0388952,37.5005374]]}},{"type":"Feature","properties":{"name":"테헤란로83길"},"geometry":{"type":"LineString","coordinates":[[127.0568334,37.5099241],[127.0563465,37.5111408]]}},{"type":"Feature","properties":{"name":"언주로124길"},"geometry":{"type":"LineString","coordinates":[[127.0389499,37.5130191],[127.0393579,37.5129519]]}},{"type":"Feature","properties":{"name":"선릉로116길"},"geometry":{"type":"LineString","coordinates":[[127.0438582,37.5125864],[127.0435637,37.5125148],[127.043157,37.5124159]]}},{"type":"Feature","properties":{"name":"언주로87길"},"geometry":{"type":"LineString","coordinates":[[127.0428757,37.5017685],[127.042283,37.5015905],[127.0416711,37.5013989]]}},{"type":"Feature","properties":{"name":""},"geometry":{"type":"LineString","coordinates":[[127.0324507,37.5136418],[127.032682,37.5131708]]}},{"type":"Feature","properties":{"name":""},"geometry":{"type":"LineString","coordinates":[[127.0351305,37.4957605],[127.0351992,37.4957539],[127.0353744,37.4957489]]}},{"type":"Feature","properties":{"name":""},"geometry":{"type":"LineString","coordinates":[[127.0279389,37.4980245],[127.0279444,37.4980212],[127.0279652,37.4980164],[127.0279283,37.4980307]]}},{"type":"Feature","properties":{"name":"테헤란로13길"},"geometry":{"type":"LineString","coordinates":[[127.0317682,37.5017305],[127.0316588,37.5019601]]}},{"type":"Feature","properties":{"name":"테헤란로13길"},"geometry":{"type":"LineString","coordinates":[[127.031601,37.5020814],[127.0314971,37.5022986]]}},{"type":"Feature","properties":{"name":"테헤란로13길"},"geometry":{"type":"LineString","coordinates":[[127.0314079,37.5024803],[127.0312859,37.5027352],[127.0311645,37.5029701]]}},{"type":"Feature","properties":{"name":"테헤란로13길"},"geometry":{"type":"LineString","coordinates":[[127.0310119,37.5031064],[127.0307216,37.5032693],[127.0302514,37.5035419],[127.0301949,37.5036514]]}},{"type":"Feature","properties":{"name":"논현로"},"geometry":{"type":"LineString","coordinates":[[127.0345541,37.5062298],[127.0342943,37.506812],[127.034279,37.5068455]]}},{"type":"Feature","properties":{"name":"논현로"},"geometry":{"type":"LineString","coordinates":[[127.0342256,37.5069654],[127.0341446,37.5071513],[127.0340695,37.5073107]]}},{"type":"Feature","properties":{"name":"남부순환로347길"},"geometry":{"type":"LineString","coordinates":[[127.029958,37.4889763],[127.02998,37.4889266],[127.030144,37.4885562]]}},{"type":"Feature","properties":{"name":"남부순환로347길"},"geometry":{"type":"LineString","coordinates":[[127.0302008,37.4884333],[127.0304442,37.4879285]]}},{"type":"Feature","properties":{"name":"역삼로14길"},"geometry":{"type":"LineString","coordinates":[[127.0358528,37.493198],[127.0357501,37.493415],[127.0356634,37.493594],[127.0355212,37.4938992]]}},{"type":"Feature","properties":{"name":"역삼로14길"},"geometry":{"type":"LineString","coordinates":[[127.0354741,37.493992],[127.0353769,37.4941679],[127.0351929,37.4945431]]}},{"type":"Feature","properties":{"name":"역삼로18길"},"geometry":{"type":"LineString","coordinates":[[127.0360143,37.4947961],[127.0362844,37.494233]]}},{"type":"Feature","properties":{"name":"역삼로18길"},"geometry":{"type":"LineString","coordinates":[[127.0363294,37.4941388],[127.0365025,37.4937755],[127.0366636,37.4934506]]}},{"type":"Feature","properties":{"name":"도곡로11길"},"geometry":{"type":"LineString","coordinates":[[127.0357333,37.4914727],[127.0351007,37.4928297]]}},{"type":"Feature","properties":{"name":"논현로63길"},"geometry":{"type":"LineString","coordinates":[[127.0349085,37.4911381],[127.0356755,37.4913699]]}},{"type":"Feature","properties":{"name":"논현로63길"},"geometry":{"type":"LineString","coordinates":[[127.0358281,37.491417],[127.0364886,37.4916247]]}},{"type":"Feature","properties":{"name":"논현로63길"},"geometry":{"type":"LineString","coordinates":[[127.0366409,37.4916714],[127.0373424,37.4918808]]}},{"type":"Feature","properties":{"name":"논현로63길"},"geometry":{"type":"LineString","coordinates":[[127.0374952,37.4919275],[127.0375638,37.4919488],[127.0382746,37.4921614],[127.0390371,37.4923921]]}},{"type":"Feature","properties":{"name":"논현로63길"},"geometry":{"type":"LineString","coordinates":[[127.0391793,37.4925068],[127.039503,37.4931425]]}},{"type":"Feature","properties":{"name":"논현로63길"},"geometry":{"type":"LineString","coordinates":[[127.0396205,37.4932605],[127.0402687,37.4934593]]}},{"type":"Feature","properties":{"name":"논현로71길"},"geometry":{"type":"LineString","coordinates":[[127.0355585,37.4939641],[127.035965,37.4940839],[127.0362478,37.4941682]]}},{"type":"Feature","properties":{"name":"논현로71길"},"geometry":{"type":"LineString","coordinates":[[127.0363999,37.4942142],[127.0365571,37.4942622],[127.0368563,37.4943546],[127.0370321,37.4944097],[127.0375069,37.494548],[127.0375477,37.4945597]]}},{"type":"Feature","properties":{"name":"논현로71길"},"geometry":{"type":"LineString","coordinates":[[127.0377199,37.4946109],[127.0386754,37.4949069]]}},{"type":"Feature","properties":{"name":"논현로71길"},"geometry":{"type":"LineString","coordinates":[[127.0388277,37.4949533],[127.0390959,37.4950335],[127.0394705,37.4951645]]}},{"type":"Feature","properties":{"name":"논현로65길"},"geometry":{"type":"LineString","coordinates":[[127.0362865,37.4924002],[127.036999,37.4926188]]}},{"type":"Feature","properties":{"name":"논현로65길"},"geometry":{"type":"LineString","coordinates":[[127.0371513,37.4926652],[127.0379165,37.4928974],[127.0381592,37.4929711],[127.0386819,37.49313]]}},{"type":"Feature","properties":{"name":"논현로65길"},"geometry":{"type":"LineString","coordinates":[[127.038835,37.4931751],[127.0394098,37.4933388]]}},{"type":"Feature","properties":{"name":"도곡로23길"},"geometry":{"type":"LineString","coordinates":[[127.0387569,37.4948778],[127.0389148,37.49454],[127.0390651,37.4942103]]}},{"type":"Feature","properties":{"name":"도곡로23길"},"geometry":{"type":"LineString","coordinates":[[127.0391379,37.4940575],[127.0392777,37.4937755],[127.0394356,37.4934305]]}},{"type":"Feature","properties":{"name":"도곡로23길"},"geometry":{"type":"LineString","coordinates":[[127.0395693,37.4931417],[127.0397069,37.4928403]]}},{"type":"Feature","properties":{"name":"도곡로23길"},"geometry":{"type":"LineString","coordinates":[[127.0397631,37.4927183],[127.0400045,37.4921984]]}},{"type":"Feature","properties":{"name":"논현로67길"},"geometry":{"type":"LineString","coordinates":[[127.0349652,37.4928592],[127.0348579,37.4928278],[127.0341941,37.4926346]]}},{"type":"Feature","properties":{"name":"테헤란로14길"},"geometry":{"type":"LineString","coordinates":[[127.0328389,37.4993992],[127.0328519,37.4993713],[127.0330579,37.4989746]]}},{"type":"Feature","properties":{"name":"테헤란로14길"},"geometry":{"type":"LineString","coordinates":[[127.0331167,37.4988558],[127.0335435,37.4979465]]}},{"type":"Feature","properties":{"name":"논현로87길"},"geometry":{"type":"LineString","coordinates":[[127.0358934,37.4997999],[127.0355427,37.4996954],[127.0350836,37.4995531]]}},{"type":"Feature","properties":{"name":"논현로87길"},"geometry":{"type":"LineString","coordinates":[[127.0349319,37.499506],[127.0343348,37.4993204]]}},{"type":"Feature","properties":{"name":"논현로87길"},"geometry":{"type":"LineString","coordinates":[[127.0341656,37.4992687],[127.0337007,37.4991286],[127.0331737,37.4989582]]}},{"type":"Feature","properties":{"name":"논현로79길"},"geometry":{"type":"LineString","coordinates":[[127.0351698,37.4973121],[127.034985,37.4968691]]}},{"type":"Feature","properties":{"name":"논현로79길"},"geometry":{"type":"LineString","coordinates":[[127.0349338,37.4967452],[127.0347915,37.4963974],[127.0344406,37.4962918]]}},{"type":"Feature","properties":{"name":"논현로79길"},"geometry":{"type":"LineString","coordinates":[[127.0342889,37.4962452],[127.033675,37.4960529],[127.0335377,37.4960109],[127.0326981,37.4957588]]}},{"type":"Feature","properties":{"name":"효령로"},"geometry":{"type":"LineString","coordinates":[[127.0281539,37.488505],[127.0280264,37.4884662],[127.0267723,37.4880663],[127.026564,37.4879999]]}},{"type":"Feature","properties":{"name":"테헤란로"},"geometry":{"type":"LineString","coordinates":[[127.0580768,37.5074299],[127.0575434,37.5072654]]}},{"type":"Feature","properties":{"name":"테헤란로"},"geometry":{"type":"LineString","coordinates":[[127.0573903,37.507219],[127.0571447,37.5071456],[127.0567596,37.5070249],[127.0567518,37.5070228]]}},{"type":"Feature","properties":{"name":"서초대로"},"geometry":{"type":"LineString","coordinates":[[127.0241257,37.4969684],[127.0240525,37.4969461],[127.0240108,37.4969335],[127.0233935,37.4967443],[127.0225151,37.4964683],[127.0218845,37.4962775],[127.0215612,37.4961797],[127.0210791,37.4960165]]}},{"type":"Feature","properties":{"name":"봉은사로25길"},"geometry":{"type":"LineString","coordinates":[[127.0328124,37.5070806],[127.0326005,37.5075482]]}},{"type":"Feature","properties":{"name":"봉은사로25길"},"geometry":{"type":"LineString","coordinates":[[127.0325436,37.5076705],[127.0323758,37.5080216]]}},{"type":"Feature","properties":{"name":"봉은사로25길"},"geometry":{"type":"LineString","coordinates":[[127.0323183,37.5081429],[127.0322193,37.5083534]]}},{"type":"Feature","properties":{"name":"봉은사로25길"},"geometry":{"type":"LineString","coordinates":[[127.0321866,37.5084854],[127.0321853,37.5088741]]}},{"type":"Feature","properties":{"name":"선릉로"},"geometry":{"type":"LineString","coordinates":[[127.0560137,37.4890916],[127.0558828,37.4894437]]}},{"type":"Feature","properties":{"name":"선릉로"},"geometry":{"type":"LineString","coordinates":[[127.0558393,37.489561],[127.055809,37.4896424]]}},{"type":"Feature","properties":{"name":"삼성로115길"},"geometry":{"type":"LineString","coordinates":[[127.0490468,37.5140892],[127.0487325,37.513997]]}},{"type":"Feature","properties":{"name":"삼성로115길"},"geometry":{"type":"LineString","coordinates":[[127.0485781,37.5139535],[127.0482884,37.5138749],[127.0479993,37.5137937]]}},{"type":"Feature","properties":{"name":""},"geometry":{"type":"LineString","coordinates":[[127.0554881,37.4894426],[127.0556527,37.489457]]}},{"type":"Feature","properties":{"name":""},"geometry":{"type":"LineString","coordinates":[[127.0557715,37.4894702],[127.0557738,37.4894705]]}},{"type":"Feature","properties":{"name":""},"geometry":{"type":"LineString","coordinates":[[127.0529239,37.4882573],[127.0533789,37.4875977]]}},{"type":"Feature","properties":{"name":"언주로30길"},"geometry":{"type":"LineString","coordinates":[[127.0521313,37.4879539],[127.052838,37.4882765]]}},{"type":"Feature","properties":{"name":"언주로30길"},"geometry":{"type":"LineString","coordinates":[[127.052979,37.4883412],[127.0537662,37.4886974]]}},{"type":"Feature","properties":{"name":""},"geometry":{"type":"LineString","coordinates":[[127.055718,37.4894359],[127.0557181,37.4894341]]}},{"type":"Feature","properties":{"name":""},"geometry":{"type":"LineString","coordinates":[[127.0556832,37.4893864],[127.0557069,37.4885411]]}},{"type":"Feature","properties":{"name":""},"geometry":{"type":"LineString","coordinates":[[127.0557055,37.4885045],[127.0556879,37.4883481],[127.0555795,37.4881944],[127.0553682,37.4879862],[127.0552026,37.4877871]]}},{"type":"Feature","properties":{"name":""},"geometry":{"type":"LineString","coordinates":[[127.0570291,37.4888558],[127.056886,37.4888641],[127.0566588,37.4888804],[127.0565129,37.4889284],[127.0563811,37.4890082],[127.0562911,37.4890927],[127.056249,37.4891882]]}},{"type":"Feature","properties":{"name":""},"geometry":{"type":"LineString","coordinates":[[127.0557611,37.4885087],[127.0558548,37.4884355],[127.0559775,37.4884001],[127.0561029,37.4884102],[127.0562636,37.4885013],[127.0563415,37.4885539],[127.0563963,37.4886241],[127.0564133,37.4887049],[127.0562146,37.489179]]}},{"type":"Feature","properties":{"name":""},"geometry":{"type":"LineString","coordinates":[[127.0562385,37.4892087],[127.0561916,37.4892856],[127.0559623,37.489581],[127.055878,37.4896746]]}},{"type":"Feature","properties":{"name":"역삼로20길"},"geometry":{"type":"LineString","coordinates":[[127.0370049,37.4950864],[127.0375659,37.4946214]]}},{"type":"Feature","properties":{"name":"역삼로20길"},"geometry":{"type":"LineString","coordinates":[[127.0376743,37.4945286],[127.0379096,37.4943208],[127.0380155,37.4942303],[127.0381783,37.4940911],[127.0383304,37.493961]]}},{"type":"Feature","properties":{"name":"테헤란로37길"},"geometry":{"type":"LineString","coordinates":[[127.0406246,37.5030928],[127.0393761,37.5027239]]}},{"type":"Feature","properties":{"name":"논현로124길"},"geometry":{"type":"LineString","coordinates":[[127.0338641,37.5127986],[127.0336113,37.5127219],[127.0333116,37.5126372],[127.0331114,37.5125786],[127.0328138,37.512484],[127.0325693,37.5124071]]}},{"type":"Feature","properties":{"name":"논현로124길"},"geometry":{"type":"LineString","coordinates":[[127.032416,37.5123599],[127.0318292,37.5121822],[127.0318131,37.5121772],[127.0316774,37.5121296]]}},{"type":"Feature","properties":{"name":"선릉로62길"},"geometry":{"type":"LineString","coordinates":[[127.0526303,37.4970587],[127.0542683,37.4975609]]}},{"type":"Feature","properties":{"name":"삼성로71길"},"geometry":{"type":"LineString","coordinates":[[127.0588176,37.5025132],[127.0586689,37.5024634],[127.0583334,37.5023247],[127.0579727,37.5021559],[127.0570821,37.5018561]]}},{"type":"Feature","properties":{"name":"도곡로3길"},"geometry":{"type":"LineString","coordinates":[[127.0334161,37.4901831],[127.0334014,37.4902138],[127.0332263,37.4905783]]}},{"type":"Feature","properties":{"name":"도곡로3길"},"geometry":{"type":"LineString","coordinates":[[127.0331679,37.4907],[127.0327721,37.4915257],[127.0325321,37.4920496]]}},{"type":"Feature","properties":{"name":"선릉로121길"},"geometry":{"type":"LineString","coordinates":[[127.0385589,37.5119515],[127.0388433,37.5129899]]}},{"type":"Feature","properties":{"name":"선릉로121길"},"geometry":{"type":"LineString","coordinates":[[127.0389257,37.513107],[127.0393895,37.5136875],[127.0394088,37.5137116]]}},{"type":"Feature","properties":{"name":"선릉로121길"},"geometry":{"type":"LineString","coordinates":[[127.0395069,37.5137689],[127.0395133,37.5137708],[127.0397571,37.5138293]]}},{"type":"Feature","properties":{"name":"선릉로121길"},"geometry":{"type":"LineString","coordinates":[[127.0399131,37.5138669],[127.040277,37.5139548],[127.0407298,37.5140623]]}},{"type":"Feature","properties":{"name":"언주로124길"},"geometry":{"type":"LineString","coordinates":[[127.0364215,37.5129266],[127.0373887,37.5132079],[127.0374637,37.5132297]]}},{"type":"Feature","properties":{"name":"언주로124길"},"geometry":{"type":"LineString","coordinates":[[127.0376367,37.513245],[127.038147,37.5131715]]}},{"type":"Feature","properties":{"name":"언주로124길"},"geometry":{"type":"LineString","coordinates":[[127.038308,37.5131458],[127.0386921,37.5130782],[127.0387727,37.5130641]]}},{"type":"Feature","properties":{"name":"봉은사로47길"},"geometry":{"type":"LineString","coordinates":[[127.0411569,37.5103548],[127.0408895,37.5110307],[127.0406623,37.5116673]]}},{"type":"Feature","properties":{"name":"봉은사로47길"},"geometry":{"type":"LineString","coordinates":[[127.040626,37.5117675],[127.0404616,37.5122125],[127.0403869,37.512415],[127.0402528,37.5127782],[127.0402242,37.5128548],[127.0401503,37.5130526]]}},{"type":"Feature","properties":{"name":"봉은사로47길"},"geometry":{"type":"LineString","coordinates":[[127.0401142,37.5131495],[127.0398706,37.5138037]]}},{"type":"Feature","properties":{"name":"언주로122길"},"geometry":{"type":"LineString","coordinates":[[127.0373594,37.5122439],[127.0375736,37.5121698]]}},{"type":"Feature","properties":{"name":"언주로122길"},"geometry":{"type":"LineString","coordinates":[[127.0377524,37.5121114],[127.0378566,37.5120817]]}},{"type":"Feature","properties":{"name":"언주로122길"},"geometry":{"type":"LineString","coordinates":[[127.0380189,37.5120324],[127.0383213,37.5119352],[127.0384339,37.511899]]}},{"type":"Feature","properties":{"name":"언주로122길"},"geometry":{"type":"LineString","coordinates":[[127.0385807,37.5118474],[127.0386328,37.511827],[127.0390457,37.5116693]]}},{"type":"Feature","properties":{"name":"언주로122길"},"geometry":{"type":"LineString","coordinates":[[127.0360116,37.5118727],[127.0366355,37.5120631]]}},{"type":"Feature","properties":{"name":"언주로122길"},"geometry":{"type":"LineString","coordinates":[[127.0367957,37.5121112],[127.0372589,37.5122488]]}},{"type":"Feature","properties":{"name":"학동로42길"},"geometry":{"type":"LineString","coordinates":[[127.0385532,37.5100386],[127.0377745,37.5108333]]}},{"type":"Feature","properties":{"name":"학동로42길"},"geometry":{"type":"LineString","coordinates":[[127.0376913,37.510925],[127.0375314,37.5111162]]}},{"type":"Feature","properties":{"name":"학동로42길"},"geometry":{"type":"LineString","coordinates":[[127.0374377,37.5112238],[127.0373915,37.5112745]]}},{"type":"Feature","properties":{"name":"학동로42길"},"geometry":{"type":"LineString","coordinates":[[127.0372991,37.5113844],[127.0372398,37.5114625]]}},{"type":"Feature","properties":{"name":"학동로42길"},"geometry":{"type":"LineString","coordinates":[[127.0371536,37.511573],[127.0370925,37.5116488]]}},{"type":"Feature","properties":{"name":"학동로42길"},"geometry":{"type":"LineString","coordinates":[[127.0370033,37.5117589],[127.036942,37.5118341]]}},{"type":"Feature","properties":{"name":"학동로42길"},"geometry":{"type":"LineString","coordinates":[[127.0368525,37.511944],[127.036769,37.5120471]]}},{"type":"Feature","properties":{"name":"학동로42길"},"geometry":{"type":"LineString","coordinates":[[127.0366934,37.5121655],[127.0363685,37.5128621]]}},{"type":"Feature","properties":{"name":"학동로42길"},"geometry":{"type":"LineString","coordinates":[[127.0363645,37.5129525],[127.0363952,37.5134541]]}},{"type":"Feature","properties":{"name":"선릉로111길"},"geometry":{"type":"LineString","coordinates":[[127.0404998,37.5101579],[127.0403799,37.5104774],[127.0402272,37.5108847],[127.0400064,37.511507]]}},{"type":"Feature","properties":{"name":"학동로46길"},"geometry":{"type":"LineString","coordinates":[[127.0394142,37.5138245],[127.0391389,37.5143635]]}},{"type":"Feature","properties":{"name":"봉은사로43길"},"geometry":{"type":"LineString","coordinates":[[127.0394079,37.512896],[127.0393672,37.5126495],[127.0391365,37.5117252]]}},{"type":"Feature","properties":{"name":"봉은사로43길"},"geometry":{"type":"LineString","coordinates":[[127.03914,37.5116008],[127.0392452,37.5113731]]}},{"type":"Feature","properties":{"name":"봉은사로43길"},"geometry":{"type":"LineString","coordinates":[[127.0392855,37.5112764],[127.0396287,37.5103561]]}},{"type":"Feature","properties":{"name":"봉은사로43길"},"geometry":{"type":"LineString","coordinates":[[127.0396748,37.5102304],[127.0397649,37.5099819]]}},{"type":"Feature","properties":{"name":"봉은사로43길"},"geometry":{"type":"LineString","coordinates":[[127.0398034,37.5098837],[127.0399074,37.5096395],[127.0400628,37.5092454]]}},{"type":"Feature","properties":{"name":"봉은사로49길"},"geometry":{"type":"LineString","coordinates":[[127.0420653,37.5106474],[127.0418432,37.5112386],[127.0417607,37.5114264],[127.0415749,37.5119273]]}},{"type":"Feature","properties":{"name":"언주로114길"},"geometry":{"type":"LineString","coordinates":[[127.0389575,37.5101462],[127.0386308,37.5111121]]}},{"type":"Feature","properties":{"name":"매봉터널"},"geometry":{"type":"LineString","coordinates":[[127.0475571,37.4921488],[127.0475807,37.4921073],[127.0479847,37.4913951],[127.048758,37.4900324]]}},{"type":"Feature","properties":{"name":"봉은사로68길"},"geometry":{"type":"LineString","coordinates":[[127.0535461,37.5075645],[127.0535474,37.5075715],[127.0535604,37.5076352],[127.0535661,37.5076955],[127.0535773,37.5077546],[127.0535811,37.5078577],[127.0535524,37.5079198],[127.0535198,37.5079758],[127.0530709,37.5085271]]}},{"type":"Feature","properties":{"name":"봉은사로68길"},"geometry":{"type":"LineString","coordinates":[[127.0529722,37.5086286],[127.0529333,37.508661]]}},{"type":"Feature","properties":{"name":"봉은사로68길"},"geometry":{"type":"LineString","coordinates":[[127.0528198,37.5087535],[127.0527412,37.5088161]]}},{"type":"Feature","properties":{"name":"봉은사로68길"},"geometry":{"type":"LineString","coordinates":[[127.0526275,37.5089096],[127.0523481,37.5091463],[127.0520135,37.5094024]]}},{"type":"Feature","properties":{"name":"봉은사로68길"},"geometry":{"type":"LineString","coordinates":[[127.051899,37.5094966],[127.0517791,37.5096037],[127.0509707,37.5104185]]}},{"type":"Feature","properties":{"name":"봉은사로68길"},"geometry":{"type":"LineString","coordinates":[[127.0508693,37.5105199],[127.0505894,37.5107965],[127.0503608,37.5110307],[127.0502055,37.5111796]]}},{"type":"Feature","properties":{"name":"선릉로100길"},"geometry":{"type":"LineString","coordinates":[[127.0522281,37.5069563],[127.0521297,37.5069122],[127.052063,37.5068824],[127.0519861,37.5068588],[127.0518075,37.5068538],[127.0515851,37.5068398],[127.0503179,37.5068057]]}},{"type":"Feature","properties":{"name":"선릉로100길"},"geometry":{"type":"LineString","coordinates":[[127.0501698,37.5068112],[127.0490143,37.5069273],[127.0477603,37.5070536],[127.0474976,37.5070827],[127.0474655,37.5070864],[127.0470644,37.5071359]]}},{"type":"Feature","properties":{"name":"논현로85길"},"geometry":{"type":"LineString","coordinates":[[127.0374854,37.4993756],[127.0368849,37.4991915],[127.0367255,37.4991471]]}},{"type":"Feature","properties":{"name":"논현로85길"},"geometry":{"type":"LineString","coordinates":[[127.0366105,37.4991629],[127.0362926,37.4993103]]}},{"type":"Feature","properties":{"name":"테헤란로26길"},"geometry":{"type":"LineString","coordinates":[[127.0362096,37.4993807],[127.0360242,37.499755]]}},{"type":"Feature","properties":{"name":"테헤란로26길"},"geometry":{"type":"LineString","coordinates":[[127.0359614,37.4998762],[127.0357733,37.5002236],[127.035748,37.5002706]]}},{"type":"Feature","properties":{"name":"테헤란로28길"},"geometry":{"type":"LineString","coordinates":[[127.0385113,37.5010638],[127.0386368,37.5008318],[127.0387351,37.500636],[127.0387804,37.5005529]]}},{"type":"Feature","properties":{"name":"테헤란로28길"},"geometry":{"type":"LineString","coordinates":[[127.0388373,37.5004373],[127.0389459,37.5001904]]}},{"type":"Feature","properties":{"name":"논현로86길"},"geometry":{"type":"LineString","coordinates":[[127.040311,37.5005705],[127.0399004,37.5004316],[127.0394863,37.5003056]]}},{"type":"Feature","properties":{"name":"논현로86길"},"geometry":{"type":"LineString","coordinates":[[127.0393338,37.500258],[127.0390608,37.5001706]]}},{"type":"Feature","properties":{"name":"논현로94길"},"geometry":{"type":"LineString","coordinates":[[127.0372589,37.5024239],[127.0376247,37.5025597]]}},{"type":"Feature","properties":{"name":"논현로94길"},"geometry":{"type":"LineString","coordinates":[[127.0378164,37.5026406],[127.0383405,37.5028108]]}},{"type":"Feature","properties":{"name":"논현로94길"},"geometry":{"type":"LineString","coordinates":[[127.0384912,37.5028595],[127.0387617,37.5029463],[127.0390372,37.5030349]]}},{"type":"Feature","properties":{"name":"테헤란로25길"},"geometry":{"type":"LineString","coordinates":[[127.0355563,37.5006115],[127.0355507,37.500623],[127.0355445,37.500635],[127.0353582,37.5009905],[127.0353105,37.5010823]]}},{"type":"Feature","properties":{"name":"테헤란로25길"},"geometry":{"type":"LineString","coordinates":[[127.0352667,37.5011721],[127.0352032,37.5013122],[127.035349,37.5016146]]}},{"type":"Feature","properties":{"name":"테헤란로25길"},"geometry":{"type":"LineString","coordinates":[[127.0353937,37.5017049],[127.0354648,37.5018448]]}},{"type":"Feature","properties":{"name":"테헤란로27길"},"geometry":{"type":"LineString","coordinates":[[127.0377059,37.5025331],[127.0378184,37.5022893],[127.0379724,37.5019852],[127.0381409,37.5016595],[127.0382651,37.5014279],[127.0382736,37.5014124]]}},{"type":"Feature","properties":{"name":"논현로93길"},"geometry":{"type":"LineString","coordinates":[[127.0355544,37.5019061],[127.0357115,37.5019566],[127.0361289,37.502079],[127.0361747,37.5020924]]}},{"type":"Feature","properties":{"name":"언주로93길"},"geometry":{"type":"LineString","coordinates":[[127.0405913,37.5035558],[127.0408538,37.5036986],[127.0410767,37.5038216],[127.0411952,37.5038869]]}},{"type":"Feature","properties":{"name":"언주로93길"},"geometry":{"type":"LineString","coordinates":[[127.041328,37.5039413],[127.0418103,37.5040862]]}},{"type":"Feature","properties":{"name":"테헤란로37길"},"geometry":{"type":"LineString","coordinates":[[127.0411182,37.5023223],[127.0411165,37.5023255],[127.0408972,37.5027434],[127.0407531,37.5030465]]}},{"type":"Feature","properties":{"name":"테헤란로37길"},"geometry":{"type":"LineString","coordinates":[[127.0406956,37.5031679],[127.0405494,37.5034774]]}},{"type":"Feature","properties":{"name":"사평대로"},"geometry":{"type":"LineString","coordinates":[[127.0194098,37.5029553],[127.0194821,37.5029606],[127.0195554,37.502966],[127.0197548,37.5029966],[127.0199648,37.5030446],[127.0209278,37.5033296],[127.0210084,37.5033709],[127.0210481,37.5033815]]}},{"type":"Feature","properties":{"name":"언주로"},"geometry":{"type":"LineString","coordinates":[[127.0366985,37.5103937],[127.0373808,37.5096933]]}},{"type":"Feature","properties":{"name":"언주로"},"geometry":{"type":"LineString","coordinates":[[127.0374471,37.5095775],[127.0380287,37.5089685]]}},{"type":"Feature","properties":{"name":"언주로"},"geometry":{"type":"LineString","coordinates":[[127.0380779,37.5089645],[127.0383034,37.5087272]]}},{"type":"Feature","properties":{"name":"언주로"},"geometry":{"type":"LineString","coordinates":[[127.0384562,37.5085709],[127.0392291,37.5077948]]}},{"type":"Feature","properties":{"name":"언주로"},"geometry":{"type":"LineString","coordinates":[[127.0393878,37.507636],[127.0400324,37.5069921]]}},{"type":"Feature","properties":{"name":"언주로"},"geometry":{"type":"LineString","coordinates":[[127.0401942,37.506825],[127.040789,37.5061997]]}},{"type":"Feature","properties":{"name":"언주로"},"geometry":{"type":"LineString","coordinates":[[127.0408881,37.506097],[127.0410733,37.5059071],[127.0412823,37.5055988],[127.0414014,37.5053316]]}},{"type":"Feature","properties":{"name":"언주로"},"geometry":{"type":"LineString","coordinates":[[127.0414986,37.5050887],[127.0418412,37.504179]]}},{"type":"Feature","properties":{"name":"언주로"},"geometry":{"type":"LineString","coordinates":[[127.0418909,37.504056],[127.0423363,37.503024],[127.0424542,37.5027505]]}},{"type":"Feature","properties":{"name":"언주로"},"geometry":{"type":"LineString","coordinates":[[127.0352756,37.5152955],[127.0352759,37.5151798],[127.0352734,37.5149559],[127.0352694,37.5145818],[127.0353082,37.5132795]]}},{"type":"Feature","properties":{"name":"언주로"},"geometry":{"type":"LineString","coordinates":[[127.0353214,37.5131495],[127.0353311,37.5130875],[127.0353464,37.5129898]]}},{"type":"Feature","properties":{"name":"언주로"},"geometry":{"type":"LineString","coordinates":[[127.0353638,37.5128945],[127.0354523,37.5124738],[127.0356701,37.511872]]}},{"type":"Feature","properties":{"name":"언주로"},"geometry":{"type":"LineString","coordinates":[[127.03575,37.5117152],[127.0358485,37.5115653]]}},{"type":"Feature","properties":{"name":"언주로"},"geometry":{"type":"LineString","coordinates":[[127.0358583,37.511488],[127.036336,37.5107602],[127.0363705,37.51072]]}},{"type":"Feature","properties":{"name":"언주로"},"geometry":{"type":"LineString","coordinates":[[127.0364071,37.5106837],[127.036596,37.5104968]]}},{"type":"Feature","properties":{"name":"언주로"},"geometry":{"type":"LineString","coordinates":[[127.0487596,37.4900299],[127.0489707,37.489674]]}},{"type":"Feature","properties":{"name":"언주로"},"geometry":{"type":"LineString","coordinates":[[127.0489767,37.4895965],[127.0490694,37.4894401],[127.0492957,37.4890997],[127.0494431,37.4888269]]}},{"type":"Feature","properties":{"name":"신반포로"},"geometry":{"type":"LineString","coordinates":[[127.0199374,37.5105849],[127.0209389,37.5108877],[127.0210132,37.5109118],[127.0211381,37.5109525]]}},{"type":"Feature","properties":{"name":"신반포로"},"geometry":{"type":"LineString","coordinates":[[127.0210629,37.5111038],[127.0209347,37.5110634],[127.0208645,37.5110413],[127.0204969,37.510936]]}},{"type":"Feature","properties":{"name":"신반포로"},"geometry":{"type":"LineString","coordinates":[[127.0203444,37.510891],[127.0199806,37.5107804],[127.0197887,37.5107196],[127.019621,37.5106736],[127.019148,37.5105315],[127.0180182,37.5101686],[127.0169606,37.5098613],[127.0165183,37.5097318]]}},{"type":"Feature","properties":{"name":"학동로"},"geometry":{"type":"LineString","coordinates":[[127.0215412,37.5110821],[127.0218003,37.5111593],[127.0218581,37.5111765],[127.0221255,37.5112562]]}},{"type":"Feature","properties":{"name":"학동로"},"geometry":{"type":"LineString","coordinates":[[127.0270168,37.5127318],[127.0279051,37.5130106]]}},{"type":"Feature","properties":{"name":"학동로"},"geometry":{"type":"LineString","coordinates":[[127.0280569,37.5130579],[127.0284979,37.5131944],[127.0285834,37.513221]]}},{"type":"Feature","properties":{"name":"학동로"},"geometry":{"type":"LineString","coordinates":[[127.028739,37.5132667],[127.0298956,37.5135874]]}},{"type":"Feature","properties":{"name":"학동로"},"geometry":{"type":"LineString","coordinates":[[127.0300465,37.5136333],[127.0305583,37.5138026],[127.0306636,37.5138329],[127.0307155,37.5138474]]}},{"type":"Feature","properties":{"name":"학동로"},"geometry":{"type":"LineString","coordinates":[[127.0222784,37.5113012],[127.0226543,37.5114106],[127.0227486,37.5114371]]}},{"type":"Feature","properties":{"name":"학동로"},"geometry":{"type":"LineString","coordinates":[[127.0229029,37.5114813],[127.0234283,37.5116347]]}},{"type":"Feature","properties":{"name":"학동로"},"geometry":{"type":"LineString","coordinates":[[127.023581,37.5116798],[127.0240059,37.5118069]]}},{"type":"Feature","properties":{"name":"학동로"},"geometry":{"type":"LineString","coordinates":[[127.0241585,37.5118526],[127.0246762,37.5120072],[127.0251248,37.5121597],[127.025154,37.5121731]]}},{"type":"Feature","properties":{"name":"학동로"},"geometry":{"type":"LineString","coordinates":[[127.0252822,37.5122182],[127.0256015,37.5122934],[127.0264085,37.5125452],[127.0267769,37.5126556],[127.0268184,37.5126689]]}},{"type":"Feature","properties":{"name":"도곡로"},"geometry":{"type":"LineString","coordinates":[[127.0528067,37.4963088],[127.0513875,37.4958031]]}},{"type":"Feature","properties":{"name":"도곡로"},"geometry":{"type":"LineString","coordinates":[[127.0512376,37.4957514],[127.0507753,37.4955977],[127.0499375,37.4953136]]}},{"type":"Feature","properties":{"name":"도곡로"},"geometry":{"type":"LineString","coordinates":[[127.0497879,37.4952626],[127.048447,37.4948032],[127.046879,37.4942602]]}},{"type":"Feature","properties":{"name":"도곡로"},"geometry":{"type":"LineString","coordinates":[[127.0407888,37.4923844],[127.0401198,37.4921791]]}},{"type":"Feature","properties":{"name":"도곡로"},"geometry":{"type":"LineString","coordinates":[[127.0399675,37.4921328],[127.0394183,37.4919668]]}},{"type":"Feature","properties":{"name":"도곡로"},"geometry":{"type":"LineString","coordinates":[[127.0328354,37.489952],[127.0319397,37.4896836],[127.031785,37.4896377]]}},{"type":"Feature","properties":{"name":"도곡로"},"geometry":{"type":"LineString","coordinates":[[127.0392657,37.4919201],[127.0380228,37.4915335]]}},{"type":"Feature","properties":{"name":"도곡로"},"geometry":{"type":"LineString","coordinates":[[127.0378712,37.4914868],[127.0378597,37.4914834],[127.0368786,37.491183]]}},{"type":"Feature","properties":{"name":"도곡로"},"geometry":{"type":"LineString","coordinates":[[127.0367234,37.4911353],[127.0351489,37.4906485]]}},{"type":"Feature","properties":{"name":"도곡로"},"geometry":{"type":"LineString","coordinates":[[127.0349963,37.4906021],[127.0339768,37.4902957],[127.033498,37.4901535]]}},{"type":"Feature","properties":{"name":"도곡로"},"geometry":{"type":"LineString","coordinates":[[127.0333458,37.4901076],[127.0330129,37.4900059],[127.0329892,37.4899985]]}},{"type":"Feature","properties":{"name":"논현로"},"geometry":{"type":"LineString","coordinates":[[127.0408623,37.4926156],[127.0407291,37.4928925],[127.0406772,37.4930001]]}},{"type":"Feature","properties":{"name":"논현로"},"geometry":{"type":"LineString","coordinates":[[127.0406183,37.4931216],[127.0404528,37.4934599]]}},{"type":"Feature","properties":{"name":"논현로"},"geometry":{"type":"LineString","coordinates":[[127.0403936,37.4935823],[127.04002,37.4943621]]}},{"type":"Feature","properties":{"name":"논현로"},"geometry":{"type":"LineString","coordinates":[[127.0399631,37.4944839],[127.0397711,37.4949047],[127.0396537,37.495166]]}},{"type":"Feature","properties":{"name":"논현로"},"geometry":{"type":"LineString","coordinates":[[127.0396051,37.4952747],[127.0394631,37.4955946],[127.0393557,37.4958119]]}},{"type":"Feature","properties":{"name":"서운로"},"geometry":{"type":"LineString","coordinates":[[127.0282243,37.4885805],[127.0281972,37.4886371],[127.0281777,37.4886777],[127.0280024,37.4890428],[127.0278238,37.4894102],[127.0277823,37.4894954],[127.0277689,37.4895228],[127.0277529,37.4895556],[127.0277245,37.4896139],[127.0273652,37.4903523],[127.0273578,37.4903675],[127.0272747,37.4905384],[127.0270845,37.4909599],[127.0270592,37.4910092],[127.026872,37.4913868],[127.0266425,37.4918904],[127.0266213,37.4919415]]}},{"type":"Feature","properties":{"name":"서운로"},"geometry":{"type":"LineString","coordinates":[[127.0241972,37.4970445],[127.0241756,37.4970887],[127.0241537,37.4971333],[127.0241282,37.4971798],[127.0239714,37.497506],[127.0235411,37.4984239],[127.02354,37.4984262]]}},{"type":"Feature","properties":{"name":"효령로"},"geometry":{"type":"LineString","coordinates":[[127.0283194,37.488524],[127.02842,37.4885539],[127.0298771,37.4890059]]}},{"type":"Feature","properties":{"name":"효령로"},"geometry":{"type":"LineString","coordinates":[[127.0300301,37.4890539],[127.0300985,37.4890757],[127.03136,37.4894779]]}},{"type":"Feature","properties":{"name":"강남대로"},"geometry":{"type":"LineString","coordinates":[[127.0276795,37.4981644],[127.0276751,37.498178],[127.0275977,37.4983464]]}},{"type":"Feature","properties":{"name":"테헤란로"},"geometry":{"type":"LineString","coordinates":[[127.0294998,37.4984463],[127.0302563,37.4986737],[127.0309027,37.4988694],[127.031003,37.4988983]]}},{"type":"Feature","properties":{"name":"테헤란로"},"geometry":{"type":"LineString","coordinates":[[127.0357824,37.5003359],[127.0359312,37.5003816]]}},{"type":"Feature","properties":{"name":"테헤란로"},"geometry":{"type":"LineString","coordinates":[[127.036073,37.5004234],[127.0363451,37.5005031],[127.0367431,37.500622],[127.0367993,37.5006388],[127.0368586,37.5006564]]}},{"type":"Feature","properties":{"name":"테헤란로"},"geometry":{"type":"LineString","coordinates":[[127.0311557,37.498944],[127.0313021,37.4989895],[127.0320081,37.4991956],[127.0327575,37.4994283]]}},{"type":"Feature","properties":{"name":"테헤란로"},"geometry":{"type":"LineString","coordinates":[[127.0329094,37.4994751],[127.0331325,37.4995433],[127.0339282,37.499781]]}},{"type":"Feature","properties":{"name":"테헤란로"},"geometry":{"type":"LineString","coordinates":[[127.0340808,37.4998266],[127.0355382,37.5002622],[127.0356303,37.5002897]]}},{"type":"Feature","properties":{"name":"강남대로"},"geometry":{"type":"LineString","coordinates":[[127.0279969,37.4966215],[127.0281332,37.496335]]}},{"type":"Feature","properties":{"name":"강남대로"},"geometry":{"type":"LineString","coordinates":[[127.0282167,37.4961599],[127.0285192,37.4955293],[127.0287428,37.4951109],[127.0288276,37.4949114],[127.0289151,37.4946957]]}},{"type":"Feature","properties":{"name":"사임당로"},"geometry":{"type":"LineString","coordinates":[[127.0297153,37.492963],[127.0296525,37.4929436],[127.0292326,37.4928169],[127.0290729,37.4927687]]}},{"type":"Feature","properties":{"name":"사임당로"},"geometry":{"type":"LineString","coordinates":[[127.0289544,37.4927329],[127.0283341,37.4925455]]}},{"type":"Feature","properties":{"name":"사임당로"},"geometry":{"type":"LineString","coordinates":[[127.0281816,37.4924994],[127.0281773,37.4924981],[127.0274732,37.4922856],[127.0272974,37.4922264],[127.027136,37.4921837],[127.0267209,37.4920584],[127.0266476,37.4920362]]}},{"type":"Feature","properties":{"name":"서운로"},"geometry":{"type":"LineString","coordinates":[[127.026566,37.4920655],[127.0265339,37.4921329],[127.0263976,37.4924409],[127.0263405,37.4925714],[127.0262571,37.4926845],[127.0261226,37.4929465],[127.0260711,37.4930578],[127.0258919,37.4934509],[127.0258723,37.493494],[127.0258628,37.4935131]]}},{"type":"Feature","properties":{"name":"강남대로"},"geometry":{"type":"LineString","coordinates":[[127.025923,37.500942],[127.0260392,37.5006787],[127.0261935,37.5003661],[127.0265574,37.4996285],[127.0266119,37.499519]]}},{"type":"Feature","properties":{"name":"선릉로"},"geometry":{"type":"LineString","coordinates":[[127.0438402,37.5104003],[127.0436209,37.5109779]]}},{"type":"Feature","properties":{"name":"선릉로"},"geometry":{"type":"LineString","coordinates":[[127.0435743,37.5111024],[127.0431231,37.512325]]}},{"type":"Feature","properties":{"name":"선릉로"},"geometry":{"type":"LineString","coordinates":[[127.0430794,37.5124504],[127.0429354,37.5128857],[127.0426622,37.5136305]]}},{"type":"Feature","properties":{"name":"선릉로"},"geometry":{"type":"LineString","coordinates":[[127.0426144,37.5137541],[127.0424597,37.5141325]]}},{"type":"Feature","properties":{"name":"남부순환로"},"geometry":{"type":"LineString","coordinates":[[127.0584393,37.492387],[127.0582166,37.492282],[127.0579279,37.4921426]]}},{"type":"Feature","properties":{"name":"남부순환로"},"geometry":{"type":"LineString","coordinates":[[127.057786,37.4920777],[127.057044,37.4917579],[127.0554285,37.491011]]}},{"type":"Feature","properties":{"name":"논현로"},"geometry":{"type":"LineString","coordinates":[[127.0308585,37.5139817],[127.0308546,37.5140016],[127.0308209,37.5140828]]}},{"type":"Feature","properties":{"name":"학동로"},"geometry":{"type":"LineString","coordinates":[[127.0309334,37.5139407],[127.0309732,37.5139525],[127.0310483,37.5139768],[127.0316227,37.5141614]]}},{"type":"Feature","properties":{"name":"논현로"},"geometry":{"type":"LineString","coordinates":[[127.0315545,37.5120001],[127.0317634,37.51157],[127.03179,37.5115128]]}},{"type":"Feature","properties":{"name":"논현로"},"geometry":{"type":"LineString","coordinates":[[127.0318513,37.5113935],[127.0321573,37.5108567],[127.032178,37.5108203]]}},{"type":"Feature","properties":{"name":"논현로"},"geometry":{"type":"LineString","coordinates":[[127.032241,37.5106995],[127.0325513,37.51004]]}},{"type":"Feature","properties":{"name":"논현로"},"geometry":{"type":"LineString","coordinates":[[127.0326112,37.50992],[127.0329586,37.5092655]]}},{"type":"Feature","properties":{"name":"논현로"},"geometry":{"type":"LineString","coordinates":[[127.0330206,37.5091438],[127.0330589,37.5090653],[127.0333247,37.5085214]]}},{"type":"Feature","properties":{"name":"논현로"},"geometry":{"type":"LineString","coordinates":[[127.0333867,37.5083927],[127.0335773,37.507987]]}},{"type":"Feature","properties":{"name":"논현로"},"geometry":{"type":"LineString","coordinates":[[127.0336319,37.5078642],[127.0337955,37.5074742],[127.0338409,37.5073825]]}},{"type":"Feature","properties":{"name":"강남대로"},"geometry":{"type":"LineString","coordinates":[[127.0298156,37.4929082],[127.0298653,37.4927904],[127.0304398,37.4915524]]}},{"type":"Feature","properties":{"name":"강남대로"},"geometry":{"type":"LineString","coordinates":[[127.0304948,37.4914298],[127.0305138,37.4913861],[127.0307242,37.4909623],[127.0311286,37.4900839]]}},{"type":"Feature","properties":{"name":"강남대로"},"geometry":{"type":"LineString","coordinates":[[127.023393,37.5071182],[127.0233829,37.5071384]]}},{"type":"Feature","properties":{"name":"강남대로"},"geometry":{"type":"LineString","coordinates":[[127.0233183,37.5072632],[127.0232148,37.5074595],[127.0226489,37.5086584],[127.0222935,37.5093918],[127.0221915,37.5095915]]}},{"type":"Feature","properties":{"name":"강남대로"},"geometry":{"type":"LineString","coordinates":[[127.0221314,37.5097123],[127.0217221,37.5105591]]}},{"type":"Feature","properties":{"name":"강남대로"},"geometry":{"type":"LineString","coordinates":[[127.021664,37.5106804],[127.0215678,37.5108833],[127.0215046,37.5110163]]}},{"type":"Feature","properties":{"name":"삼성로"},"geometry":{"type":"LineString","coordinates":[[127.052202,37.5150301],[127.0522305,37.5149774],[127.0527669,37.5139746]]}},{"type":"Feature","properties":{"name":"삼성로"},"geometry":{"type":"LineString","coordinates":[[127.0528411,37.5138344],[127.0532046,37.5131428]]}},{"type":"Feature","properties":{"name":"삼성로"},"geometry":{"type":"LineString","coordinates":[[127.0533276,37.5131866],[127.0530146,37.5137453],[127.0528587,37.5140525],[127.0523327,37.5150163],[127.0523115,37.5150743],[127.0520257,37.5156273],[127.0516414,37.5163322],[127.0516067,37.5164037],[127.0510243,37.5174932],[127.0504134,37.5186226],[127.0503398,37.5187702],[127.0502578,37.5189265]]}},{"type":"Feature","properties":{"name":"사평대로"},"geometry":{"type":"LineString","coordinates":[[127.0212141,37.5034272],[127.0213011,37.5034531],[127.0216383,37.5035535],[127.0219755,37.503654],[127.022739,37.5038842]]}},{"type":"Feature","properties":{"name":"강남대로"},"geometry":{"type":"LineString","coordinates":[[127.0212261,37.5109177],[127.0212928,37.5107978],[127.0214008,37.5106042]]}},{"type":"Feature","properties":{"name":"강남대로"},"geometry":{"type":"LineString","coordinates":[[127.0214637,37.5104836],[127.0218798,37.5096273]]}},{"type":"Feature","properties":{"name":"강남대로"},"geometry":{"type":"LineString","coordinates":[[127.0219389,37.5095065],[127.0222138,37.5089511],[127.0223877,37.5085867]]}},{"type":"Feature","properties":{"name":"강남대로"},"geometry":{"type":"LineString","coordinates":[[127.0224467,37.5084669],[127.022526,37.5083108]]}},{"type":"Feature","properties":{"name":"사임당로19길"},"geometry":{"type":"LineString","coordinates":[[127.0201209,37.4924217],[127.0202341,37.4926609]]}},{"type":"Feature","properties":{"name":"사임당로19길"},"geometry":{"type":"LineString","coordinates":[[127.0202923,37.492787],[127.0204097,37.4930458],[127.0204139,37.4930785],[127.0203941,37.4931221],[127.0203786,37.4931583],[127.0203454,37.4931921],[127.0203,37.4932094],[127.0202482,37.493221],[127.0201839,37.4932207],[127.0201096,37.4932005],[127.0199156,37.4930812]]}},{"type":"Feature","properties":{"name":"사임당로19길"},"geometry":{"type":"LineString","coordinates":[[127.0195615,37.4928526],[127.0199835,37.4924059]]}},{"type":"Feature","properties":{"name":"사임당로19길"},"geometry":{"type":"LineString","coordinates":[[127.0199061,37.4930203],[127.020161,37.4927625]]}},{"type":"Feature","properties":{"name":"서초대로66길"},"geometry":{"type":"LineString","coordinates":[[127.0210206,37.4958011],[127.0210209,37.4957996],[127.0210272,37.4957723],[127.0213139,37.4949846]]}},{"type":"Feature","properties":{"name":"서초대로66길"},"geometry":{"type":"LineString","coordinates":[[127.0213605,37.4948605],[127.0213906,37.4947826],[127.0216174,37.4943527],[127.0217625,37.4940422]]}},{"type":"Feature","properties":{"name":"서초대로66길"},"geometry":{"type":"LineString","coordinates":[[127.0218145,37.4939181],[127.0226531,37.4916644],[127.0226992,37.4915088],[127.0227778,37.4911756],[127.0228074,37.4910784],[127.0228302,37.4910106],[127.0228434,37.4909617],[127.0228474,37.49095]]}},{"type":"Feature","properties":{"name":"서초대로64길"},"geometry":{"type":"LineString","coordinates":[[127.0204721,37.4956469],[127.0204869,37.4956069],[127.0206096,37.4952739]]}},{"type":"Feature","properties":{"name":"서초대로64길"},"geometry":{"type":"LineString","coordinates":[[127.0206579,37.4951504],[127.0207855,37.4948417]]}},{"type":"Feature","properties":{"name":"서초대로64길"},"geometry":{"type":"LineString","coordinates":[[127.0208334,37.4947148],[127.0209553,37.494359]]}},{"type":"Feature","properties":{"name":"서초대로64길"},"geometry":{"type":"LineString","coordinates":[[127.0210001,37.4942303],[127.0211182,37.493898]]}},{"type":"Feature","properties":{"name":"서초대로64길"},"geometry":{"type":"LineString","coordinates":[[127.0211638,37.4937729],[127.0213264,37.4933378]]}},{"type":"Feature","properties":{"name":"서초대로60길"},"geometry":{"type":"LineString","coordinates":[[127.0205652,37.495208],[127.0193097,37.4948344],[127.0181429,37.4944916]]}},{"type":"Feature","properties":{"name":"서초중앙로22길"},"geometry":{"type":"LineString","coordinates":[[127.0212704,37.4949212],[127.0210804,37.4948733],[127.0208999,37.49482]]}},{"type":"Feature","properties":{"name":"서초중앙로22길"},"geometry":{"type":"LineString","coordinates":[[127.0207429,37.4947741],[127.0195226,37.4944205],[127.0189318,37.4942335],[127.0183572,37.4940515],[127.0178967,37.4939117],[127.017199,37.4937004],[127.0166152,37.4935144],[127.016044,37.4933324],[127.0152036,37.493241],[127.0145753,37.4931725],[127.0138025,37.4930947]]}},{"type":"Feature","properties":{"name":"사임당로17길"},"geometry":{"type":"LineString","coordinates":[[127.0209032,37.4943093],[127.0208673,37.494312],[127.0207142,37.494294],[127.0205726,37.4942594],[127.0199534,37.4939186],[127.0194747,37.4936364],[127.01898,37.4933448],[127.0188592,37.4932869],[127.0187351,37.4932185],[127.0181022,37.4928698],[127.0177033,37.4926382],[127.0170051,37.492193],[127.0169107,37.492123],[127.016863,37.4920684],[127.0168489,37.4920209],[127.0168317,37.4919506],[127.0168263,37.4918702],[127.0168337,37.4917911],[127.016852,37.491704],[127.0168858,37.4915912]]}},{"type":"Feature","properties":{"name":"사임당로23길"},"geometry":{"type":"LineString","coordinates":[[127.021291,37.49319],[127.0211178,37.4928143],[127.020972,37.4924982],[127.0208799,37.4922982]]}},{"type":"Feature","properties":{"name":"사임당로23길"},"geometry":{"type":"LineString","coordinates":[[127.0208339,37.4921985],[127.020833,37.4921967]]}},{"type":"Feature","properties":{"name":"사임당로23길"},"geometry":{"type":"LineString","coordinates":[[127.0207552,37.4920262],[127.0205376,37.4915467]]}},{"type":"Feature","properties":{"name":"사임당로23길"},"geometry":{"type":"LineString","coordinates":[[127.0205408,37.4914259],[127.0206786,37.4910466]]}},{"type":"Feature","properties":{"name":"사임당로23길"},"geometry":{"type":"LineString","coordinates":[[127.0207253,37.4909215],[127.0209307,37.4903866],[127.0209381,37.4903674]]}},{"type":"Feature","properties":{"name":"강남대로140길"},"geometry":{"type":"LineString","coordinates":[[127.0204517,37.5137297],[127.0204963,37.5137386],[127.0210192,37.5138435]]}},{"type":"Feature","properties":{"name":"강남대로140길"},"geometry":{"type":"LineString","coordinates":[[127.0212273,37.5138832],[127.021589,37.513947]]}},{"type":"Feature","properties":{"name":"학동로3길"},"geometry":{"type":"LineString","coordinates":[[127.0216683,37.5139133],[127.0220214,37.5131445]]}},{"type":"Feature","properties":{"name":"학동로3길"},"geometry":{"type":"LineString","coordinates":[[127.0220642,37.5130544],[127.0223498,37.5124713],[127.0223576,37.5124553]]}},{"type":"Feature","properties":{"name":"학동로3길"},"geometry":{"type":"LineString","coordinates":[[127.0224026,37.5123606],[127.0227158,37.5116815]]}},{"type":"Feature","properties":{"name":"강남대로140길"},"geometry":{"type":"LineString","coordinates":[[127.0217047,37.5139706],[127.0229134,37.5142495]]}},{"type":"Feature","properties":{"name":"학동로7길"},"geometry":{"type":"LineString","coordinates":[[127.0232188,37.5137876],[127.023025,37.5142273]]}},{"type":"Feature","properties":{"name":"강남대로95길"},"geometry":{"type":"LineString","coordinates":[[127.0198119,37.513921],[127.0193514,37.5138302],[127.0188808,37.5137357],[127.0185329,37.5136695],[127.0182256,37.5136155],[127.0179404,37.5132529],[127.0176513,37.5129615],[127.017254,37.5125369],[127.0167574,37.5120073],[127.0163156,37.511862]]}},{"type":"Feature","properties":{"name":"신반포로49길"},"geometry":{"type":"LineString","coordinates":[[127.0200179,37.511915],[127.0200746,37.5116779],[127.0201663,37.5113671],[127.0203797,37.5109561]]}},{"type":"Feature","properties":{"name":"테헤란로33길"},"geometry":{"type":"LineString","coordinates":[[127.0397426,37.5018913],[127.0397416,37.501893],[127.0396201,37.5021155],[127.0395123,37.5023351],[127.0394404,37.5024623],[127.0393531,37.5026321]]}},{"type":"Feature","properties":{"name":"테헤란로33길"},"geometry":{"type":"LineString","coordinates":[[127.0392881,37.5027504],[127.039276,37.5027709],[127.0391531,37.5030175]]}},{"type":"Feature","properties":{"name":"테헤란로33길"},"geometry":{"type":"LineString","coordinates":[[127.0390963,37.5031375],[127.0388618,37.5036604]]}},{"type":"Feature","properties":{"name":"테헤란로33길"},"geometry":{"type":"LineString","coordinates":[[127.0388035,37.5037842],[127.0384194,37.50456]]}},{"type":"Feature","properties":{"name":"테헤란로25길"},"geometry":{"type":"LineString","coordinates":[[127.0352791,37.5016875],[127.0350477,37.5017526],[127.0349705,37.50176],[127.0343742,37.5016764]]}},{"type":"Feature","properties":{"name":"논현로95길"},"geometry":{"type":"LineString","coordinates":[[127.0351704,37.5023633],[127.0345187,37.5021809]]}},{"type":"Feature","properties":{"name":"논현로95길"},"geometry":{"type":"LineString","coordinates":[[127.034366,37.5021371],[127.0341686,37.5020789]]}},{"type":"Feature","properties":{"name":"논현로95길"},"geometry":{"type":"LineString","coordinates":[[127.0340157,37.502034],[127.033773,37.5019628]]}},{"type":"Feature","properties":{"name":"논현로95길"},"geometry":{"type":"LineString","coordinates":[[127.033451,37.5017691],[127.0332356,37.5016096]]}},{"type":"Feature","properties":{"name":"테헤란로27길"},"geometry":{"type":"LineString","coordinates":[[127.0371006,37.5039902],[127.0365752,37.5051043]]}},{"type":"Feature","properties":{"name":"논현로98길"},"geometry":{"type":"LineString","coordinates":[[127.0382816,37.5045773],[127.0381257,37.5044266],[127.0379885,37.5043137],[127.0378409,37.5041792]]}},{"type":"Feature","properties":{"name":"논현로98길"},"geometry":{"type":"LineString","coordinates":[[127.0377278,37.5041208],[127.0371837,37.5039609]]}},{"type":"Feature","properties":{"name":"논현로98길"},"geometry":{"type":"LineString","coordinates":[[127.0370301,37.5039131],[127.0366091,37.5037744]]}},{"type":"Feature","properties":{"name":"논현로98길"},"geometry":{"type":"LineString","coordinates":[[127.0364568,37.5037262],[127.0361618,37.5036365],[127.0358352,37.5035304],[127.0357972,37.5035182]]}},{"type":"Feature","properties":{"name":"강남대로94길"},"geometry":{"type":"LineString","coordinates":[[127.0337062,37.5006465],[127.0340618,37.5007558]]}},{"type":"Feature","properties":{"name":"강남대로94길"},"geometry":{"type":"LineString","coordinates":[[127.0341811,37.5007925],[127.0342728,37.5008207]]}},{"type":"Feature","properties":{"name":"강남대로94길"},"geometry":{"type":"LineString","coordinates":[[127.0344247,37.5008675],[127.0345354,37.5009016],[127.0348311,37.50099],[127.0351959,37.501099]]}},{"type":"Feature","properties":{"name":"언주로107길"},"geometry":{"type":"LineString","coordinates":[[127.0392077,37.5077309],[127.0387972,37.5076022]]}},{"type":"Feature","properties":{"name":"언주로107길"},"geometry":{"type":"LineString","coordinates":[[127.0386318,37.507582],[127.0377285,37.5075723]]}},{"type":"Feature","properties":{"name":"언주로107길"},"geometry":{"type":"LineString","coordinates":[[127.0375466,37.507549],[127.0371244,37.5074349],[127.0367899,37.5073387]]}},{"type":"Feature","properties":{"name":"언주로107길"},"geometry":{"type":"LineString","coordinates":[[127.0366336,37.5072924],[127.0364451,37.5072345]]}},{"type":"Feature","properties":{"name":"언주로107길"},"geometry":{"type":"LineString","coordinates":[[127.0362929,37.5071882],[127.0359553,37.5070861],[127.0353934,37.5069172]]}},{"type":"Feature","properties":{"name":"테헤란로21길"},"geometry":{"type":"LineString","coordinates":[[127.0343545,37.5007917],[127.0345771,37.5003252],[127.034585,37.5003087]]}},{"type":"Feature","properties":{"name":"테헤란로21길"},"geometry":{"type":"LineString","coordinates":[[127.0342393,37.5017214],[127.0341418,37.5019836]]}},{"type":"Feature","properties":{"name":"테헤란로27길"},"geometry":{"type":"LineString","coordinates":[[127.0377125,37.5026886],[127.0375917,37.5029607],[127.0374809,37.5032101]]}},{"type":"Feature","properties":{"name":"테헤란로27길"},"geometry":{"type":"LineString","coordinates":[[127.0374257,37.5033321],[127.037311,37.5035818],[127.0371607,37.5038691]]}},{"type":"Feature","properties":{"name":"봉은사로30길"},"geometry":{"type":"LineString","coordinates":[[127.0371619,37.5024764],[127.0368408,37.5031469],[127.0365852,37.5036804]]}},{"type":"Feature","properties":{"name":"봉은사로30길"},"geometry":{"type":"LineString","coordinates":[[127.0365279,37.5038029],[127.0360063,37.5049397]]}},{"type":"Feature","properties":{"name":"봉은사로30길"},"geometry":{"type":"LineString","coordinates":[[127.0359492,37.5050618],[127.0357231,37.5055349]]}},{"type":"Feature","properties":{"name":"봉은사로30길"},"geometry":{"type":"LineString","coordinates":[[127.0356655,37.5056564],[127.0354299,37.506157]]}},{"type":"Feature","properties":{"name":"봉은사로30길"},"geometry":{"type":"LineString","coordinates":[[127.0353148,37.5064451],[127.0353396,37.5068265]]}},{"type":"Feature","properties":{"name":"봉은사로30길"},"geometry":{"type":"LineString","coordinates":[[127.0353122,37.5069457],[127.0352656,37.5070381],[127.0350081,37.507587]]}},{"type":"Feature","properties":{"name":"논현로106길"},"geometry":{"type":"LineString","coordinates":[[127.0388667,37.5072825],[127.0379803,37.5070068]]}},{"type":"Feature","properties":{"name":"논현로106길"},"geometry":{"type":"LineString","coordinates":[[127.0378281,37.5069601],[127.037289,37.5067966]]}},{"type":"Feature","properties":{"name":"논현로106길"},"geometry":{"type":"LineString","coordinates":[[127.0371163,37.5067443],[127.0367785,37.5066418],[127.0364366,37.5065417],[127.0360957,37.5064398],[127.0357527,37.5063456],[127.0354527,37.5062494]]}},{"type":"Feature","properties":{"name":"테헤란로19길"},"geometry":{"type":"LineString","coordinates":[[127.0328531,37.5020303],[127.0324303,37.5018936]]}},{"type":"Feature","properties":{"name":"논현로95길"},"geometry":{"type":"LineString","coordinates":[[127.0339709,37.5016032],[127.0335874,37.5017811]]}},{"type":"Feature","properties":{"name":"테헤란로19길"},"geometry":{"type":"LineString","coordinates":[[127.0330664,37.5026174],[127.0329718,37.502222],[127.0329341,37.5020947]]}},{"type":"Feature","properties":{"name":"테헤란로19길"},"geometry":{"type":"LineString","coordinates":[[127.0329474,37.5019744],[127.0329995,37.5018554],[127.0331228,37.5016129]]}},{"type":"Feature","properties":{"name":"논현로97길"},"geometry":{"type":"LineString","coordinates":[[127.0337047,37.5019993],[127.0336927,37.5022749],[127.0336677,37.5027817]]}},{"type":"Feature","properties":{"name":""},"geometry":{"type":"LineString","coordinates":[[127.0335021,37.5010596],[127.0337763,37.5011343],[127.0339949,37.5011476]]}},{"type":"Feature","properties":{"name":"강남대로100길"},"geometry":{"type":"LineString","coordinates":[[127.0293404,37.5022466],[127.0287059,37.5020557]]}},{"type":"Feature","properties":{"name":"강남대로100길"},"geometry":{"type":"LineString","coordinates":[[127.0285537,37.5020103],[127.0276488,37.5017438]]}},{"type":"Feature","properties":{"name":""},"geometry":{"type":"LineString","coordinates":[[127.0286475,37.5019534],[127.0287464,37.5017384]]}},{"type":"Feature","properties":{"name":"테헤란로5길"},"geometry":{"type":"LineString","coordinates":[[127.0294096,37.5018976],[127.0288618,37.5017197]]}},{"type":"Feature","properties":{"name":"테헤란로5길"},"geometry":{"type":"LineString","coordinates":[[127.0287097,37.501672],[127.0277255,37.5013742]]}},{"type":"Feature","properties":{"name":""},"geometry":{"type":"LineString","coordinates":[[127.028416,37.4983576],[127.0282155,37.4982637],[127.0280813,37.4982555],[127.0279696,37.4982561],[127.0279212,37.498259],[127.0278671,37.4982694],[127.0277758,37.4982962],[127.0276925,37.4983324],[127.0276368,37.4983655]]}},{"type":"Feature","properties":{"name":"강남대로110길"},"geometry":{"type":"LineString","coordinates":[[127.0255233,37.5041263],[127.0250715,37.5039973]]}},{"type":"Feature","properties":{"name":"봉은사로22길"},"geometry":{"type":"LineString","coordinates":[[127.0314883,37.5065248],[127.0317026,37.5060304],[127.0317749,37.5058631]]}},{"type":"Feature","properties":{"name":"봉은사로22길"},"geometry":{"type":"LineString","coordinates":[[127.0318402,37.5057307],[127.0319119,37.505599],[127.0318793,37.505554],[127.0315256,37.5051587]]}},{"type":"Feature","properties":{"name":"봉은사로20길"},"geometry":{"type":"LineString","coordinates":[[127.0337216,37.5035322],[127.033517,37.503992]]}},{"type":"Feature","properties":{"name":"봉은사로20길"},"geometry":{"type":"LineString","coordinates":[[127.03344,37.5040688],[127.0332753,37.5041494],[127.0327627,37.5044362]]}},{"type":"Feature","properties":{"name":"봉은사로20길"},"geometry":{"type":"LineString","coordinates":[[127.0326291,37.5045086],[127.0323297,37.5046658],[127.0321911,37.5047385]]}},{"type":"Feature","properties":{"name":"봉은사로20길"},"geometry":{"type":"LineString","coordinates":[[127.0320554,37.5048106],[127.0315708,37.5050721]]}},{"type":"Feature","properties":{"name":"봉은사로20길"},"geometry":{"type":"LineString","coordinates":[[127.0312483,37.5052462],[127.0308796,37.505454]]}},{"type":"Feature","properties":{"name":"봉은사로26길"},"geometry":{"type":"LineString","coordinates":[[127.0336357,37.5055864],[127.0331251,37.5049952],[127.0328629,37.5046914]]}},{"type":"Feature","properties":{"name":"봉은사로26길"},"geometry":{"type":"LineString","coordinates":[[127.0327706,37.5045845],[127.032717,37.5045224]]}},{"type":"Feature","properties":{"name":"논현로101길"},"geometry":{"type":"LineString","coordinates":[[127.0335389,37.5040494],[127.0336178,37.5040961]]}},{"type":"Feature","properties":{"name":"논현로101길"},"geometry":{"type":"LineString","coordinates":[[127.0337514,37.5041754],[127.0341793,37.5044288],[127.0342114,37.5044431]]}},{"type":"Feature","properties":{"name":"논현로101길"},"geometry":{"type":"LineString","coordinates":[[127.0343616,37.5044994],[127.0349734,37.504685],[127.0349974,37.5046923]]}},{"type":"Feature","properties":{"name":"봉은사로10길"},"geometry":{"type":"LineString","coordinates":[[127.0285028,37.5049023],[127.0282427,37.5054957]]}},{"type":"Feature","properties":{"name":"봉은사로24길"},"geometry":{"type":"LineString","coordinates":[[127.0317875,37.5043464],[127.0319818,37.5045796],[127.0320826,37.5047005]]}},{"type":"Feature","properties":{"name":"봉은사로24길"},"geometry":{"type":"LineString","coordinates":[[127.032174,37.5048082],[127.032885,37.5056293],[127.0328348,37.5057902]]}},{"type":"Feature","properties":{"name":""},"geometry":{"type":"LineString","coordinates":[[127.029534,37.505205],[127.029242,37.5057972]]}},{"type":"Feature","properties":{"name":"봉은사로26길"},"geometry":{"type":"LineString","coordinates":[[127.0336273,37.505806],[127.0336767,37.5056961]]}},{"type":"Feature","properties":{"name":"봉은사로26길"},"geometry":{"type":"LineString","coordinates":[[127.0337391,37.5055631],[127.03398,37.5050606],[127.034233,37.5045449]]}},{"type":"Feature","properties":{"name":"강남대로83길"},"geometry":{"type":"LineString","coordinates":[[127.0205609,37.5044913],[127.0207555,37.5046751],[127.0210048,37.5049105]]}},{"type":"Feature","properties":{"name":"강남대로83길"},"geometry":{"type":"LineString","coordinates":[[127.0211257,37.5050242],[127.0212746,37.505164]]}},{"type":"Feature","properties":{"name":"강남대로83길"},"geometry":{"type":"LineString","coordinates":[[127.0213808,37.5052636],[127.0214726,37.5053498]]}},{"type":"Feature","properties":{"name":"강남대로83길"},"geometry":{"type":"LineString","coordinates":[[127.0216114,37.5054794],[127.0220139,37.5058537]]}},{"type":"Feature","properties":{"name":"강남대로83길"},"geometry":{"type":"LineString","coordinates":[[127.0221523,37.5059834],[127.0225475,37.5063567]]}},{"type":"Feature","properties":{"name":"강남대로83길"},"geometry":{"type":"LineString","coordinates":[[127.0226795,37.506476],[127.0230431,37.5067879]]}},{"type":"Feature","properties":{"name":"사평대로55길"},"geometry":{"type":"LineString","coordinates":[[127.022785,37.5040462],[127.0227298,37.50424],[127.0227262,37.5042976]]}},{"type":"Feature","properties":{"name":"사평대로55길"},"geometry":{"type":"LineString","coordinates":[[127.0227229,37.5044316],[127.022723,37.5044928],[127.0227192,37.5045332]]}},{"type":"Feature","properties":{"name":"강남대로"},"geometry":{"type":"LineString","coordinates":[[127.0201487,37.5101436],[127.0205192,37.5102462]]}},{"type":"Feature","properties":{"name":"강남대로"},"geometry":{"type":"LineString","coordinates":[[127.0206713,37.510291],[127.0213802,37.5105119]]}},{"type":"Feature","properties":{"name":"사평대로57길"},"geometry":{"type":"LineString","coordinates":[[127.0235875,37.5042839],[127.0234846,37.504516]]}},{"type":"Feature","properties":{"name":"사평대로57길"},"geometry":{"type":"LineString","coordinates":[[127.0234338,37.5046376],[127.0232742,37.5050449]]}},{"type":"Feature","properties":{"name":"사평대로57길"},"geometry":{"type":"LineString","coordinates":[[127.0231921,37.5052014],[127.0231855,37.5052111],[127.0226571,37.506356]]}},{"type":"Feature","properties":{"name":"주흥16길"},"geometry":{"type":"LineString","coordinates":[[127.0201499,37.5097716],[127.0197584,37.5096583],[127.0196008,37.5096013]]}},{"type":"Feature","properties":{"name":"주흥길"},"geometry":{"type":"LineString","coordinates":[[127.0210909,37.5035404],[127.0210584,37.503604],[127.0208791,37.5040146]]}},{"type":"Feature","properties":{"name":"주흥길"},"geometry":{"type":"LineString","coordinates":[[127.0208151,37.5041389],[127.0206718,37.5043792],[127.0205755,37.5044239]]}},{"type":"Feature","properties":{"name":"주흥10길"},"geometry":{"type":"LineString","coordinates":[[127.0201143,37.507035],[127.0202346,37.5071193],[127.0203826,37.5072529],[127.0205115,37.5073692]]}},{"type":"Feature","properties":{"name":"주흥10길"},"geometry":{"type":"LineString","coordinates":[[127.0206501,37.5074501],[127.0211951,37.5076123]]}},{"type":"Feature","properties":{"name":"사평대로55길"},"geometry":{"type":"LineString","coordinates":[[127.0210531,37.5066515],[127.0215591,37.5068198]]}},{"type":"Feature","properties":{"name":"강남대로"},"geometry":{"type":"LineString","coordinates":[[127.021967,37.5083701],[127.0223648,37.5084949]]}},{"type":"Feature","properties":{"name":"사평대로55길"},"geometry":{"type":"LineString","coordinates":[[127.0208745,37.5085835],[127.0213021,37.5086158]]}},{"type":"Feature","properties":{"name":"강남대로79길"},"geometry":{"type":"LineString","coordinates":[[127.0214238,37.5043059],[127.0211149,37.5049115]]}},{"type":"Feature","properties":{"name":"사평대로55길"},"geometry":{"type":"LineString","coordinates":[[127.0211066,37.5081781],[127.0217651,37.5083695]]}},{"type":"Feature","properties":{"name":"사평대로53길"},"geometry":{"type":"LineString","coordinates":[[127.0207405,37.5070615],[127.0209232,37.5066951]]}},{"type":"Feature","properties":{"name":"사평대로53길"},"geometry":{"type":"LineString","coordinates":[[127.0209808,37.506575],[127.0211294,37.506251]]}},{"type":"Feature","properties":{"name":"사평대로53길"},"geometry":{"type":"LineString","coordinates":[[127.0211852,37.5061291],[127.0213573,37.5057542],[127.0214146,37.5056293]]}},{"type":"Feature","properties":{"name":"사평대로53길"},"geometry":{"type":"LineString","coordinates":[[127.0214706,37.5055071],[127.0214742,37.5054991]]}},{"type":"Feature","properties":{"name":"사평대로53길"},"geometry":{"type":"LineString","coordinates":[[127.0215486,37.5053392],[127.0219589,37.5044664]]}},{"type":"Feature","properties":{"name":"사평대로55길"},"geometry":{"type":"LineString","coordinates":[[127.0226699,37.5046909],[127.0221238,37.5058531]]}},{"type":"Feature","properties":{"name":"사평대로55길"},"geometry":{"type":"LineString","coordinates":[[127.0220487,37.5060124],[127.0219233,37.5062771],[127.0217036,37.5067408],[127.0216746,37.5068019]]}},{"type":"Feature","properties":{"name":"사평대로55길"},"geometry":{"type":"LineString","coordinates":[[127.0207843,37.5086513],[127.0206297,37.5089788],[127.0205762,37.5091062]]}},{"type":"Feature","properties":{"name":"사평대로55길"},"geometry":{"type":"LineString","coordinates":[[127.0205201,37.5092302],[127.0202791,37.5097256]]}},{"type":"Feature","properties":{"name":"사평대로55길"},"geometry":{"type":"LineString","coordinates":[[127.0202211,37.5098465],[127.0201109,37.5100793]]}},{"type":"Feature","properties":{"name":"사평대로55길"},"geometry":{"type":"LineString","coordinates":[[127.0200533,37.5102005],[127.0199007,37.5105199]]}},{"type":"Feature","properties":{"name":"사평대로55길"},"geometry":{"type":"LineString","coordinates":[[127.021616,37.5069235],[127.0214956,37.5071705]]}},{"type":"Feature","properties":{"name":"사평대로55길"},"geometry":{"type":"LineString","coordinates":[[127.0214403,37.5072932],[127.0213782,37.5074429]]}},{"type":"Feature","properties":{"name":"사평대로55길"},"geometry":{"type":"LineString","coordinates":[[127.0212539,37.5077143],[127.021069,37.5081135]]}},{"type":"Feature","properties":{"name":"사평대로55길"},"geometry":{"type":"LineString","coordinates":[[127.021007,37.5082321],[127.0209034,37.5084087]]}},{"type":"Feature","properties":{"name":"강남대로79길"},"geometry":{"type":"LineString","coordinates":[[127.0209178,37.5040797],[127.0213657,37.5042035]]}},{"type":"Feature","properties":{"name":"강남대로79길"},"geometry":{"type":"LineString","coordinates":[[127.0215203,37.5042484],[127.0219351,37.5043747]]}},{"type":"Feature","properties":{"name":"강남대로79길"},"geometry":{"type":"LineString","coordinates":[[127.0220861,37.5044189],[127.022613,37.5045674]]}},{"type":"Feature","properties":{"name":"사평대로53길"},"geometry":{"type":"LineString","coordinates":[[127.0200717,37.5082963],[127.0195196,37.5081386]]}},{"type":"Feature","properties":{"name":""},"geometry":{"type":"LineString","coordinates":[[127.0202607,37.5082761],[127.0207842,37.5084239]]}},{"type":"Feature","properties":{"name":"주흥길"},"geometry":{"type":"LineString","coordinates":[[127.0200122,37.5070729],[127.0197613,37.5076359]]}},{"type":"Feature","properties":{"name":"테헤란로1길"},"geometry":{"type":"LineString","coordinates":[[127.0267553,37.5016342],[127.0270773,37.50096],[127.0272238,37.5006571]]}},{"type":"Feature","properties":{"name":"테헤란로1길"},"geometry":{"type":"LineString","coordinates":[[127.0272686,37.5005626],[127.0274539,37.500166],[127.027653,37.4997553],[127.0277209,37.4995948]]}},{"type":"Feature","properties":{"name":"테헤란로1길"},"geometry":{"type":"LineString","coordinates":[[127.0277781,37.4994708],[127.0278526,37.4993225]]}},{"type":"Feature","properties":{"name":"테헤란로1길"},"geometry":{"type":"LineString","coordinates":[[127.0278993,37.4992289],[127.0279248,37.4991775],[127.0280831,37.4988284]]}},{"type":"Feature","properties":{"name":"테헤란로1길"},"geometry":{"type":"LineString","coordinates":[[127.0281412,37.4987059],[127.0282784,37.4984283]]}},{"type":"Feature","properties":{"name":"봉은사로16길"},"geometry":{"type":"LineString","coordinates":[[127.0303596,37.50598],[127.0297022,37.5052655]]}},{"type":"Feature","properties":{"name":"봉은사로16길"},"geometry":{"type":"LineString","coordinates":[[127.0295271,37.5050671],[127.0286554,37.5040275]]}},{"type":"Feature","properties":{"name":"서리풀길"},"geometry":{"type":"LineString","coordinates":[[127.0198233,37.4899244],[127.0198419,37.4898807],[127.0199629,37.4896066]]}},{"type":"Feature","properties":{"name":"서리풀길"},"geometry":{"type":"LineString","coordinates":[[127.020017,37.4894843],[127.0201273,37.4892347],[127.0202322,37.4889973],[127.0202549,37.488946],[127.020324,37.4887897]]}},{"type":"Feature","properties":{"name":"서리풀길"},"geometry":{"type":"LineString","coordinates":[[127.0204618,37.4884777],[127.0204627,37.488476],[127.0207029,37.4879325]]}},{"type":"Feature","properties":{"name":"효령로69길"},"geometry":{"type":"LineString","coordinates":[[127.0228963,37.4908215],[127.0229019,37.4908079],[127.023007,37.4905578]]}},{"type":"Feature","properties":{"name":"봉은사로6길"},"geometry":{"type":"LineString","coordinates":[[127.0280873,37.5024774],[127.0279419,37.5025528],[127.0276766,37.5027015]]}},{"type":"Feature","properties":{"name":"봉은사로6길"},"geometry":{"type":"LineString","coordinates":[[127.0274702,37.5030178],[127.0274027,37.5031463]]}},{"type":"Feature","properties":{"name":"봉은사로6길"},"geometry":{"type":"LineString","coordinates":[[127.0273417,37.5032678],[127.0271457,37.503679]]}},{"type":"Feature","properties":{"name":"봉은사로6길"},"geometry":{"type":"LineString","coordinates":[[127.0270443,37.5038361],[127.0268642,37.5042707]]}},{"type":"Feature","properties":{"name":"봉은사로6길"},"geometry":{"type":"LineString","coordinates":[[127.0268099,37.504392],[127.0265308,37.5049727]]}},{"type":"Feature","properties":{"name":"선릉로111길"},"geometry":{"type":"LineString","coordinates":[[127.0398782,37.509957],[127.0403315,37.5100786],[127.0404442,37.5101109]]}},{"type":"Feature","properties":{"name":"선릉로111길"},"geometry":{"type":"LineString","coordinates":[[127.0405442,37.5101403],[127.0411019,37.5103077]]}},{"type":"Feature","properties":{"name":"선릉로111길"},"geometry":{"type":"LineString","coordinates":[[127.0412014,37.5103374],[127.0416363,37.5104668],[127.0419899,37.5105713]]}},{"type":"Feature","properties":{"name":"선릉로111길"},"geometry":{"type":"LineString","coordinates":[[127.0421442,37.5106149],[127.0426017,37.5107381]]}},{"type":"Feature","properties":{"name":"선릉로111길"},"geometry":{"type":"LineString","coordinates":[[127.0428134,37.5107989],[127.0435033,37.5110106]]}},{"type":"Feature","properties":{"name":"논현로119길"},"geometry":{"type":"LineString","coordinates":[[127.0299313,37.508816],[127.0301967,37.5091145],[127.0305999,37.5095682]]}},{"type":"Feature","properties":{"name":"논현로119길"},"geometry":{"type":"LineString","coordinates":[[127.0306728,37.5096526],[127.0308602,37.5098753],[127.0309999,37.5100189],[127.0311367,37.510176],[127.0313849,37.5104447]]}},{"type":"Feature","properties":{"name":"논현로119길"},"geometry":{"type":"LineString","coordinates":[[127.0315192,37.5105348],[127.0320803,37.5107049],[127.0321573,37.5107282]]}},{"type":"Feature","properties":{"name":"봉은사로13길"},"geometry":{"type":"LineString","coordinates":[[127.02974,37.5061609],[127.0295277,37.50662]]}},{"type":"Feature","properties":{"name":"봉은사로13길"},"geometry":{"type":"LineString","coordinates":[[127.0295196,37.5067594],[127.0295346,37.5068256]]}},{"type":"Feature","properties":{"name":"강남대로93길"},"geometry":{"type":"LineString","coordinates":[[127.018279,37.5129908],[127.0186816,37.5128813],[127.0191265,37.5127509],[127.0195018,37.5126409],[127.0196624,37.5125938],[127.0199459,37.5125107],[127.0203473,37.5126201]]}},{"type":"Feature","properties":{"name":"강남대로120길"},"geometry":{"type":"LineString","coordinates":[[127.0269769,37.5078991],[127.0259468,37.5075893]]}},{"type":"Feature","properties":{"name":"강남대로120길"},"geometry":{"type":"LineString","coordinates":[[127.0257939,37.5075434],[127.0248759,37.5072686],[127.0242794,37.50709]]}},{"type":"Feature","properties":{"name":"강남대로118길"},"geometry":{"type":"LineString","coordinates":[[127.0260918,37.5070397],[127.0262469,37.5067143]]}},{"type":"Feature","properties":{"name":"강남대로116길"},"geometry":{"type":"LineString","coordinates":[[127.0247184,37.5061563],[127.0250021,37.5062461],[127.02533,37.5063469],[127.0262234,37.5066222]]}},{"type":"Feature","properties":{"name":"강남대로116길"},"geometry":{"type":"LineString","coordinates":[[127.0263772,37.5066676],[127.0270791,37.5068668]]}},{"type":"Feature","properties":{"name":"강남대로112길"},"geometry":{"type":"LineString","coordinates":[[127.0244847,37.5051432],[127.0249631,37.5052937]]}},{"type":"Feature","properties":{"name":"강남대로112길"},"geometry":{"type":"LineString","coordinates":[[127.0251154,37.5053406],[127.0260897,37.5056337]]}},{"type":"Feature","properties":{"name":"강남대로112길"},"geometry":{"type":"LineString","coordinates":[[127.0262437,37.5056801],[127.0274645,37.5060475]]}},{"type":"Feature","properties":{"name":"강남대로112길"},"geometry":{"type":"LineString","coordinates":[[127.0276176,37.5060939],[127.0286228,37.5064002]]}},{"type":"Feature","properties":{"name":"강남대로112길"},"geometry":{"type":"LineString","coordinates":[[127.0287761,37.5064468],[127.0294124,37.5066395]]}},{"type":"Feature","properties":{"name":"서초대로"},"geometry":{"type":"LineString","coordinates":[[127.0273341,37.4979719],[127.0271321,37.4979086]]}},{"type":"Feature","properties":{"name":""},"geometry":{"type":"LineString","coordinates":[[127.0271688,37.4983887],[127.0272538,37.4982784],[127.0272513,37.4981939],[127.0272472,37.4981391],[127.027231,37.4980832],[127.0272022,37.4980266],[127.0271574,37.4979698],[127.0271146,37.4979397]]}},{"type":"Feature","properties":{"name":"서초대로65길"},"geometry":{"type":"LineString","coordinates":[[127.0204136,37.497331],[127.0203935,37.4973348]]}},{"type":"Feature","properties":{"name":"서초대로65길"},"geometry":{"type":"LineString","coordinates":[[127.0202169,37.4973653],[127.0199845,37.4973965],[127.0197294,37.4974374],[127.0195448,37.4974504],[127.0194871,37.4974545],[127.0191917,37.4973978],[127.0188914,37.4973346],[127.0187617,37.4973411],[127.0186835,37.4973716],[127.0185624,37.4975969],[127.0184602,37.4977529],[127.0182217,37.498069],[127.0178674,37.4985067],[127.017823,37.4985469],[127.0177943,37.4985757],[127.0175727,37.4988656]]}},{"type":"Feature","properties":{"name":"학동로20길"},"geometry":{"type":"LineString","coordinates":[[127.0282173,37.5125676],[127.0280205,37.5129916]]}},{"type":"Feature","properties":{"name":"논현로127길"},"geometry":{"type":"LineString","coordinates":[[127.030037,37.5120174],[127.0302877,37.512091],[127.029943,37.5128757]]}},{"type":"Feature","properties":{"name":"학동로28길"},"geometry":{"type":"LineString","coordinates":[[127.0302494,37.5131092],[127.0300123,37.5135675]]}},{"type":"Feature","properties":{"name":"역삼로1길"},"geometry":{"type":"LineString","coordinates":[[127.0309592,37.4934041],[127.0304261,37.4945196],[127.0302283,37.4949261]]}},{"type":"Feature","properties":{"name":"강남대로84길"},"geometry":{"type":"LineString","coordinates":[[127.0286299,37.4963538],[127.0293304,37.4965784]]}},{"type":"Feature","properties":{"name":"강남대로84길"},"geometry":{"type":"LineString","coordinates":[[127.0294824,37.4966259],[127.0301456,37.496828]]}},{"type":"Feature","properties":{"name":"강남대로84길"},"geometry":{"type":"LineString","coordinates":[[127.0302987,37.4968735],[127.0304976,37.4969312]]}},{"type":"Feature","properties":{"name":"강남대로84길"},"geometry":{"type":"LineString","coordinates":[[127.0306492,37.4969773],[127.0310267,37.4970974],[127.031786,37.4973188]]}},{"type":"Feature","properties":{"name":"역삼로64길"},"geometry":{"type":"LineString","coordinates":[[127.0529826,37.5004298],[127.053449,37.4994181]]}},{"type":"Feature","properties":{"name":"도곡로77길"},"geometry":{"type":"LineString","coordinates":[[127.0582242,37.4995644],[127.0579381,37.5001033],[127.0576423,37.500646]]}},{"type":"Feature","properties":{"name":"삼성로63길"},"geometry":{"type":"LineString","coordinates":[[127.0581808,37.4995343],[127.0575647,37.4993383],[127.0574189,37.4992869],[127.0572707,37.4992343],[127.0569141,37.4991175],[127.0562764,37.4989137],[127.056156,37.4988745],[127.0557177,37.4987219]]}},{"type":"Feature","properties":{"name":"선릉로68길"},"geometry":{"type":"LineString","coordinates":[[127.0518003,37.4988061],[127.0522475,37.4989535],[127.052667,37.4990841],[127.0530637,37.4992088],[127.0534251,37.4993234]]}},{"type":"Feature","properties":{"name":"선릉로68길"},"geometry":{"type":"LineString","coordinates":[[127.0535783,37.4993731],[127.0538016,37.499447],[127.053909,37.4994788],[127.0543151,37.4996073],[127.0547873,37.4997583],[127.0549771,37.4998194]]}},{"type":"Feature","properties":{"name":"선릉로72길"},"geometry":{"type":"LineString","coordinates":[[127.0512628,37.4999402],[127.0517245,37.5000699],[127.0521423,37.5002093],[127.0529013,37.5004583]]}},{"type":"Feature","properties":{"name":"역삼로74길"},"geometry":{"type":"LineString","coordinates":[[127.0550723,37.499923],[127.0550952,37.5000998],[127.0551112,37.5002676],[127.0551248,37.5005324],[127.0551862,37.5011342]]}},{"type":"Feature","properties":{"name":"도곡로69길"},"geometry":{"type":"LineString","coordinates":[[127.0563012,37.4974828],[127.0561052,37.4978492],[127.0560247,37.4979997],[127.0559901,37.4980731]]}},{"type":"Feature","properties":{"name":"도곡로69길"},"geometry":{"type":"LineString","coordinates":[[127.0559299,37.498193],[127.0556979,37.4986287]]}},{"type":"Feature","properties":{"name":"도곡로69길"},"geometry":{"type":"LineString","coordinates":[[127.0556351,37.4987486],[127.0554749,37.49906],[127.0550929,37.4998027]]}},{"type":"Feature","properties":{"name":"선릉로64길"},"geometry":{"type":"LineString","coordinates":[[127.0523727,37.4975864],[127.0529949,37.4977937],[127.0531887,37.4978583],[127.053257,37.497881],[127.0536647,37.4980165],[127.0539986,37.4981212]]}},{"type":"Feature","properties":{"name":"사평대로"},"geometry":{"type":"LineString","coordinates":[[127.0210187,37.5034674],[127.0209671,37.5034561],[127.0208782,37.5034541],[127.0198183,37.5031576],[127.0194447,37.5031169]]}},{"type":"Feature","properties":{"name":"양재천로"},"geometry":{"type":"LineString","coordinates":[[127.0552549,37.4877418],[127.0562308,37.4883385],[127.0567701,37.4886482],[127.0570598,37.4887969]]}},{"type":"Feature","properties":{"name":"테헤란로22길"},"geometry":{"type":"LineString","coordinates":[[127.0355026,37.4984286],[127.0357467,37.4979384],[127.0359569,37.4975285]]}},{"type":"Feature","properties":{"name":"역삼로19길"},"geometry":{"type":"LineString","coordinates":[[127.0377685,37.4976328],[127.0374753,37.4969337]]}},{"type":"Feature","properties":{"name":"역삼로19길"},"geometry":{"type":"LineString","coordinates":[[127.037417,37.4967951],[127.0372136,37.4963118]]}},{"type":"Feature","properties":{"name":"역삼로19길"},"geometry":{"type":"LineString","coordinates":[[127.037149,37.4961582],[127.0370028,37.4958101],[127.0369247,37.4956242],[127.0368722,37.4954988],[127.0368291,37.4953963],[127.0369231,37.4952155]]}},{"type":"Feature","properties":{"name":"논현로57길"},"geometry":{"type":"LineString","coordinates":[[127.0410384,37.4918307],[127.0410098,37.4918212],[127.0409493,37.4918023],[127.0396794,37.4914102]]}},{"type":"Feature","properties":{"name":"논현로57길"},"geometry":{"type":"LineString","coordinates":[[127.0395274,37.4913633],[127.0382737,37.4909757]]}},{"type":"Feature","properties":{"name":"논현로57길"},"geometry":{"type":"LineString","coordinates":[[127.0381002,37.4909226],[127.0371157,37.4906248]]}},{"type":"Feature","properties":{"name":"도곡로4길"},"geometry":{"type":"LineString","coordinates":[[127.0329471,37.4898911],[127.0329948,37.4898355],[127.0332663,37.4895241]]}},{"type":"Feature","properties":{"name":"도곡로4길"},"geometry":{"type":"LineString","coordinates":[[127.0333857,37.4894073],[127.0337434,37.4891026]]}},{"type":"Feature","properties":{"name":"도곡로4길"},"geometry":{"type":"LineString","coordinates":[[127.0338571,37.4890084],[127.0340739,37.4888259],[127.0342766,37.4886566],[127.0343685,37.4885764]]}},{"type":"Feature","properties":{"name":"도곡로4길"},"geometry":{"type":"LineString","coordinates":[[127.0344961,37.4884739],[127.0345642,37.4884141],[127.0349236,37.4879997],[127.0352041,37.4874578]]}},{"type":"Feature","properties":{"name":"강남대로47길"},"geometry":{"type":"LineString","coordinates":[[127.031612,37.4889394],[127.0306336,37.4886493],[127.0302589,37.4885359]]}},{"type":"Feature","properties":{"name":"강남대로47길"},"geometry":{"type":"LineString","coordinates":[[127.0301059,37.4884893],[127.029289,37.4882384],[127.0285976,37.488025],[127.0285215,37.4880015]]}},{"type":"Feature","properties":{"name":"강남대로45길"},"geometry":{"type":"LineString","coordinates":[[127.030514,37.4879036],[127.030969,37.4880402],[127.031075,37.4880731],[127.031484,37.4881991],[127.0318684,37.4883076]]}},{"type":"Feature","properties":{"name":"봉은사로68길"},"geometry":{"type":"LineString","coordinates":[[127.0501035,37.5112822],[127.0499135,37.5114805],[127.0495644,37.5118263]]}},{"type":"Feature","properties":{"name":"선릉로"},"geometry":{"type":"LineString","coordinates":[[127.0489383,37.5047238],[127.048918,37.5047667],[127.0487228,37.5051731],[127.0485185,37.5055975]]}},{"type":"Feature","properties":{"name":"선릉로"},"geometry":{"type":"LineString","coordinates":[[127.0442669,37.5093396],[127.0441922,37.5094997],[127.0441466,37.5096036],[127.0441001,37.5097094],[127.0439291,37.5101653]]}},{"type":"Feature","properties":{"name":"선릉로"},"geometry":{"type":"LineString","coordinates":[[127.0484595,37.5057194],[127.0483233,37.5059991],[127.0482513,37.5060963],[127.0481554,37.5062194],[127.0480612,37.5063275],[127.0479568,37.5064364],[127.0477426,37.5066199],[127.0476355,37.5066978],[127.0475105,37.5067818],[127.0473471,37.5068857]]}},{"type":"Feature","properties":{"name":"선릉로"},"geometry":{"type":"LineString","coordinates":[[127.0472439,37.5069479],[127.0470376,37.5070658]]}},{"type":"Feature","properties":{"name":"선릉로"},"geometry":{"type":"LineString","coordinates":[[127.046835,37.5071835],[127.0457307,37.5078613]]}},{"type":"Feature","properties":{"name":"선릉로"},"geometry":{"type":"LineString","coordinates":[[127.0456045,37.507941],[127.0452342,37.5081825],[127.0450717,37.5082964],[127.0449393,37.5084033],[127.0448515,37.5084791],[127.0446703,37.508673],[127.0446264,37.5087134],[127.0445579,37.5088162],[127.0444514,37.5089729],[127.0443556,37.5091351],[127.044324,37.5092106]]}},{"type":"Feature","properties":{"name":"도곡로7길"},"geometry":{"type":"LineString","coordinates":[[127.0350664,37.4906776],[127.0348722,37.491073]]}},{"type":"Feature","properties":{"name":"도곡로7길"},"geometry":{"type":"LineString","coordinates":[[127.0348134,37.4911945],[127.0344787,37.4918942],[127.034472,37.491908],[127.034157,37.4925698]]}},{"type":"Feature","properties":{"name":"역삼로7길"},"geometry":{"type":"LineString","coordinates":[[127.0333965,37.4941488],[127.0332531,37.4944634],[127.0332364,37.4944982],[127.0332244,37.4945238],[127.0326743,37.4956669]]}},{"type":"Feature","properties":{"name":"언주로"},"geometry":{"type":"LineString","coordinates":[[127.0426359,37.5023325],[127.0426659,37.5022781],[127.042696,37.5022238],[127.0427765,37.5020779],[127.0429102,37.5018335]]}},{"type":"Feature","properties":{"name":"언주로"},"geometry":{"type":"LineString","coordinates":[[127.042974,37.5017137],[127.0431444,37.5013848]]}},{"type":"Feature","properties":{"name":"언주로"},"geometry":{"type":"LineString","coordinates":[[127.0432083,37.5012657],[127.0436349,37.5004974]]}},{"type":"Feature","properties":{"name":"언주로"},"geometry":{"type":"LineString","coordinates":[[127.0436971,37.5003766],[127.0440486,37.4996338]]}},{"type":"Feature","properties":{"name":"언주로"},"geometry":{"type":"LineString","coordinates":[[127.0441057,37.4995122],[127.044234,37.4992379]]}},{"type":"Feature","properties":{"name":"테헤란로"},"geometry":{"type":"LineString","coordinates":[[127.0429158,37.5025175],[127.0429982,37.5025412],[127.0431077,37.502573],[127.04344,37.5026801],[127.0443517,37.5029596]]}},{"type":"Feature","properties":{"name":"테헤란로"},"geometry":{"type":"LineString","coordinates":[[127.0445032,37.5030069],[127.0457237,37.5033939],[127.0472143,37.5038186]]}},{"type":"Feature","properties":{"name":"테헤란로"},"geometry":{"type":"LineString","coordinates":[[127.0473654,37.5038634],[127.0489953,37.5043669]]}},{"type":"Feature","properties":{"name":"테헤란로"},"geometry":{"type":"LineString","coordinates":[[127.0367388,37.500916],[127.0366797,37.5008987],[127.0366218,37.5008817],[127.0363318,37.5007967]]}},{"type":"Feature","properties":{"name":"테헤란로"},"geometry":{"type":"LineString","coordinates":[[127.0308949,37.4991095],[127.0307995,37.4990785],[127.0298877,37.4987957]]}},{"type":"Feature","properties":{"name":"테헤란로"},"geometry":{"type":"LineString","coordinates":[[127.0297361,37.4987484],[127.0295618,37.4986934]]}},{"type":"Feature","properties":{"name":"테헤란로"},"geometry":{"type":"LineString","coordinates":[[127.0294643,37.4986938],[127.0284739,37.4983818]]}},{"type":"Feature","properties":{"name":"테헤란로"},"geometry":{"type":"LineString","coordinates":[[127.036208,37.5007594],[127.0356381,37.5005828]]}},{"type":"Feature","properties":{"name":"테헤란로"},"geometry":{"type":"LineString","coordinates":[[127.0354866,37.5005355],[127.0354094,37.5005115],[127.0347005,37.5002901]]}},{"type":"Feature","properties":{"name":"테헤란로"},"geometry":{"type":"LineString","coordinates":[[127.0345488,37.5002428],[127.0339624,37.5000597]]}},{"type":"Feature","properties":{"name":"테헤란로"},"geometry":{"type":"LineString","coordinates":[[127.0338103,37.500013],[127.0330202,37.4997739],[127.0327982,37.4997062]]}},{"type":"Feature","properties":{"name":"테헤란로"},"geometry":{"type":"LineString","coordinates":[[127.0326469,37.4996593],[127.0311969,37.4992031],[127.0310505,37.4991585]]}},{"type":"Feature","properties":{"name":"강남대로132길"},"geometry":{"type":"LineString","coordinates":[[127.0210984,37.5120029],[127.0211772,37.5120278],[127.0217207,37.5121987]]}},{"type":"Feature","properties":{"name":"강남대로132길"},"geometry":{"type":"LineString","coordinates":[[127.0218357,37.512235],[127.0223213,37.5123895]]}},{"type":"Feature","properties":{"name":"강남대로132길"},"geometry":{"type":"LineString","coordinates":[[127.02244,37.5124258],[127.0228459,37.5125455]]}},{"type":"Feature","properties":{"name":"강남대로132길"},"geometry":{"type":"LineString","coordinates":[[127.0230027,37.5125902],[127.0232267,37.5126519],[127.0236219,37.5126942]]}},{"type":"Feature","properties":{"name":"강남대로132길"},"geometry":{"type":"LineString","coordinates":[[127.0237828,37.5127246],[127.024208,37.5128445]]}},{"type":"Feature","properties":{"name":"강남대로132길"},"geometry":{"type":"LineString","coordinates":[[127.0243082,37.5128737],[127.0247472,37.5130071]]}},{"type":"Feature","properties":{"name":"강남대로132길"},"geometry":{"type":"LineString","coordinates":[[127.0248999,37.5130527],[127.0256431,37.513272],[127.0261682,37.5134269]]}},{"type":"Feature","properties":{"name":"학동로5길"},"geometry":{"type":"LineString","coordinates":[[127.0232724,37.5118436],[127.0229612,37.5125251]]}},{"type":"Feature","properties":{"name":"학동로5길"},"geometry":{"type":"LineString","coordinates":[[127.0229285,37.5126252],[127.0227341,37.5135309]]}},{"type":"Feature","properties":{"name":"서초대로64길"},"geometry":{"type":"LineString","coordinates":[[127.0212417,37.4938433],[127.0217323,37.4939521]]}},{"type":"Feature","properties":{"name":"서초대로64길"},"geometry":{"type":"LineString","coordinates":[[127.0210494,37.4921088],[127.0210634,37.4920734],[127.0212449,37.4916163],[127.0212678,37.4915586],[127.0212766,37.4915367],[127.0213012,37.4914747],[127.0213035,37.4914687],[127.0213886,37.4912545]]}},{"type":"Feature","properties":{"name":"사임당로"},"geometry":{"type":"LineString","coordinates":[[127.021663,37.4911923],[127.021772,37.4909435],[127.0218884,37.4906768],[127.021897,37.490657]]}},{"type":"Feature","properties":{"name":"서초대로68길"},"geometry":{"type":"LineString","coordinates":[[127.0226843,37.4946321],[127.0219918,37.4960926]]}},{"type":"Feature","properties":{"name":"서운로15길"},"geometry":{"type":"LineString","coordinates":[[127.0241994,37.4930855],[127.0249633,37.4933058],[127.0257327,37.4935279],[127.0257469,37.493532]]}},{"type":"Feature","properties":{"name":""},"geometry":{"type":"LineString","coordinates":[[127.0209367,37.4921381],[127.0209692,37.4921452]]}},{"type":"Feature","properties":{"name":"사임당로23길"},"geometry":{"type":"LineString","coordinates":[[127.0208047,37.4909961],[127.0213621,37.4911615]]}},{"type":"Feature","properties":{"name":"서초대로70길"},"geometry":{"type":"LineString","coordinates":[[127.0225869,37.4962774],[127.0225883,37.4962744],[127.0231816,37.4950389],[127.0232663,37.4948625],[127.0232722,37.4948504]]}},{"type":"Feature","properties":{"name":"서초대로70길"},"geometry":{"type":"LineString","coordinates":[[127.0233293,37.4947286],[127.0233923,37.4945907],[127.0234996,37.4943558],[127.0235223,37.4943062],[127.0235744,37.4941922],[127.0237274,37.4938623],[127.0237935,37.4937189],[127.0238168,37.4936689],[127.0238351,37.493629],[127.0240279,37.4932243],[127.0240509,37.4931707]]}},{"type":"Feature","properties":{"name":"서초대로70길"},"geometry":{"type":"LineString","coordinates":[[127.024131,37.4930095],[127.0241344,37.4930031],[127.024158,37.492953],[127.0244018,37.4924351],[127.0244623,37.4923118],[127.0245355,37.4921648],[127.0246082,37.4920252],[127.0248038,37.4916348],[127.0248436,37.4915557],[127.0248469,37.4915491]]}},{"type":"Feature","properties":{"name":"선릉로"},"geometry":{"type":"LineString","coordinates":[[127.0528788,37.4963893],[127.0525936,37.4969938]]}},{"type":"Feature","properties":{"name":"선릉로"},"geometry":{"type":"LineString","coordinates":[[127.0525356,37.4971142],[127.052336,37.497519]]}},{"type":"Feature","properties":{"name":"선릉로"},"geometry":{"type":"LineString","coordinates":[[127.0522772,37.4976412],[127.0520668,37.4980881],[127.0519513,37.4983373],[127.0517632,37.4987373]]}},{"type":"Feature","properties":{"name":"선릉로"},"geometry":{"type":"LineString","coordinates":[[127.0517049,37.4988609],[127.0512252,37.4998759]]}},{"type":"Feature","properties":{"name":"선릉로"},"geometry":{"type":"LineString","coordinates":[[127.0511676,37.4999972],[127.0509272,37.5005008]]}},{"type":"Feature","properties":{"name":"강남대로84길"},"geometry":{"type":"LineString","coordinates":[[127.0305787,37.496901],[127.0308337,37.4963406]]}},{"type":"Feature","properties":{"name":"사임당로"},"geometry":{"type":"LineString","coordinates":[[127.0253503,37.4905654],[127.0253116,37.4906461],[127.0252741,37.4907249],[127.0252654,37.490743],[127.0252311,37.4908115],[127.0251992,37.4908749],[127.0251585,37.4909623],[127.0250705,37.4911508],[127.0250409,37.4912143],[127.0249769,37.4913511],[127.0249584,37.4913908],[127.0249457,37.491418],[127.024938,37.4914359]]}},{"type":"Feature","properties":{"name":"효령로79길"},"geometry":{"type":"LineString","coordinates":[[127.0304091,37.4898688],[127.0299084,37.4909101],[127.0297691,37.4911996]]}},{"type":"Feature","properties":{"name":"효령로79길"},"geometry":{"type":"LineString","coordinates":[[127.0297104,37.4913209],[127.0296185,37.49151],[127.0290613,37.4926556],[127.029051,37.4926767]]}},{"type":"Feature","properties":{"name":"강남대로78길"},"geometry":{"type":"LineString","coordinates":[[127.0315573,37.4959567],[127.0319206,37.4960632],[127.032112,37.4956443]]}},{"type":"Feature","properties":{"name":"강남대로51길"},"geometry":{"type":"LineString","coordinates":[[127.0304004,37.4914858],[127.0297924,37.4912925]]}},{"type":"Feature","properties":{"name":"강남대로51길"},"geometry":{"type":"LineString","coordinates":[[127.0296742,37.4912554],[127.0290528,37.4910627]]}},{"type":"Feature","properties":{"name":"강남대로78길"},"geometry":{"type":"LineString","coordinates":[[127.0294076,37.4947305],[127.0297898,37.4948498],[127.0301115,37.4949454]]}},{"type":"Feature","properties":{"name":"강남대로78길"},"geometry":{"type":"LineString","coordinates":[[127.0302649,37.4949909],[127.0309096,37.4951814]]}},{"type":"Feature","properties":{"name":"강남대로78길"},"geometry":{"type":"LineString","coordinates":[[127.0310629,37.4952283],[127.0317363,37.4954421]]}},{"type":"Feature","properties":{"name":"강남대로78길"},"geometry":{"type":"LineString","coordinates":[[127.0318877,37.4954895],[127.0320886,37.4955519]]}},{"type":"Feature","properties":{"name":"강남대로78길"},"geometry":{"type":"LineString","coordinates":[[127.0322389,37.4955967],[127.0325568,37.4956869]]}},{"type":"Feature","properties":{"name":"강남대로49길"},"geometry":{"type":"LineString","coordinates":[[127.0297722,37.4895832],[127.0303864,37.4897768]]}},{"type":"Feature","properties":{"name":"강남대로49길"},"geometry":{"type":"LineString","coordinates":[[127.0305032,37.4898126],[127.0311055,37.4899929]]}},{"type":"Feature","properties":{"name":"도곡로14길"},"geometry":{"type":"LineString","coordinates":[[127.0370579,37.4905221],[127.0372468,37.4901345]]}},{"type":"Feature","properties":{"name":"도곡로14길"},"geometry":{"type":"LineString","coordinates":[[127.037306,37.4900136],[127.037433,37.4897541],[127.0374335,37.4897282],[127.0374304,37.4893975]]}},{"type":"Feature","properties":{"name":"도곡로14길"},"geometry":{"type":"LineString","coordinates":[[127.0374309,37.4892628],[127.0374404,37.488831],[127.0374566,37.4886191]]}},{"type":"Feature","properties":{"name":"테헤란로22길"},"geometry":{"type":"LineString","coordinates":[[127.0351057,37.4959793],[127.0351238,37.4959483],[127.0351227,37.4959291],[127.0351085,37.4958985],[127.03508,37.4958627]]}},{"type":"Feature","properties":{"name":"테헤란로22길"},"geometry":{"type":"LineString","coordinates":[[127.0349881,37.4957576],[127.0348999,37.4956685],[127.0347095,37.495493],[127.0346928,37.4954828]]}},{"type":"Feature","properties":{"name":"남부순환로351길"},"geometry":{"type":"LineString","coordinates":[[127.0332236,37.4881877],[127.0335838,37.4873624],[127.0336621,37.4871758],[127.0337347,37.4869819],[127.0338109,37.486797],[127.0338916,37.48676],[127.0339416,37.4867281],[127.0341619,37.4862897],[127.0343946,37.4858526],[127.0344157,37.4858104],[127.0344321,37.4857526],[127.0346779,37.4853041],[127.0349459,37.4848393]]}},{"type":"Feature","properties":{"name":"남부순환로365길"},"geometry":{"type":"LineString","coordinates":[[127.0400296,37.4892181],[127.0400634,37.4891136],[127.0400838,37.4889176],[127.0401179,37.4885786],[127.0401093,37.4884718],[127.0400801,37.4883709]]}},{"type":"Feature","properties":{"name":"남부순환로365길"},"geometry":{"type":"LineString","coordinates":[[127.04003,37.4882545],[127.0400142,37.4882309],[127.0398422,37.4878688]]}},{"type":"Feature","properties":{"name":"도곡로18길"},"geometry":{"type":"LineString","coordinates":[[127.0398139,37.4878626],[127.0394347,37.4881051],[127.0392401,37.4881208],[127.0389575,37.4881084],[127.0386827,37.4880627],[127.0385031,37.4887709]]}},{"type":"Feature","properties":{"name":"도곡로18길"},"geometry":{"type":"LineString","coordinates":[[127.0384701,37.488908],[127.038352,37.4894248],[127.0383291,37.4895061]]}},{"type":"Feature","properties":{"name":"도곡로18길"},"geometry":{"type":"LineString","coordinates":[[127.0382962,37.4896321],[127.0382097,37.4900008],[127.0382154,37.49009],[127.0382148,37.4902811]]}},{"type":"Feature","properties":{"name":"도곡로18길"},"geometry":{"type":"LineString","coordinates":[[127.0382161,37.4904141],[127.0382229,37.4906612],[127.0382171,37.4908599]]}},{"type":"Feature","properties":{"name":"도곡로18길"},"geometry":{"type":"LineString","coordinates":[[127.0381996,37.4910091],[127.0381985,37.4910141],[127.0380332,37.4913641],[127.0379991,37.4914399]]}},{"type":"Feature","properties":{"name":""},"geometry":{"type":"LineString","coordinates":[[127.0337325,37.4952186],[127.0340096,37.4951696],[127.0341133,37.4951689]]}},{"type":"Feature","properties":{"name":""},"geometry":{"type":"LineString","coordinates":[[127.0382049,37.4895597],[127.037533,37.4893603]]}},{"type":"Feature","properties":{"name":"도곡로14길"},"geometry":{"type":"LineString","coordinates":[[127.0370348,37.4906546],[127.0368742,37.4910165],[127.0368497,37.4910851]]}},{"type":"Feature","properties":{"name":"논현로61길"},"geometry":{"type":"LineString","coordinates":[[127.0398352,37.4927941],[127.0404942,37.4929979]]}},{"type":"Feature","properties":{"name":"논현로67길"},"geometry":{"type":"LineString","coordinates":[[127.0370491,37.4937839],[127.0371382,37.4935965]]}},{"type":"Feature","properties":{"name":"도곡로14길"},"geometry":{"type":"LineString","coordinates":[[127.0380986,37.4903442],[127.0373626,37.4901162]]}},{"type":"Feature","properties":{"name":""},"geometry":{"type":"LineString","coordinates":[[127.0331374,37.4888834],[127.0323959,37.4886526],[127.0322919,37.4886187],[127.032256,37.4886068]]}},{"type":"Feature","properties":{"name":"도곡로8길"},"geometry":{"type":"LineString","coordinates":[[127.0353264,37.4901454],[127.0351508,37.4905064],[127.0351261,37.4905564]]}},{"type":"Feature","properties":{"name":"논현로47길"},"geometry":{"type":"LineString","coordinates":[[127.0401735,37.4882868],[127.0411791,37.4883709],[127.0413078,37.4884031]]}},{"type":"Feature","properties":{"name":"논현로51길"},"geometry":{"type":"LineString","coordinates":[[127.0375748,37.4885577],[127.0383922,37.4887986]]}},{"type":"Feature","properties":{"name":"논현로51길"},"geometry":{"type":"LineString","coordinates":[[127.0385569,37.4888466],[127.0399504,37.4892469],[127.0399521,37.4892475]]}},{"type":"Feature","properties":{"name":"논현로51길"},"geometry":{"type":"LineString","coordinates":[[127.0401086,37.4892986],[127.0413219,37.4896453],[127.0414309,37.4896824]]}},{"type":"Feature","properties":{"name":"역삼로11길"},"geometry":{"type":"LineString","coordinates":[[127.0354875,37.4952517],[127.0353489,37.4952064],[127.03518,37.4951396],[127.0349591,37.4950539]]}},{"type":"Feature","properties":{"name":"역삼로11길"},"geometry":{"type":"LineString","coordinates":[[127.0348115,37.4949983],[127.0347943,37.494992],[127.0344996,37.4949589],[127.034267,37.4947187],[127.0342346,37.4946804],[127.0342274,37.4946662],[127.0342261,37.4946486],[127.0342344,37.494621],[127.0343052,37.4944561],[127.0343188,37.4944246]]}},{"type":"Feature","properties":{"name":"강남대로54길"},"geometry":{"type":"LineString","coordinates":[[127.0343466,37.4885187],[127.0341897,37.4884946]]}},{"type":"Feature","properties":{"name":"강남대로54길"},"geometry":{"type":"LineString","coordinates":[[127.0340259,37.4884685],[127.0337569,37.4884239]]}},{"type":"Feature","properties":{"name":"강남대로54길"},"geometry":{"type":"LineString","coordinates":[[127.0335706,37.4883805],[127.0332819,37.4882909]]}},{"type":"Feature","properties":{"name":"강남대로54길"},"geometry":{"type":"LineString","coordinates":[[127.0331304,37.488245],[127.0328962,37.4881758],[127.0326035,37.4880865],[127.0325495,37.4880688]]}},{"type":"Feature","properties":{"name":"강남대로54길"},"geometry":{"type":"LineString","coordinates":[[127.0341149,37.4884017],[127.0345139,37.4879553],[127.0342386,37.4877992]]}},{"type":"Feature","properties":{"name":"효령로67길"},"geometry":{"type":"LineString","coordinates":[[127.0237488,37.4871285],[127.0236983,37.487258],[127.0236798,37.4873054],[127.0235376,37.4876733],[127.0232946,37.4883018]]}},{"type":"Feature","properties":{"name":"효령로67길"},"geometry":{"type":"LineString","coordinates":[[127.0232457,37.4884284],[127.022906,37.4893077]]}},{"type":"Feature","properties":{"name":"효령로67길"},"geometry":{"type":"LineString","coordinates":[[127.0228578,37.4894323],[127.0227608,37.4896836],[127.0227533,37.4897028]]}},{"type":"Feature","properties":{"name":"효령로67길"},"geometry":{"type":"LineString","coordinates":[[127.0227053,37.4898268],[127.0226422,37.4899901],[127.0226111,37.4900779],[127.0225596,37.4902225]]}},{"type":"Feature","properties":{"name":"효령로67길"},"geometry":{"type":"LineString","coordinates":[[127.0224878,37.4904159],[127.0223951,37.4906545],[127.0223896,37.4906666]]}},{"type":"Feature","properties":{"name":"사임당로20길"},"geometry":{"type":"LineString","coordinates":[[127.0223821,37.4890214],[127.0216686,37.4888001]]}},{"type":"Feature","properties":{"name":"사임당로"},"geometry":{"type":"LineString","coordinates":[[127.0211409,37.4899513],[127.0210263,37.4902387],[127.0210224,37.4902485]]}},{"type":"Feature","properties":{"name":"서리풀4길"},"geometry":{"type":"LineString","coordinates":[[127.0207749,37.4879069],[127.0209336,37.4879594],[127.0212211,37.4880359],[127.0215065,37.4881118],[127.0215883,37.4881344],[127.0217658,37.4881834]]}},{"type":"Feature","properties":{"name":"서리풀4길"},"geometry":{"type":"LineString","coordinates":[[127.0219151,37.488215],[127.0219369,37.4882181],[127.0221491,37.4882064],[127.0223485,37.4881622],[127.0224238,37.4881197]]}},{"type":"Feature","properties":{"name":"서리풀4길"},"geometry":{"type":"LineString","coordinates":[[127.0225445,37.488039],[127.0225477,37.4880366],[127.0226525,37.4877728],[127.0226691,37.4877311],[127.02275,37.4874173]]}},{"type":"Feature","properties":{"name":"효령로67길"},"geometry":{"type":"LineString","coordinates":[[127.0225056,37.4893387],[127.0223906,37.4896644],[127.0226395,37.4897274]]}},{"type":"Feature","properties":{"name":"사임당로18길"},"geometry":{"type":"LineString","coordinates":[[127.0200148,37.4883991],[127.0203811,37.4885079]]}},{"type":"Feature","properties":{"name":"사임당로20길"},"geometry":{"type":"LineString","coordinates":[[127.0224765,37.4889654],[127.0225806,37.4887416]]}},{"type":"Feature","properties":{"name":"사임당로20길"},"geometry":{"type":"LineString","coordinates":[[127.0226372,37.4886198],[127.022794,37.4882823]]}},{"type":"Feature","properties":{"name":"사임당로20길"},"geometry":{"type":"LineString","coordinates":[[127.0205789,37.4896475],[127.0207606,37.4892645],[127.0216672,37.4895483],[127.021796,37.4894882]]}},{"type":"Feature","properties":{"name":"효령로67길"},"geometry":{"type":"LineString","coordinates":[[127.0233689,37.4895022],[127.0229978,37.4894132],[127.0229374,37.4893988]]}},{"type":"Feature","properties":{"name":"효령로67길"},"geometry":{"type":"LineString","coordinates":[[127.0227806,37.4893588],[127.0225839,37.4893057]]}},{"type":"Feature","properties":{"name":"서리풀8길"},"geometry":{"type":"LineString","coordinates":[[127.0200903,37.4895588],[127.020497,37.4896778]]}},{"type":"Feature","properties":{"name":"서리풀8길"},"geometry":{"type":"LineString","coordinates":[[127.0206499,37.4897225],[127.0210801,37.4898483]]}},{"type":"Feature","properties":{"name":"서리풀8길"},"geometry":{"type":"LineString","coordinates":[[127.021233,37.4898931],[127.0219287,37.4900966],[127.021937,37.4900931],[127.022171,37.4899945]]}},{"type":"Feature","properties":{"name":"사임당로20길"},"geometry":{"type":"LineString","coordinates":[[127.0225414,37.488674],[127.0223657,37.4886133],[127.0221007,37.488566],[127.0218366,37.4885303],[127.0217966,37.4885238]]}},{"type":"Feature","properties":{"name":"서리풀3길"},"geometry":{"type":"LineString","coordinates":[[127.01997,37.4883711],[127.0201587,37.4879463],[127.0201693,37.4878762]]}},{"type":"Feature","properties":{"name":"서리풀4길"},"geometry":{"type":"LineString","coordinates":[[127.0237438,37.4884953],[127.0233253,37.4883949]]}},{"type":"Feature","properties":{"name":"서리풀4길"},"geometry":{"type":"LineString","coordinates":[[127.0231668,37.4883496],[127.0229093,37.4882641]]}},{"type":"Feature","properties":{"name":"서리풀4길"},"geometry":{"type":"LineString","coordinates":[[127.0227589,37.4882142],[127.022559,37.488148]]}},{"type":"Feature","properties":{"name":"서리풀6길"},"geometry":{"type":"LineString","coordinates":[[127.022967,37.4904941],[127.0225743,37.4903916]]}},{"type":"Feature","properties":{"name":"서리풀6길"},"geometry":{"type":"LineString","coordinates":[[127.0224254,37.4902364],[127.0223668,37.4901576],[127.0222781,37.4900382]]}},{"type":"Feature","properties":{"name":"서리풀6길"},"geometry":{"type":"LineString","coordinates":[[127.0221951,37.4899265],[127.0219014,37.489531]]}},{"type":"Feature","properties":{"name":"서리풀6길"},"geometry":{"type":"LineString","coordinates":[[127.0218185,37.4894192],[127.0215231,37.4890215]]}},{"type":"Feature","properties":{"name":"서리풀6길"},"geometry":{"type":"LineString","coordinates":[[127.0204516,37.4887421],[127.0208376,37.4888565],[127.0213183,37.4889989],[127.0214413,37.488971]]}},{"type":"Feature","properties":{"name":"서리풀6길"},"geometry":{"type":"LineString","coordinates":[[127.0215073,37.488926],[127.0215537,37.4888202]]}},{"type":"Feature","properties":{"name":"서리풀6길"},"geometry":{"type":"LineString","coordinates":[[127.0216074,37.4886976],[127.0216239,37.4886602],[127.0216727,37.488549]]}},{"type":"Feature","properties":{"name":"서리풀6길"},"geometry":{"type":"LineString","coordinates":[[127.0217268,37.4884259],[127.0217929,37.4882749]]}},{"type":"Feature","properties":{"name":"서초대로"},"geometry":{"type":"LineString","coordinates":[[127.020219,37.4962712],[127.0203789,37.4958828],[127.0204006,37.4958302]]}},{"type":"Feature","properties":{"name":"봉은사로4길"},"geometry":{"type":"LineString","coordinates":[[127.0269538,37.5027696],[127.0274154,37.5029144]]}},{"type":"Feature","properties":{"name":"주흥1길"},"geometry":{"type":"LineString","coordinates":[[127.0193488,37.5036041],[127.0207626,37.5040345]]}},{"type":"Feature","properties":{"name":"강남대로100길"},"geometry":{"type":"LineString","coordinates":[[127.0268731,37.5017241],[127.0272441,37.501704],[127.0274358,37.5016803]]}},{"type":"Feature","properties":{"name":"강남대로106길"},"geometry":{"type":"LineString","coordinates":[[127.025719,37.5026894],[127.0261323,37.5028142]]}},{"type":"Feature","properties":{"name":"강남대로106길"},"geometry":{"type":"LineString","coordinates":[[127.0262504,37.5028503],[127.0266736,37.5029816]]}},{"type":"Feature","properties":{"name":"강남대로106길"},"geometry":{"type":"LineString","coordinates":[[127.026826,37.5030279],[127.0270123,37.5030834]]}},{"type":"Feature","properties":{"name":"강남대로106길"},"geometry":{"type":"LineString","coordinates":[[127.0271651,37.5031293],[127.0272841,37.5031656]]}},{"type":"Feature","properties":{"name":"강남대로106길"},"geometry":{"type":"LineString","coordinates":[[127.0274386,37.5032107],[127.0278159,37.5033169],[127.0280635,37.5033866]]}},{"type":"Feature","properties":{"name":"강남대로83길"},"geometry":{"type":"LineString","coordinates":[[127.0203431,37.5056625],[127.0212325,37.50525]]}},{"type":"Feature","properties":{"name":"강남대로124길"},"geometry":{"type":"LineString","coordinates":[[127.0251557,37.509228],[127.0253641,37.5092868]]}},{"type":"Feature","properties":{"name":"강남대로124길"},"geometry":{"type":"LineString","coordinates":[[127.0254731,37.5093394],[127.0255073,37.5093735],[127.0258097,37.5096746]]}},{"type":"Feature","properties":{"name":"강남대로130길"},"geometry":{"type":"LineString","coordinates":[[127.0229398,37.5110268],[127.0224731,37.5108834]]}},{"type":"Feature","properties":{"name":"강남대로130길"},"geometry":{"type":"LineString","coordinates":[[127.0223205,37.5108355],[127.0217457,37.5106518]]}},{"type":"Feature","properties":{"name":"사평대로57길"},"geometry":{"type":"LineString","coordinates":[[127.0218489,37.5079451],[127.0220683,37.5074748]]}},{"type":"Feature","properties":{"name":"사평대로57길"},"geometry":{"type":"LineString","coordinates":[[127.0221259,37.5073522],[127.0225347,37.5064929],[127.022539,37.5064872]]}},{"type":"Feature","properties":{"name":"강남대로85길"},"geometry":{"type":"LineString","coordinates":[[127.0215327,37.5072352],[127.0216653,37.5072736],[127.0220431,37.507383]]}},{"type":"Feature","properties":{"name":"강남대로85길"},"geometry":{"type":"LineString","coordinates":[[127.0221975,37.5074266],[127.0226685,37.5075567]]}},{"type":"Feature","properties":{"name":"강남대로83길"},"geometry":{"type":"LineString","coordinates":[[127.0201504,37.5053887],[127.0203814,37.5052855],[127.0209825,37.5050136]]}},{"type":"Feature","properties":{"name":"강남대로89길"},"geometry":{"type":"LineString","coordinates":[[127.0198832,37.5089487],[127.0204616,37.5091272]]}},{"type":"Feature","properties":{"name":"강남대로89길"},"geometry":{"type":"LineString","coordinates":[[127.020615,37.5091741],[127.0209989,37.5092907]]}},{"type":"Feature","properties":{"name":"강남대로89길"},"geometry":{"type":"LineString","coordinates":[[127.0211531,37.509336],[127.0218549,37.5095356]]}},{"type":"Feature","properties":{"name":"주흥6길"},"geometry":{"type":"LineString","coordinates":[[127.0205086,37.5059038],[127.0210074,37.5056631],[127.0210523,37.5056451]]}},{"type":"Feature","properties":{"name":"학동로8길"},"geometry":{"type":"LineString","coordinates":[[127.0250224,37.510859],[127.0244455,37.5112188],[127.0243464,37.5113285],[127.0243075,37.5113863],[127.0242028,37.511615],[127.0241214,37.5117876]]}},{"type":"Feature","properties":{"name":"사평대로57길"},"geometry":{"type":"LineString","coordinates":[[127.0206022,37.5102149],[127.0210217,37.5093827]]}},{"type":"Feature","properties":{"name":"사평대로57길"},"geometry":{"type":"LineString","coordinates":[[127.021083,37.5092608],[127.0211481,37.5091312],[127.0212336,37.5089529],[127.0213434,37.5087014]]}},{"type":"Feature","properties":{"name":"논현로115길"},"geometry":{"type":"LineString","coordinates":[[127.030869,37.5090215],[127.0312521,37.5087942],[127.0313876,37.5087138]]}},{"type":"Feature","properties":{"name":"학동로30길"},"geometry":{"type":"LineString","coordinates":[[127.0322327,37.5128964],[127.0324539,37.5124259]]}},{"type":"Feature","properties":{"name":"학동로30길"},"geometry":{"type":"LineString","coordinates":[[127.0325095,37.5123029],[127.0326823,37.5119042]]}},{"type":"Feature","properties":{"name":"학동로30길"},"geometry":{"type":"LineString","coordinates":[[127.0327402,37.5117807],[127.0328185,37.5116255],[127.0329675,37.5113098],[127.0330907,37.5110575]]}},{"type":"Feature","properties":{"name":"학동로38길"},"geometry":{"type":"LineString","coordinates":[[127.0345268,37.5130541],[127.0344775,37.5139201]]}},{"type":"Feature","properties":{"name":"학동로38길"},"geometry":{"type":"LineString","coordinates":[[127.034473,37.5139943],[127.0344504,37.5143367],[127.0344497,37.5143928],[127.0344431,37.5149242],[127.0344474,37.5150276]]}},{"type":"Feature","properties":{"name":"논현로114길"},"geometry":{"type":"LineString","coordinates":[[127.0348212,37.5087955],[127.0350114,37.5083944]]}},{"type":"Feature","properties":{"name":"논현로114길"},"geometry":{"type":"LineString","coordinates":[[127.0351377,37.5088856],[127.0353136,37.5084837]]}},{"type":"Feature","properties":{"name":"논현로111길"},"geometry":{"type":"LineString","coordinates":[[127.0335385,37.5079211],[127.0335263,37.5079173],[127.0326256,37.5076409]]}},{"type":"Feature","properties":{"name":"봉은사로25길"},"geometry":{"type":"LineString","coordinates":[[127.0322472,37.5080673],[127.0320544,37.5080081]]}},{"type":"Feature","properties":{"name":"봉은사로25길"},"geometry":{"type":"LineString","coordinates":[[127.0319029,37.5079634],[127.0317205,37.5079115]]}},{"type":"Feature","properties":{"name":"봉은사로25길"},"geometry":{"type":"LineString","coordinates":[[127.0315664,37.5078652],[127.0313707,37.5078034]]}},{"type":"Feature","properties":{"name":"봉은사로25길"},"geometry":{"type":"LineString","coordinates":[[127.0312198,37.5077577],[127.0310222,37.5077001]]}},{"type":"Feature","properties":{"name":"논현로120길"},"geometry":{"type":"LineString","coordinates":[[127.0332234,37.5108964],[127.0335363,37.5109944],[127.0338286,37.5110814]]}},{"type":"Feature","properties":{"name":"봉은사로37길"},"geometry":{"type":"LineString","coordinates":[[127.0341835,37.510715],[127.0345656,37.5108298]]}},{"type":"Feature","properties":{"name":"봉은사로37길"},"geometry":{"type":"LineString","coordinates":[[127.0347186,37.5108747],[127.0351231,37.5109908]]}},{"type":"Feature","properties":{"name":"논현로118길"},"geometry":{"type":"LineString","coordinates":[[127.0337176,37.5099661],[127.0342753,37.5101267]]}},{"type":"Feature","properties":{"name":"논현로118길"},"geometry":{"type":"LineString","coordinates":[[127.0344287,37.5101713],[127.0348268,37.5102887]]}},{"type":"Feature","properties":{"name":"논현로118길"},"geometry":{"type":"LineString","coordinates":[[127.0349805,37.5103334],[127.0354498,37.5104676]]}},{"type":"Feature","properties":{"name":"언주로121길"},"geometry":{"type":"LineString","coordinates":[[127.0339236,37.5112527],[127.0348556,37.5115309]]}},{"type":"Feature","properties":{"name":"언주로121길"},"geometry":{"type":"LineString","coordinates":[[127.0350085,37.5115761],[127.035289,37.5116582],[127.0356474,37.5117643]]}},{"type":"Feature","properties":{"name":"논현로122길"},"geometry":{"type":"LineString","coordinates":[[127.0328098,37.5118564],[127.0330711,37.511934],[127.0333795,37.5120234],[127.0333987,37.512029]]}},{"type":"Feature","properties":{"name":"논현로122길"},"geometry":{"type":"LineString","coordinates":[[127.0335521,37.5120735],[127.034568,37.5123609]]}},{"type":"Feature","properties":{"name":"논현로126길"},"geometry":{"type":"LineString","coordinates":[[127.0323035,37.5129714],[127.0326586,37.5130788]]}},{"type":"Feature","properties":{"name":"논현로126길"},"geometry":{"type":"LineString","coordinates":[[127.0328109,37.5131248],[127.0330462,37.5131955],[127.033338,37.5132842],[127.033597,37.5133625]]}},{"type":"Feature","properties":{"name":"봉은사로37길"},"geometry":{"type":"LineString","coordinates":[[127.0368312,37.5088747],[127.0358129,37.5085759]]}},{"type":"Feature","properties":{"name":"봉은사로29길"},"geometry":{"type":"LineString","coordinates":[[127.034439,37.5086862],[127.0345821,37.5084116],[127.0346477,37.5082856]]}},{"type":"Feature","properties":{"name":"봉은사로29길"},"geometry":{"type":"LineString","coordinates":[[127.0347056,37.5081668],[127.0347274,37.5081186],[127.0349179,37.507699]]}},{"type":"Feature","properties":{"name":"봉은사로33길"},"geometry":{"type":"LineString","coordinates":[[127.0346478,37.5107998],[127.0348509,37.5103806]]}},{"type":"Feature","properties":{"name":"봉은사로33길"},"geometry":{"type":"LineString","coordinates":[[127.034909,37.5102587],[127.0350807,37.5098918]]}},{"type":"Feature","properties":{"name":"봉은사로33길"},"geometry":{"type":"LineString","coordinates":[[127.0351394,37.5097664],[127.0352978,37.509428],[127.0354551,37.5090881]]}},{"type":"Feature","properties":{"name":"봉은사로33길"},"geometry":{"type":"LineString","coordinates":[[127.0355004,37.5089932],[127.035696,37.5085956]]}},{"type":"Feature","properties":{"name":"봉은사로33길"},"geometry":{"type":"LineString","coordinates":[[127.0357539,37.508474],[127.035968,37.508009]]}},{"type":"Feature","properties":{"name":"논현로117길"},"geometry":{"type":"LineString","coordinates":[[127.0303709,37.5085665],[127.0307805,37.509011]]}},{"type":"Feature","properties":{"name":"논현로117길"},"geometry":{"type":"LineString","coordinates":[[127.0308768,37.5091156],[127.0310553,37.5093095]]}},{"type":"Feature","properties":{"name":"논현로117길"},"geometry":{"type":"LineString","coordinates":[[127.0311297,37.5093914],[127.0312896,37.509569],[127.0314442,37.5096242],[127.0317281,37.509711]]}},{"type":"Feature","properties":{"name":"논현로117길"},"geometry":{"type":"LineString","coordinates":[[127.0318807,37.5097569],[127.0325268,37.5099482]]}},{"type":"Feature","properties":{"name":"논현로114길"},"geometry":{"type":"LineString","coordinates":[[127.0335263,37.5084873],[127.0335284,37.5084879],[127.0341364,37.5086571]]}},{"type":"Feature","properties":{"name":"논현로114길"},"geometry":{"type":"LineString","coordinates":[[127.0345084,37.5087617],[127.0347392,37.5088268]]}},{"type":"Feature","properties":{"name":"논현로114길"},"geometry":{"type":"LineString","coordinates":[[127.0348927,37.5088701],[127.035057,37.5089165]]}},{"type":"Feature","properties":{"name":"논현로114길"},"geometry":{"type":"LineString","coordinates":[[127.0352098,37.5089607],[127.0354183,37.5090226]]}},{"type":"Feature","properties":{"name":""},"geometry":{"type":"LineString","coordinates":[[127.0556661,37.4897379],[127.0554288,37.4895375]]}},{"type":"Feature","properties":{"name":"언주로99길"},"geometry":{"type":"LineString","coordinates":[[127.0407767,37.506128],[127.0404128,37.505898]]}},{"type":"Feature","properties":{"name":"언주로99길"},"geometry":{"type":"LineString","coordinates":[[127.0402647,37.5058339],[127.040006,37.5057593],[127.0397094,37.5056703],[127.0390321,37.5054733],[127.0382468,37.5052439]]}},{"type":"Feature","properties":{"name":"테헤란로39길"},"geometry":{"type":"LineString","coordinates":[[127.0387472,37.5074915],[127.0388888,37.5073463]]}},{"type":"Feature","properties":{"name":"테헤란로39길"},"geometry":{"type":"LineString","coordinates":[[127.0389904,37.5072418],[127.039432,37.5067845]]}},{"type":"Feature","properties":{"name":"테헤란로39길"},"geometry":{"type":"LineString","coordinates":[[127.0395467,37.5066667],[127.0398553,37.5063522]]}},{"type":"Feature","properties":{"name":"테헤란로39길"},"geometry":{"type":"LineString","coordinates":[[127.0399568,37.5062472],[127.0402883,37.5058972]]}},{"type":"Feature","properties":{"name":"논현로102길"},"geometry":{"type":"LineString","coordinates":[[127.039833,37.5062887],[127.0387811,37.5059708],[127.0384908,37.5058837]]}},{"type":"Feature","properties":{"name":"논현로102길"},"geometry":{"type":"LineString","coordinates":[[127.0383381,37.5058383],[127.0380191,37.5057443]]}},{"type":"Feature","properties":{"name":"논현로102길"},"geometry":{"type":"LineString","coordinates":[[127.0378657,37.5056991],[127.0375117,37.5055954],[127.0370787,37.5054664],[127.036756,37.5053538],[127.036681,37.505296],[127.0365821,37.5052127],[127.0365734,37.5052071]]}},{"type":"Feature","properties":{"name":"논현로102길"},"geometry":{"type":"LineString","coordinates":[[127.036447,37.5051506],[127.0363344,37.5051166],[127.0360323,37.5050313]]}},{"type":"Feature","properties":{"name":"역삼로17길"},"geometry":{"type":"LineString","coordinates":[[127.0366132,37.4990692],[127.0362728,37.4986432],[127.0364008,37.4983675],[127.036599,37.4979556]]}},{"type":"Feature","properties":{"name":"역삼로17길"},"geometry":{"type":"LineString","coordinates":[[127.0366562,37.4978349],[127.0367502,37.4976336]]}},{"type":"Feature","properties":{"name":"논현로75길"},"geometry":{"type":"LineString","coordinates":[[127.0373123,37.4962364],[127.0377203,37.4963611]]}},{"type":"Feature","properties":{"name":"논현로75길"},"geometry":{"type":"LineString","coordinates":[[127.037873,37.4964068],[127.0387605,37.4966671]]}},{"type":"Feature","properties":{"name":"역삼로23길"},"geometry":{"type":"LineString","coordinates":[[127.0378017,37.4963318],[127.0380374,37.4958283],[127.0381503,37.4955874]]}},{"type":"Feature","properties":{"name":"논현로77길"},"geometry":{"type":"LineString","coordinates":[[127.0385248,37.4971713],[127.037561,37.4968849]]}},{"type":"Feature","properties":{"name":"논현로75길"},"geometry":{"type":"LineString","coordinates":[[127.0371206,37.4962496],[127.0364153,37.4964399]]}},{"type":"Feature","properties":{"name":"논현로75길"},"geometry":{"type":"LineString","coordinates":[[127.0362603,37.4964813],[127.0357231,37.496623]]}},{"type":"Feature","properties":{"name":"논현로75길"},"geometry":{"type":"LineString","coordinates":[[127.0355465,37.4966693],[127.0350594,37.496796]]}},{"type":"Feature","properties":{"name":"논현로81길"},"geometry":{"type":"LineString","coordinates":[[127.0379972,37.4983218],[127.0367144,37.4979368]]}},{"type":"Feature","properties":{"name":"논현로76길"},"geometry":{"type":"LineString","coordinates":[[127.0397515,37.4970003],[127.0389684,37.4967603]]}},{"type":"Feature","properties":{"name":"강남대로136길"},"geometry":{"type":"LineString","coordinates":[[127.024289,37.5140593],[127.023815,37.5139179]]}},{"type":"Feature","properties":{"name":"강남대로136길"},"geometry":{"type":"LineString","coordinates":[[127.0237154,37.5138875],[127.0232995,37.5137581]]}},{"type":"Feature","properties":{"name":"강남대로136길"},"geometry":{"type":"LineString","coordinates":[[127.0231501,37.5136986],[127.0229789,37.513615],[127.0227599,37.5135678]]}},{"type":"Feature","properties":{"name":"강남대로136길"},"geometry":{"type":"LineString","coordinates":[[127.0226574,37.5135482],[127.0224546,37.513514],[127.0222864,37.5134656],[127.0220723,37.5131418]]}},{"type":"Feature","properties":{"name":"강남대로136길"},"geometry":{"type":"LineString","coordinates":[[127.0220123,37.5130582],[127.0219278,37.5129499]]}},{"type":"Feature","properties":{"name":"강남대로136길"},"geometry":{"type":"LineString","coordinates":[[127.020725,37.5128581],[127.0207677,37.5128673],[127.0209753,37.5129125],[127.0212797,37.512993]]}},{"type":"Feature","properties":{"name":"강남대로136길"},"geometry":{"type":"LineString","coordinates":[[127.0214181,37.5130143],[127.0218155,37.5129017]]}},{"type":"Feature","properties":{"name":"학동로1길"},"geometry":{"type":"LineString","coordinates":[[127.0218468,37.5128374],[127.0216469,37.5125373],[127.021634,37.512481],[127.0217538,37.5122626]]}},{"type":"Feature","properties":{"name":"논현로131길"},"geometry":{"type":"LineString","coordinates":[[127.0263269,37.5134737],[127.0270189,37.513677],[127.0273425,37.513775],[127.0274319,37.5138018]]}},{"type":"Feature","properties":{"name":"논현로131길"},"geometry":{"type":"LineString","coordinates":[[127.0275314,37.5138307],[127.0278941,37.5139334],[127.0279476,37.5139502],[127.0281966,37.5140228],[127.0282051,37.5140253]]}},{"type":"Feature","properties":{"name":"학동로4길"},"geometry":{"type":"LineString","coordinates":[[127.0228314,37.5114065],[127.0229503,37.5111504],[127.0229773,37.5110922]]}},{"type":"Feature","properties":{"name":"학동로4길"},"geometry":{"type":"LineString","coordinates":[[127.0230346,37.5109708],[127.0234449,37.5101121]]}},{"type":"Feature","properties":{"name":"학동로4길"},"geometry":{"type":"LineString","coordinates":[[127.023504,37.5099906],[127.0236941,37.5096067]]}},{"type":"Feature","properties":{"name":"학동로4길"},"geometry":{"type":"LineString","coordinates":[[127.0237513,37.5094846],[127.0239392,37.5090597]]}},{"type":"Feature","properties":{"name":"학동로12길"},"geometry":{"type":"LineString","coordinates":[[127.0252448,37.5121547],[127.0253937,37.5118662],[127.0256152,37.511389]]}},{"type":"Feature","properties":{"name":"학동로12길"},"geometry":{"type":"LineString","coordinates":[[127.0256688,37.5113213],[127.0262135,37.5109325]]}},{"type":"Feature","properties":{"name":"학동로12길"},"geometry":{"type":"LineString","coordinates":[[127.0263088,37.5108702],[127.0266813,37.5106485]]}},{"type":"Feature","properties":{"name":"학동로12길"},"geometry":{"type":"LineString","coordinates":[[127.0268138,37.51057],[127.0271557,37.5103684]]}},{"type":"Feature","properties":{"name":"학동로12길"},"geometry":{"type":"LineString","coordinates":[[127.0272849,37.5102882],[127.027588,37.5100901],[127.0278742,37.5099175]]}},{"type":"Feature","properties":{"name":"학동로17길"},"geometry":{"type":"LineString","coordinates":[[127.0267824,37.5129297],[127.0266449,37.5130751],[127.026427,37.5132691],[127.026302,37.51341]]}},{"type":"Feature","properties":{"name":"학동로17길"},"geometry":{"type":"LineString","coordinates":[[127.0262387,37.5135022],[127.0260051,37.5139853]]}},{"type":"Feature","properties":{"name":"학동로11길"},"geometry":{"type":"LineString","coordinates":[[127.0246535,37.5135979],[127.0253659,37.5138163],[127.0259483,37.5139834]]}},{"type":"Feature","properties":{"name":"강남대로91길"},"geometry":{"type":"LineString","coordinates":[[127.0191016,37.512205],[127.0194589,37.5121191],[127.0199611,37.5119742]]}},{"type":"Feature","properties":{"name":"강남대로91길"},"geometry":{"type":"LineString","coordinates":[[127.0200938,37.5119772],[127.0205782,37.5121191]]}},{"type":"Feature","properties":{"name":"선릉로115길"},"geometry":{"type":"LineString","coordinates":[[127.0430049,37.512363],[127.0423055,37.5121852]]}},{"type":"Feature","properties":{"name":"선릉로115길"},"geometry":{"type":"LineString","coordinates":[[127.0421505,37.512144],[127.0419704,37.5120939],[127.0416148,37.5119948]]}},{"type":"Feature","properties":{"name":"선릉로115길"},"geometry":{"type":"LineString","coordinates":[[127.0414612,37.5119503],[127.0412295,37.5118806],[127.0407048,37.5117352]]}},{"type":"Feature","properties":{"name":"선릉로115길"},"geometry":{"type":"LineString","coordinates":[[127.040549,37.5116918],[127.0400279,37.5115459]]}},{"type":"Feature","properties":{"name":"선릉로115길"},"geometry":{"type":"LineString","coordinates":[[127.0399274,37.5115172],[127.0396212,37.511428],[127.0393608,37.5113523]]}},{"type":"Feature","properties":{"name":"봉은사로67길"},"geometry":{"type":"LineString","coordinates":[[127.0479394,37.5136922],[127.0484699,37.5125429]]}},{"type":"Feature","properties":{"name":"봉은사로67길"},"geometry":{"type":"LineString","coordinates":[[127.0485997,37.5124214],[127.0490524,37.5121648],[127.0492838,37.5120111]]}},{"type":"Feature","properties":{"name":"선릉로116길"},"geometry":{"type":"LineString","coordinates":[[127.0440197,37.5126147],[127.0440557,37.5126254],[127.0444137,37.5127313],[127.0444887,37.5127535]]}},{"type":"Feature","properties":{"name":"선릉로116길"},"geometry":{"type":"LineString","coordinates":[[127.0446078,37.5127882],[127.0448779,37.5128655],[127.0451398,37.5129408],[127.0452016,37.5129586],[127.045516,37.51305],[127.0456,37.5130731],[127.0457537,37.5131224]]}},{"type":"Feature","properties":{"name":"선릉로116길"},"geometry":{"type":"LineString","coordinates":[[127.0478757,37.5137436],[127.0478778,37.5137441]]}},{"type":"Feature","properties":{"name":"선릉로116길"},"geometry":{"type":"LineString","coordinates":[[127.0459062,37.5131692],[127.0463999,37.5133135]]}},{"type":"Feature","properties":{"name":"선릉로116길"},"geometry":{"type":"LineString","coordinates":[[127.0465529,37.5133582],[127.0467499,37.5134158],[127.0468581,37.5134468],[127.0472057,37.5135465],[127.0478021,37.5137222]]}},{"type":"Feature","properties":{"name":"봉은사로64길"},"geometry":{"type":"LineString","coordinates":[[127.0475167,37.511207],[127.0477614,37.5109557],[127.0480467,37.5106627]]}},{"type":"Feature","properties":{"name":"봉은사로59길"},"geometry":{"type":"LineString","coordinates":[[127.044852,37.513719],[127.0451661,37.5138056],[127.0453919,37.5138761]]}},{"type":"Feature","properties":{"name":"봉은사로57길"},"geometry":{"type":"LineString","coordinates":[[127.0443302,37.5135583],[127.0445248,37.5136144],[127.0448528,37.5137191]]}},{"type":"Feature","properties":{"name":"학동로56길"},"geometry":{"type":"LineString","coordinates":[[127.0434548,37.5139682],[127.0429646,37.5153423]]}},{"type":"Feature","properties":{"name":"언주로126길"},"geometry":{"type":"LineString","coordinates":[[127.0376216,37.5139184],[127.0364702,37.513576]]}},{"type":"Feature","properties":{"name":"언주로126길"},"geometry":{"type":"LineString","coordinates":[[127.0362819,37.5135202],[127.0357989,37.5133776],[127.0355718,37.513307]]}},{"type":"Feature","properties":{"name":"선릉로121길"},"geometry":{"type":"LineString","coordinates":[[127.0409578,37.5137781],[127.0418622,37.5140001],[127.0424027,37.5141329]]}},{"type":"Feature","properties":{"name":"학동로50길"},"geometry":{"type":"LineString","coordinates":[[127.0410448,37.513369],[127.0409148,37.5137148]]}},{"type":"Feature","properties":{"name":"학동로50길"},"geometry":{"type":"LineString","coordinates":[[127.0408685,37.5138393],[127.0407871,37.5140606]]}},{"type":"Feature","properties":{"name":"봉은사로49길"},"geometry":{"type":"LineString","coordinates":[[127.0420706,37.5105411],[127.0423495,37.5099126]]}},{"type":"Feature","properties":{"name":"언주로114길"},"geometry":{"type":"LineString","coordinates":[[127.037713,37.5097015],[127.0385141,37.5099307]]}},{"type":"Feature","properties":{"name":"언주로114길"},"geometry":{"type":"LineString","coordinates":[[127.0386711,37.5099762],[127.0388949,37.5100419]]}},{"type":"Feature","properties":{"name":"언주로114길"},"geometry":{"type":"LineString","coordinates":[[127.0390482,37.5100876],[127.0395536,37.5102397],[127.0395964,37.5102573]]}},{"type":"Feature","properties":{"name":"언주로116길"},"geometry":{"type":"LineString","coordinates":[[127.0392066,37.5113088],[127.0389025,37.5112255],[127.0386518,37.5111521]]}},{"type":"Feature","properties":{"name":"언주로116길"},"geometry":{"type":"LineString","coordinates":[[127.0385518,37.5111227],[127.0382124,37.5110232]]}},{"type":"Feature","properties":{"name":"언주로116길"},"geometry":{"type":"LineString","coordinates":[[127.0380602,37.5109776],[127.0377968,37.510897]]}},{"type":"Feature","properties":{"name":"언주로116길"},"geometry":{"type":"LineString","coordinates":[[127.0376384,37.5108423],[127.0376156,37.5108334],[127.0368982,37.5105388]]}},{"type":"Feature","properties":{"name":"학동로44길"},"geometry":{"type":"LineString","coordinates":[[127.037337,37.5123269],[127.0374075,37.5125963],[127.0374926,37.5129215],[127.0375569,37.5131848]]}},{"type":"Feature","properties":{"name":"학동로44길"},"geometry":{"type":"LineString","coordinates":[[127.0375868,37.5133037],[127.037727,37.5138464]]}},{"type":"Feature","properties":{"name":"학동로44길"},"geometry":{"type":"LineString","coordinates":[[127.0377214,37.5140021],[127.0374667,37.5145798],[127.0372033,37.5151531],[127.0371917,37.5152434],[127.0371648,37.5154529],[127.0371411,37.5158051],[127.0371385,37.5158449]]}},{"type":"Feature","properties":{"name":"선릉로119길"},"geometry":{"type":"LineString","coordinates":[[127.0395234,37.5129695],[127.0397362,37.5130074],[127.0400369,37.5130784]]}},{"type":"Feature","properties":{"name":"선릉로119길"},"geometry":{"type":"LineString","coordinates":[[127.0401928,37.5131159],[127.0405633,37.5132068],[127.0409674,37.5132986]]}},{"type":"Feature","properties":{"name":"선릉로119길"},"geometry":{"type":"LineString","coordinates":[[127.0411235,37.5133349],[127.0416533,37.5134607]]}},{"type":"Feature","properties":{"name":"선릉로119길"},"geometry":{"type":"LineString","coordinates":[[127.0418095,37.5134976],[127.0425436,37.5136698]]}},{"type":"Feature","properties":{"name":"학동로42길"},"geometry":{"type":"LineString","coordinates":[[127.0364061,37.5136138],[127.0364545,37.5142659],[127.0364839,37.5149369],[127.036539,37.5150244],[127.0362499,37.5155775]]}},{"type":"Feature","properties":{"name":""},"geometry":{"type":"LineString","coordinates":[[127.0381982,37.513112],[127.0381276,37.5128123],[127.038036,37.5124766],[127.0379447,37.5121424]]}},{"type":"Feature","properties":{"name":""},"geometry":{"type":"LineString","coordinates":[[127.037866,37.5118787],[127.0378437,37.5118075],[127.0378381,37.51179]]}},{"type":"Feature","properties":{"name":""},"geometry":{"type":"LineString","coordinates":[[127.0378211,37.5116531],[127.0378234,37.5116451],[127.0378346,37.5116188],[127.0378556,37.5115648]]}},{"type":"Feature","properties":{"name":""},"geometry":{"type":"LineString","coordinates":[[127.0379093,37.5114434],[127.0379413,37.5113783]]}},{"type":"Feature","properties":{"name":""},"geometry":{"type":"LineString","coordinates":[[127.0379992,37.5112566],[127.0380971,37.5110433]]}},{"type":"Feature","properties":{"name":"학동로42길"},"geometry":{"type":"LineString","coordinates":[[127.0369682,37.5118986],[127.0375853,37.5120888]]}},{"type":"Feature","properties":{"name":"학동로42길"},"geometry":{"type":"LineString","coordinates":[[127.0371193,37.511713],[127.0378106,37.5119181]]}},{"type":"Feature","properties":{"name":"학동로42길"},"geometry":{"type":"LineString","coordinates":[[127.0372666,37.5115282],[127.0377451,37.5116897]]}},{"type":"Feature","properties":{"name":"학동로42길"},"geometry":{"type":"LineString","coordinates":[[127.0374147,37.511339],[127.0378272,37.5114716]]}},{"type":"Feature","properties":{"name":"학동로42길"},"geometry":{"type":"LineString","coordinates":[[127.0375575,37.5111802],[127.0379173,37.5112864]]}},{"type":"Feature","properties":{"name":"학동로42길"},"geometry":{"type":"LineString","coordinates":[[127.0380712,37.511331],[127.0387588,37.5115266]]}},{"type":"Feature","properties":{"name":"봉은사로37길"},"geometry":{"type":"LineString","coordinates":[[127.0349367,37.5115011],[127.0350675,37.5112136],[127.0351444,37.5110824]]}},{"type":"Feature","properties":{"name":"봉은사로37길"},"geometry":{"type":"LineString","coordinates":[[127.0352152,37.5109656],[127.0354701,37.5105593]]}},{"type":"Feature","properties":{"name":"봉은사로37길"},"geometry":{"type":"LineString","coordinates":[[127.0355424,37.5104424],[127.0357148,37.5101595]]}},{"type":"Feature","properties":{"name":"봉은사로37길"},"geometry":{"type":"LineString","coordinates":[[127.0358079,37.510042],[127.0364493,37.5093869]]}},{"type":"Feature","properties":{"name":"논현로120길"},"geometry":{"type":"LineString","coordinates":[[127.0323793,37.5107956],[127.0324739,37.5108242],[127.0330931,37.5110118]]}},{"type":"Feature","properties":{"name":"봉은사로29길"},"geometry":{"type":"LineString","coordinates":[[127.0331794,37.5108676],[127.0335888,37.5100125]]}},{"type":"Feature","properties":{"name":"봉은사로29길"},"geometry":{"type":"LineString","coordinates":[[127.0336462,37.5098914],[127.0338191,37.5095238]]}},{"type":"Feature","properties":{"name":"봉은사로29길"},"geometry":{"type":"LineString","coordinates":[[127.0338742,37.5094009],[127.0340297,37.5090499],[127.0341752,37.5087214]]}},{"type":"Feature","properties":{"name":"언주로125길"},"geometry":{"type":"LineString","coordinates":[[127.034029,37.5128174],[127.0344678,37.5129488]]}},{"type":"Feature","properties":{"name":"언주로125길"},"geometry":{"type":"LineString","coordinates":[[127.0346085,37.5129911],[127.0348556,37.5130658],[127.0352491,37.5131843]]}},{"type":"Feature","properties":{"name":"언주로115길"},"geometry":{"type":"LineString","coordinates":[[127.035213,37.5098523],[127.0355709,37.5100068],[127.035705,37.5100646]]}},{"type":"Feature","properties":{"name":"언주로115길"},"geometry":{"type":"LineString","coordinates":[[127.0358559,37.5101255],[127.0365928,37.5104051]]}},{"type":"Feature","properties":{"name":"논현로116길"},"geometry":{"type":"LineString","coordinates":[[127.0331582,37.5092402],[127.033228,37.5092612],[127.0337934,37.5094309]]}},{"type":"Feature","properties":{"name":"논현로116길"},"geometry":{"type":"LineString","coordinates":[[127.0339469,37.509476],[127.0350572,37.5097963]]}},{"type":"Feature","properties":{"name":"언주로113길"},"geometry":{"type":"LineString","coordinates":[[127.0355702,37.5090693],[127.0359293,37.5091829],[127.0364263,37.5093239]]}},{"type":"Feature","properties":{"name":"봉은사로29길"},"geometry":{"type":"LineString","coordinates":[[127.0356595,37.5085308],[127.0354285,37.5084629]]}},{"type":"Feature","properties":{"name":"봉은사로29길"},"geometry":{"type":"LineString","coordinates":[[127.0352756,37.508418],[127.0351271,37.5083745]]}},{"type":"Feature","properties":{"name":"봉은사로29길"},"geometry":{"type":"LineString","coordinates":[[127.0349743,37.5083297],[127.0347648,37.5082682]]}},{"type":"Feature","properties":{"name":"학동로34길"},"geometry":{"type":"LineString","coordinates":[[127.0333703,37.5139729],[127.0336207,37.5134546]]}},{"type":"Feature","properties":{"name":"학동로34길"},"geometry":{"type":"LineString","coordinates":[[127.0336787,37.5133332],[127.0339009,37.5128637]]}},{"type":"Feature","properties":{"name":"논현로128길"},"geometry":{"type":"LineString","coordinates":[[127.0333333,37.5140079],[127.0332986,37.5139969],[127.0325083,37.5137453]]}},{"type":"Feature","properties":{"name":"논현로128길"},"geometry":{"type":"LineString","coordinates":[[127.0323558,37.5136998],[127.0319864,37.5135945]]}},{"type":"Feature","properties":{"name":"논현로128길"},"geometry":{"type":"LineString","coordinates":[[127.031866,37.5135579],[127.0313055,37.5133775],[127.0311372,37.5133233]]}},{"type":"Feature","properties":{"name":""},"geometry":{"type":"LineString","coordinates":[[127.033478,37.5119979],[127.0335362,37.5118481],[127.0336835,37.5115278],[127.0337952,37.5112985]]}},{"type":"Feature","properties":{"name":"논현로118길"},"geometry":{"type":"LineString","coordinates":[[127.0339114,37.5110528],[127.0339875,37.5109065],[127.0340551,37.5107619]]}},{"type":"Feature","properties":{"name":"논현로118길"},"geometry":{"type":"LineString","coordinates":[[127.0341108,37.51064],[127.0343009,37.5102187]]}},{"type":"Feature","properties":{"name":"학동로19길"},"geometry":{"type":"LineString","coordinates":[[127.0269713,37.5148552],[127.0274523,37.5138377]]}},{"type":"Feature","properties":{"name":"학동로23길"},"geometry":{"type":"LineString","coordinates":[[127.0285874,37.5134599],[127.0283199,37.5140063]]}},{"type":"Feature","properties":{"name":"강남대로128길"},"geometry":{"type":"LineString","coordinates":[[127.0281456,37.512493],[127.0272392,37.5122329]]}},{"type":"Feature","properties":{"name":"강남대로128길"},"geometry":{"type":"LineString","coordinates":[[127.0271195,37.5121985],[127.0268056,37.5121083],[127.0265101,37.5120247],[127.0263284,37.511962],[127.0262399,37.5119274],[127.0261887,37.5118925],[127.0259367,37.5116751],[127.0256702,37.511383]]}},{"type":"Feature","properties":{"name":"강남대로128길"},"geometry":{"type":"LineString","coordinates":[[127.0256083,37.511317],[127.0254957,37.5112013],[127.0254191,37.5111265],[127.0251592,37.5108701]]}},{"type":"Feature","properties":{"name":"강남대로128길"},"geometry":{"type":"LineString","coordinates":[[127.0250429,37.510757],[127.024901,37.5106201],[127.0247747,37.5104963]]}},{"type":"Feature","properties":{"name":"봉은사로1길"},"geometry":{"type":"LineString","coordinates":[[127.024544,37.506294],[127.0245893,37.5062011]]}},{"type":"Feature","properties":{"name":"봉은사로1길"},"geometry":{"type":"LineString","coordinates":[[127.0246493,37.50608],[127.0247887,37.5058029]]}},{"type":"Feature","properties":{"name":"봉은사로1길"},"geometry":{"type":"LineString","coordinates":[[127.0248471,37.5056833],[127.0249873,37.5053867]]}},{"type":"Feature","properties":{"name":"봉은사로1길"},"geometry":{"type":"LineString","coordinates":[[127.0250447,37.5052648],[127.0252588,37.50481]]}},{"type":"Feature","properties":{"name":"학동로6길"},"geometry":{"type":"LineString","coordinates":[[127.0269114,37.5089879],[127.0268965,37.5090117],[127.0268034,37.5091245],[127.0263923,37.5094033]]}},{"type":"Feature","properties":{"name":"학동로6길"},"geometry":{"type":"LineString","coordinates":[[127.0262672,37.5094854],[127.0259215,37.5097052]]}},{"type":"Feature","properties":{"name":"학동로6길"},"geometry":{"type":"LineString","coordinates":[[127.0257936,37.509786],[127.0254202,37.5100202]]}},{"type":"Feature","properties":{"name":"학동로6길"},"geometry":{"type":"LineString","coordinates":[[127.0252846,37.5101062],[127.0247863,37.510424]]}},{"type":"Feature","properties":{"name":"학동로6길"},"geometry":{"type":"LineString","coordinates":[[127.0246534,37.510511],[127.0244469,37.5106483],[127.0239973,37.5109473],[127.0237815,37.5111933],[127.0236963,37.511345],[127.0235467,37.5116149]]}},{"type":"Feature","properties":{"name":"학동로28길"},"geometry":{"type":"LineString","coordinates":[[127.0310889,37.5112755],[127.0308695,37.5117693]]}},{"type":"Feature","properties":{"name":"학동로28길"},"geometry":{"type":"LineString","coordinates":[[127.0308126,37.5118943],[127.0305968,37.5123572],[127.0303091,37.5129865]]}},{"type":"Feature","properties":{"name":"봉은사로25길"},"geometry":{"type":"LineString","coordinates":[[127.0303107,37.5111409],[127.0305896,37.5109917],[127.0307547,37.5108975]]}},{"type":"Feature","properties":{"name":"봉은사로25길"},"geometry":{"type":"LineString","coordinates":[[127.0308873,37.5108219],[127.0313599,37.5105516]]}},{"type":"Feature","properties":{"name":"봉은사로25길"},"geometry":{"type":"LineString","coordinates":[[127.031459,37.5104364],[127.0317528,37.5098036]]}},{"type":"Feature","properties":{"name":"봉은사로25길"},"geometry":{"type":"LineString","coordinates":[[127.0318095,37.5096816],[127.0319854,37.5093044],[127.0321216,37.5090122]]}},{"type":"Feature","properties":{"name":"논현로119길"},"geometry":{"type":"LineString","coordinates":[[127.0298069,37.508727],[127.0294391,37.5083201],[127.0292458,37.5081065]]}},{"type":"Feature","properties":{"name":"봉은사로21길"},"geometry":{"type":"LineString","coordinates":[[127.0279985,37.5098282],[127.0283156,37.509654],[127.0286092,37.5094751]]}},{"type":"Feature","properties":{"name":"봉은사로21길"},"geometry":{"type":"LineString","coordinates":[[127.0287415,37.5093966],[127.0288914,37.5093098],[127.0289454,37.5092787],[127.0291707,37.5091484]]}},{"type":"Feature","properties":{"name":"봉은사로21길"},"geometry":{"type":"LineString","coordinates":[[127.0293036,37.5090725],[127.0295485,37.5089344],[127.0297923,37.5087972]]}},{"type":"Feature","properties":{"name":"봉은사로21길"},"geometry":{"type":"LineString","coordinates":[[127.0299255,37.5087221],[127.0302333,37.5085487]]}},{"type":"Feature","properties":{"name":"봉은사로21길"},"geometry":{"type":"LineString","coordinates":[[127.0303607,37.5084732],[127.0305341,37.5083655]]}},{"type":"Feature","properties":{"name":"논현로123길"},"geometry":{"type":"LineString","coordinates":[[127.0280061,37.5099214],[127.0281809,37.510097],[127.0287381,37.5106335]]}},{"type":"Feature","properties":{"name":"논현로123길"},"geometry":{"type":"LineString","coordinates":[[127.0288221,37.5107143],[127.0291137,37.510995],[127.0293108,37.5112072]]}},{"type":"Feature","properties":{"name":"논현로111길"},"geometry":{"type":"LineString","coordinates":[[127.029591,37.5066939],[127.0311104,37.5071564]]}},{"type":"Feature","properties":{"name":"논현로111길"},"geometry":{"type":"LineString","coordinates":[[127.0312633,37.5072028],[127.0314495,37.507259]]}},{"type":"Feature","properties":{"name":"논현로111길"},"geometry":{"type":"LineString","coordinates":[[127.0316018,37.5073047],[127.0317843,37.5073592]]}},{"type":"Feature","properties":{"name":"논현로111길"},"geometry":{"type":"LineString","coordinates":[[127.0319373,37.507406],[127.0321208,37.5074635]]}},{"type":"Feature","properties":{"name":"논현로111길"},"geometry":{"type":"LineString","coordinates":[[127.0322717,37.5075084],[127.0324845,37.5075686]]}},{"type":"Feature","properties":{"name":"논현로111길"},"geometry":{"type":"LineString","coordinates":[[127.0313135,37.5077006],[127.0314738,37.5073515]]}},{"type":"Feature","properties":{"name":"논현로111길"},"geometry":{"type":"LineString","coordinates":[[127.0316599,37.5078086],[127.0318094,37.5074535]]}},{"type":"Feature","properties":{"name":"논현로111길"},"geometry":{"type":"LineString","coordinates":[[127.0319955,37.5079053],[127.032145,37.5075572]]}},{"type":"Feature","properties":{"name":"봉은사로11길"},"geometry":{"type":"LineString","coordinates":[[127.0283875,37.5070595],[127.0284515,37.5069128]]}},{"type":"Feature","properties":{"name":"봉은사로11길"},"geometry":{"type":"LineString","coordinates":[[127.0285069,37.5067912],[127.0286477,37.506493]]}},{"type":"Feature","properties":{"name":"봉은사로11길"},"geometry":{"type":"LineString","coordinates":[[127.0287033,37.5063703],[127.0289036,37.5059102]]}},{"type":"Feature","properties":{"name":"강남대로114길"},"geometry":{"type":"LineString","coordinates":[[127.0274142,37.5065141],[127.0284253,37.5068204]]}},{"type":"Feature","properties":{"name":"강남대로118길"},"geometry":{"type":"LineString","coordinates":[[127.0294564,37.5069211],[127.0284821,37.5071396]]}},{"type":"Feature","properties":{"name":"강남대로118길"},"geometry":{"type":"LineString","coordinates":[[127.0282906,37.5071801],[127.0272034,37.5073911]]}},{"type":"Feature","properties":{"name":"강남대로118길"},"geometry":{"type":"LineString","coordinates":[[127.0270136,37.5073827],[127.0261513,37.5071415]]}},{"type":"Feature","properties":{"name":"강남대로118길"},"geometry":{"type":"LineString","coordinates":[[127.0259968,37.5070957],[127.025146,37.5068296],[127.024805,37.5066562],[127.0245857,37.5064539]]}},{"type":"Feature","properties":{"name":"강남대로118길"},"geometry":{"type":"LineString","coordinates":[[127.0244403,37.5063265],[127.0241117,37.5060548]]}},{"type":"Feature","properties":{"name":"강남대로114길"},"geometry":{"type":"LineString","coordinates":[[127.0263079,37.506592],[127.0264528,37.5063147]]}},{"type":"Feature","properties":{"name":"봉은사로1길"},"geometry":{"type":"LineString","coordinates":[[127.0239396,37.5075917],[127.0239855,37.5074869],[127.0241635,37.5071092]]}},{"type":"Feature","properties":{"name":"봉은사로1길"},"geometry":{"type":"LineString","coordinates":[[127.0242222,37.5069875],[127.0244752,37.5064731],[127.0244789,37.5064609]]}},{"type":"Feature","properties":{"name":"강남대로79길"},"geometry":{"type":"LineString","coordinates":[[127.0227735,37.5046659],[127.0229474,37.5048507],[127.0231653,37.5050488]]}},{"type":"Feature","properties":{"name":"강남대로79길"},"geometry":{"type":"LineString","coordinates":[[127.0233002,37.5051785],[127.0236971,37.5055855]]}},{"type":"Feature","properties":{"name":"사평대로53길"},"geometry":{"type":"LineString","coordinates":[[127.0207124,37.507194],[127.0206223,37.5073697]]}},{"type":"Feature","properties":{"name":"사평대로53길"},"geometry":{"type":"LineString","coordinates":[[127.0205546,37.5075063],[127.0203913,37.50785],[127.0202121,37.5082273]]}},{"type":"Feature","properties":{"name":"사평대로53길"},"geometry":{"type":"LineString","coordinates":[[127.0201415,37.5083716],[127.0199944,37.5086617],[127.0199482,37.5087641],[127.0198727,37.5089304]]}},{"type":"Feature","properties":{"name":"주흥6길"},"geometry":{"type":"LineString","coordinates":[[127.0197118,37.5049191],[127.0197451,37.5049618],[127.0200614,37.5053719]]}},{"type":"Feature","properties":{"name":"주흥6길"},"geometry":{"type":"LineString","coordinates":[[127.0201437,37.5054825],[127.0202571,37.5056435]]}},{"type":"Feature","properties":{"name":"주흥6길"},"geometry":{"type":"LineString","coordinates":[[127.020335,37.5057574],[127.0204226,37.5058862]]}},{"type":"Feature","properties":{"name":"주흥6길"},"geometry":{"type":"LineString","coordinates":[[127.0205801,37.5060217],[127.0209641,37.5061233],[127.021102,37.5061598]]}},{"type":"Feature","properties":{"name":"주흥9길"},"geometry":{"type":"LineString","coordinates":[[127.0179369,37.5064486],[127.0183075,37.506531],[127.0186693,37.5066254],[127.0188391,37.5066698],[127.0192651,37.506781],[127.0193482,37.5068026],[127.0196781,37.506888],[127.0199528,37.5069592]]}},{"type":"Feature","properties":{"name":"사평대로57길"},"geometry":{"type":"LineString","coordinates":[[127.0218712,37.5083141],[127.0218254,37.5080684]]}},{"type":"Feature","properties":{"name":"사평대로55길"},"geometry":{"type":"LineString","coordinates":[[127.0217486,37.5079902],[127.0217444,37.5079879],[127.0213904,37.5075698]]}},{"type":"Feature","properties":{"name":"사평대로57길"},"geometry":{"type":"LineString","coordinates":[[127.02145,37.50861],[127.021476,37.5086045],[127.0217615,37.5085145],[127.0217887,37.5084612]]}},{"type":"Feature","properties":{"name":"사평대로55길"},"geometry":{"type":"LineString","coordinates":[[127.0228022,37.5043676],[127.0233697,37.5045364]]}},{"type":"Feature","properties":{"name":"봉은사로82길"},"geometry":{"type":"LineString","coordinates":[[127.0544279,37.5131798],[127.0547313,37.5128463],[127.0548691,37.5127311],[127.0549454,37.5125941],[127.0551747,37.5120845]]}},{"type":"Feature","properties":{"name":"봉은사로82길"},"geometry":{"type":"LineString","coordinates":[[127.055224,37.5119598],[127.055576,37.5109312]]}},{"type":"Feature","properties":{"name":"봉은사로84길"},"geometry":{"type":"LineString","coordinates":[[127.0563455,37.5111433],[127.0559465,37.5121539]]}},{"type":"Feature","properties":{"name":"봉은사로84길"},"geometry":{"type":"LineString","coordinates":[[127.0558902,37.5122761],[127.0553324,37.5133306]]}},{"type":"Feature","properties":{"name":"봉은사로78길"},"geometry":{"type":"LineString","coordinates":[[127.0538028,37.510386],[127.0532412,37.5113996]]}},{"type":"Feature","properties":{"name":"봉은사로78길"},"geometry":{"type":"LineString","coordinates":[[127.0531751,37.5115191],[127.0528859,37.5120427]]}},{"type":"Feature","properties":{"name":"봉은사로78길"},"geometry":{"type":"LineString","coordinates":[[127.052821,37.5121613],[127.0527944,37.5122104],[127.052532,37.5126946]]}},{"type":"Feature","properties":{"name":"테헤란로77길"},"geometry":{"type":"LineString","coordinates":[[127.0526564,37.5098031],[127.0529414,37.5095244],[127.0530813,37.5093858]]}},{"type":"Feature","properties":{"name":"테헤란로77길"},"geometry":{"type":"LineString","coordinates":[[127.0532557,37.509206],[127.0533252,37.5091381]]}},{"type":"Feature","properties":{"name":"테헤란로77길"},"geometry":{"type":"LineString","coordinates":[[127.0534277,37.5090368],[127.0536088,37.5088554]]}},{"type":"Feature","properties":{"name":"테헤란로77길"},"geometry":{"type":"LineString","coordinates":[[127.0536963,37.5087414],[127.0541001,37.5079942],[127.0541916,37.50783]]}},{"type":"Feature","properties":{"name":"테헤란로77길"},"geometry":{"type":"LineString","coordinates":[[127.0542577,37.507708],[127.0545079,37.5072341],[127.0547148,37.5068858],[127.0549104,37.5065438]]}},{"type":"Feature","properties":{"name":"봉은사로51길"},"geometry":{"type":"LineString","coordinates":[[127.041732,37.5134267],[127.0418207,37.5131877],[127.0420888,37.512464],[127.0421916,37.5122091]]}},{"type":"Feature","properties":{"name":"봉은사로51길"},"geometry":{"type":"LineString","coordinates":[[127.0422294,37.5121119],[127.0423926,37.5116773],[127.0427037,37.5108487]]}},{"type":"Feature","properties":{"name":"봉은사로51길"},"geometry":{"type":"LineString","coordinates":[[127.0426638,37.5106964],[127.042941,37.5100842]]}},{"type":"Feature","properties":{"name":"언주로108길"},"geometry":{"type":"LineString","coordinates":[[127.0403909,37.5083729],[127.0401149,37.5080396]]}},{"type":"Feature","properties":{"name":"언주로108길"},"geometry":{"type":"LineString","coordinates":[[127.0400545,37.5080002],[127.039607,37.5078562]]}},{"type":"Feature","properties":{"name":"언주로108길"},"geometry":{"type":"LineString","coordinates":[[127.041505,37.5087379],[127.0413859,37.5087032],[127.0413791,37.5087012],[127.0410743,37.5086115],[127.0407803,37.5085258],[127.0405114,37.5084439]]}},{"type":"Feature","properties":{"name":"봉은사로50길"},"geometry":{"type":"LineString","coordinates":[[127.0450702,37.5074058],[127.0442419,37.5079129],[127.0439965,37.5080673],[127.0435948,37.5083203]]}},{"type":"Feature","properties":{"name":"언주로98길"},"geometry":{"type":"LineString","coordinates":[[127.0417677,37.505185],[127.0423189,37.5050819],[127.0425858,37.5050312],[127.0426949,37.5050142],[127.0430118,37.5049527],[127.0431385,37.5049285],[127.0433485,37.5048883],[127.043691,37.5048284],[127.0437834,37.5048076],[127.0439469,37.5047791]]}},{"type":"Feature","properties":{"name":"언주로98길"},"geometry":{"type":"LineString","coordinates":[[127.0446108,37.5046624],[127.0447108,37.5046436],[127.045034,37.5045827],[127.0451273,37.5045632]]}},{"type":"Feature","properties":{"name":"언주로98길"},"geometry":{"type":"LineString","coordinates":[[127.0441128,37.5047507],[127.0443919,37.5047036],[127.0444524,37.5046922]]}},{"type":"Feature","properties":{"name":"선릉로103길"},"geometry":{"type":"LineString","coordinates":[[127.0443661,37.5058466],[127.0445868,37.5066153],[127.0446378,37.5067595]]}},{"type":"Feature","properties":{"name":"선릉로103길"},"geometry":{"type":"LineString","coordinates":[[127.0446932,37.5068591],[127.0448502,37.5070461]]}},{"type":"Feature","properties":{"name":"선릉로103길"},"geometry":{"type":"LineString","coordinates":[[127.0449467,37.507152],[127.0451097,37.5073173]]}},{"type":"Feature","properties":{"name":"선릉로103길"},"geometry":{"type":"LineString","coordinates":[[127.0451899,37.5073969],[127.0453761,37.5075789],[127.0456199,37.5078293]]}},{"type":"Feature","properties":{"name":"봉은사로44길"},"geometry":{"type":"LineString","coordinates":[[127.0435877,37.5058741],[127.0434761,37.5054616]]}},{"type":"Feature","properties":{"name":"논현로102길"},"geometry":{"type":"LineString","coordinates":[[127.0352183,37.5047587],[127.0352415,37.5047657],[127.0358911,37.5049596]]}},{"type":"Feature","properties":{"name":"논현로97길"},"geometry":{"type":"LineString","coordinates":[[127.0355726,37.503452],[127.0355279,37.5034398],[127.0349734,37.503289],[127.0349238,37.5032673]]}},{"type":"Feature","properties":{"name":"논현로97길"},"geometry":{"type":"LineString","coordinates":[[127.0347732,37.5032118],[127.0344761,37.5031218],[127.0341338,37.5030181]]}},{"type":"Feature","properties":{"name":"논현로97길"},"geometry":{"type":"LineString","coordinates":[[127.0339817,37.5029725],[127.0337065,37.5028907]]}},{"type":"Feature","properties":{"name":"논현로97길"},"geometry":{"type":"LineString","coordinates":[[127.0335499,37.5028434],[127.0335117,37.5028317],[127.0331815,37.5027306]]}},{"type":"Feature","properties":{"name":"논현로97길"},"geometry":{"type":"LineString","coordinates":[[127.0330034,37.502692],[127.0324189,37.5026119],[127.032115,37.5025483]]}},{"type":"Feature","properties":{"name":"논현로106길"},"geometry":{"type":"LineString","coordinates":[[127.0352212,37.5063763],[127.0349652,37.506303],[127.0346351,37.5062005]]}},{"type":"Feature","properties":{"name":"봉은사로34길"},"geometry":{"type":"LineString","coordinates":[[127.038359,37.5047047],[127.0382136,37.5051515]]}},{"type":"Feature","properties":{"name":"봉은사로34길"},"geometry":{"type":"LineString","coordinates":[[127.0381656,37.505274],[127.0379934,37.5056519]]}},{"type":"Feature","properties":{"name":"봉은사로34길"},"geometry":{"type":"LineString","coordinates":[[127.0379384,37.5057745],[127.0377669,37.5061628]]}},{"type":"Feature","properties":{"name":"봉은사로34길"},"geometry":{"type":"LineString","coordinates":[[127.0376781,37.5062878],[127.0373807,37.5065857],[127.0372768,37.5067056]]}},{"type":"Feature","properties":{"name":"봉은사로34길"},"geometry":{"type":"LineString","coordinates":[[127.0371682,37.5068253],[127.0370176,37.5069841],[127.0367776,37.5072481]]}},{"type":"Feature","properties":{"name":""},"geometry":{"type":"LineString","coordinates":[[127.0387332,37.5037064],[127.0384425,37.5036127],[127.0381736,37.5035288]]}},{"type":"Feature","properties":{"name":"테헤란로37길"},"geometry":{"type":"LineString","coordinates":[[127.0397529,37.5050583],[127.0401465,37.5042075]]}},{"type":"Feature","properties":{"name":"테헤란로37길"},"geometry":{"type":"LineString","coordinates":[[127.0402074,37.5040818],[127.040456,37.5035886]]}},{"type":"Feature","properties":{"name":""},"geometry":{"type":"LineString","coordinates":[[127.040375,37.5042044],[127.0402707,37.5041824]]}},{"type":"Feature","properties":{"name":""},"geometry":{"type":"LineString","coordinates":[[127.040108,37.5041436],[127.0398436,37.5040727],[127.0394839,37.5039526],[127.0391452,37.5038451],[127.0388856,37.5037569]]}},{"type":"Feature","properties":{"name":"논현로94길"},"geometry":{"type":"LineString","coordinates":[[127.0381162,37.5034246],[127.0382421,37.5031584],[127.0383622,37.5029046]]}},{"type":"Feature","properties":{"name":"봉은사로38길"},"geometry":{"type":"LineString","coordinates":[[127.0376492,37.5074795],[127.0378648,37.5070255]]}},{"type":"Feature","properties":{"name":"봉은사로38길"},"geometry":{"type":"LineString","coordinates":[[127.0379227,37.5069039],[127.0381541,37.5064192]]}},{"type":"Feature","properties":{"name":"봉은사로38길"},"geometry":{"type":"LineString","coordinates":[[127.0382094,37.5062966],[127.0383761,37.5059048]]}},{"type":"Feature","properties":{"name":"봉은사로34길"},"geometry":{"type":"LineString","coordinates":[[127.0360253,37.507887],[127.0363295,37.5072533]]}},{"type":"Feature","properties":{"name":"봉은사로38길"},"geometry":{"type":"LineString","coordinates":[[127.0372538,37.5082497],[127.0375832,37.507613]]}},{"type":"Feature","properties":{"name":"테헤란로7길"},"geometry":{"type":"LineString","coordinates":[[127.0302234,37.5027274],[127.030167,37.5026673],[127.0300113,37.5025456],[127.029919,37.5024336],[127.0298189,37.5023094],[127.0297547,37.5022152],[127.0296689,37.5020277],[127.0296909,37.5018296],[127.0297567,37.5016231],[127.0298051,37.5015236],[127.0300473,37.5010253],[127.0303605,37.5004251],[127.0305123,37.5001162]]}},{"type":"Feature","properties":{"name":"테헤란로7길"},"geometry":{"type":"LineString","coordinates":[[127.0305539,37.5000197],[127.0306369,37.4997978],[127.0307274,37.4996037]]}},{"type":"Feature","properties":{"name":"테헤란로7길"},"geometry":{"type":"LineString","coordinates":[[127.0307846,37.4994824],[127.0309212,37.4991973],[127.030932,37.4991761]]}},{"type":"Feature","properties":{"name":"강남대로102길"},"geometry":{"type":"LineString","coordinates":[[127.0285657,37.503918],[127.0282218,37.5034885]]}},{"type":"Feature","properties":{"name":"강남대로102길"},"geometry":{"type":"LineString","coordinates":[[127.0281012,37.5033472],[127.0276438,37.5028234]]}},{"type":"Feature","properties":{"name":"강남대로102길"},"geometry":{"type":"LineString","coordinates":[[127.0275271,37.5026897],[127.0271877,37.5022999]]}},{"type":"Feature","properties":{"name":"강남대로102길"},"geometry":{"type":"LineString","coordinates":[[127.0270873,37.5021833],[127.0269753,37.5020501],[127.0267925,37.5018217]]}},{"type":"Feature","properties":{"name":"강남대로102길"},"geometry":{"type":"LineString","coordinates":[[127.0266517,37.5016608],[127.0263697,37.5013712]]}},{"type":"Feature","properties":{"name":"강남대로110길"},"geometry":{"type":"LineString","coordinates":[[127.0286832,37.5039162],[127.0291184,37.5036722]]}},{"type":"Feature","properties":{"name":"봉은사로24길"},"geometry":{"type":"LineString","coordinates":[[127.0327781,37.5059314],[127.0323534,37.5067965]]}},{"type":"Feature","properties":{"name":"논현로97길"},"geometry":{"type":"LineString","coordinates":[[127.0315461,37.5023665],[127.0319652,37.502482]]}},{"type":"Feature","properties":{"name":"봉은사로24길"},"geometry":{"type":"LineString","coordinates":[[127.0320504,37.5024483],[127.0321406,37.5022585],[127.0323144,37.5019109]]}},{"type":"Feature","properties":{"name":"봉은사로22길"},"geometry":{"type":"LineString","coordinates":[[127.0301943,37.5036528],[127.0301431,37.5037898],[127.0303433,37.5040223]]}},{"type":"Feature","properties":{"name":"봉은사로22길"},"geometry":{"type":"LineString","coordinates":[[127.0304354,37.5041295],[127.0307613,37.5045099],[127.0309733,37.5047573]]}},{"type":"Feature","properties":{"name":"봉은사로22길"},"geometry":{"type":"LineString","coordinates":[[127.0310614,37.5048646],[127.0312748,37.5051355]]}},{"type":"Feature","properties":{"name":"봉은사로22길"},"geometry":{"type":"LineString","coordinates":[[127.0293204,37.5026148],[127.0297724,37.5031332],[127.029845,37.5032165]]}},{"type":"Feature","properties":{"name":"테헤란로19길"},"geometry":{"type":"LineString","coordinates":[[127.0331847,37.501489],[127.0333718,37.501106]]}},{"type":"Feature","properties":{"name":"테헤란로19길"},"geometry":{"type":"LineString","coordinates":[[127.0334311,37.500985],[127.033576,37.5006898]]}},{"type":"Feature","properties":{"name":"테헤란로19길"},"geometry":{"type":"LineString","coordinates":[[127.0336296,37.5005752],[127.0338406,37.5000937],[127.0338471,37.5000787]]}},{"type":"Feature","properties":{"name":"테헤란로19길"},"geometry":{"type":"LineString","coordinates":[[127.0322793,37.5018449],[127.0321506,37.5018034],[127.0318499,37.5017025]]}},{"type":"Feature","properties":{"name":"테헤란로13길"},"geometry":{"type":"LineString","coordinates":[[127.0316979,37.5016536],[127.0311969,37.5014986],[127.0309595,37.5014221]]}},{"type":"Feature","properties":{"name":"강남대로94길"},"geometry":{"type":"LineString","coordinates":[[127.0309288,37.5013673],[127.0311135,37.5009629]]}},{"type":"Feature","properties":{"name":"강남대로94길"},"geometry":{"type":"LineString","coordinates":[[127.0311693,37.500841],[127.0313871,37.5003641]]}},{"type":"Feature","properties":{"name":"테헤란로25길"},"geometry":{"type":"LineString","coordinates":[[127.034292,37.5044191],[127.0345796,37.5037786]]}},{"type":"Feature","properties":{"name":"테헤란로25길"},"geometry":{"type":"LineString","coordinates":[[127.0346351,37.5036569],[127.0348088,37.5032816]]}},{"type":"Feature","properties":{"name":"테헤란로25길"},"geometry":{"type":"LineString","coordinates":[[127.0348675,37.5031555],[127.0350419,37.502783],[127.0350667,37.50273],[127.0352082,37.5024276]]}},{"type":"Feature","properties":{"name":"테헤란로25길"},"geometry":{"type":"LineString","coordinates":[[127.0352646,37.5023057],[127.0354257,37.5019519]]}},{"type":"Feature","properties":{"name":"봉은사로18길"},"geometry":{"type":"LineString","coordinates":[[127.0307071,37.5055462],[127.0304973,37.505966]]}},{"type":"Feature","properties":{"name":""},"geometry":{"type":"LineString","coordinates":[[127.0331409,37.5065463],[127.033452,37.5066457]]}},{"type":"Feature","properties":{"name":""},"geometry":{"type":"LineString","coordinates":[[127.0336034,37.5066936],[127.0339939,37.506816]]}},{"type":"Feature","properties":{"name":"논현로105길"},"geometry":{"type":"LineString","coordinates":[[127.0335333,37.5066169],[127.0338168,37.5060027]]}},{"type":"Feature","properties":{"name":"삼성로86길"},"geometry":{"type":"LineString","coordinates":[[127.0582105,37.5057272],[127.057519,37.5054986]]}},{"type":"Feature","properties":{"name":"역삼로78길"},"geometry":{"type":"LineString","coordinates":[[127.0575789,37.5007659],[127.0573263,37.5012601],[127.0570613,37.501763]]}},{"type":"Feature","properties":{"name":"삼성로67길"},"geometry":{"type":"LineString","coordinates":[[127.0551341,37.4998864],[127.0556031,37.5000416],[127.0556817,37.5000662],[127.0559841,37.5001754],[127.056306,37.5002777],[127.0563791,37.5003029],[127.056661,37.5003958],[127.0567806,37.5004382],[127.0569513,37.5004993],[127.0571895,37.5005743],[127.0575168,37.5006766]]}},{"type":"Feature","properties":{"name":"선릉로64길"},"geometry":{"type":"LineString","coordinates":[[127.0555674,37.4986712],[127.0546443,37.4983694],[127.0541374,37.4981975]]}},{"type":"Feature","properties":{"name":"도곡로63길"},"geometry":{"type":"LineString","coordinates":[[127.0535069,37.4992947],[127.0540218,37.498215]]}},{"type":"Feature","properties":{"name":"도곡로63길"},"geometry":{"type":"LineString","coordinates":[[127.0540805,37.4980925],[127.0542918,37.497653]]}},{"type":"Feature","properties":{"name":"삼성로61길"},"geometry":{"type":"LineString","coordinates":[[127.0560271,37.4981397],[127.0564356,37.4982781],[127.0572106,37.4985277],[127.0584841,37.4989417],[127.0585059,37.4989487]]}},{"type":"Feature","properties":{"name":"선릉로72길"},"geometry":{"type":"LineString","coordinates":[[127.0550939,37.5011787],[127.0544525,37.5009661],[127.0537218,37.500734],[127.0533368,37.5006152],[127.053047,37.5005213]]}},{"type":"Feature","properties":{"name":"테헤란로70길"},"geometry":{"type":"LineString","coordinates":[[127.053733,37.5043296],[127.0535078,37.5046998],[127.0533088,37.5050948],[127.0532692,37.5051704],[127.0532423,37.5052213],[127.0530812,37.5055272]]}},{"type":"Feature","properties":{"name":"선릉로76길"},"geometry":{"type":"LineString","coordinates":[[127.0506436,37.5012549],[127.0511159,37.5014088],[127.0515167,37.5015407],[127.0522795,37.5017839]]}},{"type":"Feature","properties":{"name":"선릉로76길"},"geometry":{"type":"LineString","coordinates":[[127.052431,37.5018342],[127.0527575,37.5019465],[127.0531264,37.5020636],[127.0534785,37.5021852],[127.0538663,37.5023096]]}},{"type":"Feature","properties":{"name":"선릉로82길"},"geometry":{"type":"LineString","coordinates":[[127.0539665,37.5035755],[127.0536849,37.5034806],[127.0533568,37.5033743],[127.053328,37.5033648],[127.0529823,37.5032548],[127.0526123,37.5031411],[127.0522531,37.5030147],[127.0519154,37.5029046]]}},{"type":"Feature","properties":{"name":"선릉로82길"},"geometry":{"type":"LineString","coordinates":[[127.0517637,37.5028559],[127.0514206,37.5027468],[127.0510389,37.5026255],[127.0510069,37.5026164],[127.0506667,37.5025078],[127.050607,37.5024892],[127.0501133,37.5023292]]}},{"type":"Feature","properties":{"name":"삼성로85길"},"geometry":{"type":"LineString","coordinates":[[127.0538347,37.5042731],[127.0544809,37.5044756],[127.0557531,37.5048914]]}},{"type":"Feature","properties":{"name":"삼성로85길"},"geometry":{"type":"LineString","coordinates":[[127.0559055,37.504942],[127.0572269,37.5053862],[127.0572689,37.5054004]]}},{"type":"Feature","properties":{"name":"역삼로77길"},"geometry":{"type":"LineString","coordinates":[[127.0561244,37.5042061],[127.0561848,37.5039492],[127.0562539,37.5036308],[127.0563448,37.5032]]}},{"type":"Feature","properties":{"name":"역삼로77길"},"geometry":{"type":"LineString","coordinates":[[127.0563896,37.5030662],[127.0566538,37.502516]]}},{"type":"Feature","properties":{"name":"역삼로63길"},"geometry":{"type":"LineString","coordinates":[[127.0518462,37.5028278],[127.0520188,37.5024891],[127.0521116,37.5022849],[127.0523156,37.5018516]]}},{"type":"Feature","properties":{"name":"역삼로63길"},"geometry":{"type":"LineString","coordinates":[[127.0523609,37.5017551],[127.0526204,37.5012009]]}},{"type":"Feature","properties":{"name":"역삼로78길"},"geometry":{"type":"LineString","coordinates":[[127.0570001,37.5018836],[127.0567467,37.5024039]]}},{"type":"Feature","properties":{"name":"역삼로52길"},"geometry":{"type":"LineString","coordinates":[[127.0485603,37.4978388],[127.0477331,37.4994486]]}},{"type":"Feature","properties":{"name":"선릉로69길"},"geometry":{"type":"LineString","coordinates":[[127.048657,37.4977842],[127.0507744,37.4984698]]}},{"type":"Feature","properties":{"name":"선릉로69길"},"geometry":{"type":"LineString","coordinates":[[127.0509258,37.498518],[127.0512398,37.4986161],[127.0516477,37.498755]]}},{"type":"Feature","properties":{"name":"선릉로63길"},"geometry":{"type":"LineString","coordinates":[[127.0506991,37.4970576],[127.0513494,37.4972601]]}},{"type":"Feature","properties":{"name":"선릉로63길"},"geometry":{"type":"LineString","coordinates":[[127.0515012,37.497308],[127.0522203,37.4975368]]}},{"type":"Feature","properties":{"name":"언주로66길"},"geometry":{"type":"LineString","coordinates":[[127.0462641,37.4956014],[127.0465217,37.4956689],[127.0471221,37.4958665]]}},{"type":"Feature","properties":{"name":"언주로70길"},"geometry":{"type":"LineString","coordinates":[[127.0471756,37.4972581],[127.0475803,37.4964627]]}},{"type":"Feature","properties":{"name":"언주로65길"},"geometry":{"type":"LineString","coordinates":[[127.0432445,37.4947036],[127.0437896,37.4948771],[127.0441562,37.4949897],[127.0445396,37.4951088],[127.0450315,37.4952485]]}},{"type":"Feature","properties":{"name":"언주로65길"},"geometry":{"type":"LineString","coordinates":[[127.0452191,37.495301],[127.0459502,37.4955015]]}},{"type":"Feature","properties":{"name":"논현로68길"},"geometry":{"type":"LineString","coordinates":[[127.0428038,37.4952774],[127.0418286,37.4949836],[127.0408688,37.4947056]]}},{"type":"Feature","properties":{"name":"논현로68길"},"geometry":{"type":"LineString","coordinates":[[127.0407154,37.4946599],[127.0400443,37.4944544]]}},{"type":"Feature","properties":{"name":"도곡로33길"},"geometry":{"type":"LineString","coordinates":[[127.0428979,37.4952209],[127.0431158,37.4947493]]}},{"type":"Feature","properties":{"name":"도곡로33길"},"geometry":{"type":"LineString","coordinates":[[127.0431728,37.4946271],[127.0434247,37.494092]]}},{"type":"Feature","properties":{"name":"도곡로33길"},"geometry":{"type":"LineString","coordinates":[[127.0434816,37.4939703],[127.0437082,37.4934853]]}},{"type":"Feature","properties":{"name":"언주로79길"},"geometry":{"type":"LineString","coordinates":[[127.0413444,37.498746],[127.0416825,37.4988477],[127.042071,37.498965],[127.0424574,37.4990823],[127.0426746,37.4991482]]}},{"type":"Feature","properties":{"name":"언주로79길"},"geometry":{"type":"LineString","coordinates":[[127.0428272,37.4991939],[127.0428471,37.4991998],[127.0431707,37.4992955]]}},{"type":"Feature","properties":{"name":"언주로79길"},"geometry":{"type":"LineString","coordinates":[[127.0433232,37.49934],[127.0440235,37.499542]]}},{"type":"Feature","properties":{"name":"테헤란로34길"},"geometry":{"type":"LineString","coordinates":[[127.0399179,37.5015014],[127.0400238,37.5012756],[127.0401505,37.5010094]]}},{"type":"Feature","properties":{"name":"테헤란로34길"},"geometry":{"type":"LineString","coordinates":[[127.0402129,37.5008859],[127.0403462,37.5006373]]}},{"type":"Feature","properties":{"name":"테헤란로34길"},"geometry":{"type":"LineString","coordinates":[[127.0404063,37.5005158],[127.0405848,37.5001234],[127.0408043,37.4996781]]}},{"type":"Feature","properties":{"name":"테헤란로34길"},"geometry":{"type":"LineString","coordinates":[[127.0408612,37.499556],[127.0409647,37.4993216],[127.0412162,37.4987922]]}},{"type":"Feature","properties":{"name":"언주로75길"},"geometry":{"type":"LineString","coordinates":[[127.0431033,37.4986026],[127.0435945,37.4988399],[127.04421,37.4991373]]}},{"type":"Feature","properties":{"name":"언주로75길"},"geometry":{"type":"LineString","coordinates":[[127.0417323,37.497934],[127.0422301,37.4981753],[127.0429517,37.4985288]]}},{"type":"Feature","properties":{"name":"논현로76길"},"geometry":{"type":"LineString","coordinates":[[127.0399193,37.4970363],[127.0401788,37.4971676],[127.0406837,37.4974232]]}},{"type":"Feature","properties":{"name":"논현로76길"},"geometry":{"type":"LineString","coordinates":[[127.040822,37.4974908],[127.0412055,37.4976731],[127.0415806,37.4978595]]}},{"type":"Feature","properties":{"name":"논현로72길"},"geometry":{"type":"LineString","coordinates":[[127.0422229,37.496483],[127.0413441,37.4960409],[127.0407925,37.4957736],[127.0404367,37.4955951]]}},{"type":"Feature","properties":{"name":"논현로72길"},"geometry":{"type":"LineString","coordinates":[[127.0403449,37.4955514],[127.0396855,37.4952509]]}},{"type":"Feature","properties":{"name":"논현로70길"},"geometry":{"type":"LineString","coordinates":[[127.0425177,37.4958846],[127.0415617,37.4955997],[127.0406015,37.4953044]]}},{"type":"Feature","properties":{"name":"논현로64길"},"geometry":{"type":"LineString","coordinates":[[127.0433874,37.4940268],[127.0431118,37.4939439],[127.0424163,37.4937324],[127.0421732,37.4936521]]}},{"type":"Feature","properties":{"name":"논현로64길"},"geometry":{"type":"LineString","coordinates":[[127.0420476,37.4936386],[127.0413454,37.493747]]}},{"type":"Feature","properties":{"name":"논현로64길"},"geometry":{"type":"LineString","coordinates":[[127.0411511,37.493741],[127.0404779,37.4935515]]}},{"type":"Feature","properties":{"name":"도곡로25길"},"geometry":{"type":"LineString","coordinates":[[127.0416568,37.4928604],[127.0412891,37.4936725]]}},{"type":"Feature","properties":{"name":"도곡로25길"},"geometry":{"type":"LineString","coordinates":[[127.0412219,37.4938159],[127.0411199,37.4940244]]}},{"type":"Feature","properties":{"name":"도곡로25길"},"geometry":{"type":"LineString","coordinates":[[127.0410618,37.4941459],[127.0408438,37.4946137]]}},{"type":"Feature","properties":{"name":"도곡로25길"},"geometry":{"type":"LineString","coordinates":[[127.040788,37.494736],[127.0405752,37.4952116]]}},{"type":"Feature","properties":{"name":"도곡로25길"},"geometry":{"type":"LineString","coordinates":[[127.0405206,37.4953339],[127.0404254,37.4955473]]}},{"type":"Feature","properties":{"name":"언주로67길"},"geometry":{"type":"LineString","coordinates":[[127.0449504,37.4958792],[127.0456832,37.4960924]]}},{"type":"Feature","properties":{"name":"언주로81길"},"geometry":{"type":"LineString","coordinates":[[127.0407671,37.4996138],[127.0403391,37.4994944],[127.0399216,37.4993722]]}},{"type":"Feature","properties":{"name":"언주로81길"},"geometry":{"type":"LineString","coordinates":[[127.0397684,37.4993273],[127.0393647,37.4992089],[127.038942,37.4990807]]}},{"type":"Feature","properties":{"name":"역삼로8길"},"geometry":{"type":"LineString","coordinates":[[127.0341119,37.4926652],[127.0338684,37.4931833],[127.0336876,37.4935652],[127.0334548,37.4940271]]}},{"type":"Feature","properties":{"name":"테헤란로8길"},"geometry":{"type":"LineString","coordinates":[[127.0326158,37.4957887],[127.0320195,37.4970365],[127.0319019,37.4972986]]}},{"type":"Feature","properties":{"name":"테헤란로8길"},"geometry":{"type":"LineString","coordinates":[[127.0318435,37.4974213],[127.031529,37.4980469],[127.0311468,37.4988236],[127.0311257,37.4988665],[127.0311197,37.4988786]]}},{"type":"Feature","properties":{"name":"도곡로1길"},"geometry":{"type":"LineString","coordinates":[[127.0316812,37.4917923],[127.0321945,37.4907141],[127.0324299,37.4904811]]}},{"type":"Feature","properties":{"name":"테헤란로2길"},"geometry":{"type":"LineString","coordinates":[[127.0301694,37.4950477],[127.0298441,37.4957229],[127.0294459,37.4965602]]}},{"type":"Feature","properties":{"name":"테헤란로2길"},"geometry":{"type":"LineString","coordinates":[[127.0293877,37.496682],[127.0288477,37.4978091],[127.0288927,37.4978764],[127.0288094,37.4980614]]}},{"type":"Feature","properties":{"name":"테헤란로4길"},"geometry":{"type":"LineString","coordinates":[[127.030968,37.4952838],[127.030646,37.4959707],[127.030261,37.4968084]]}},{"type":"Feature","properties":{"name":"테헤란로4길"},"geometry":{"type":"LineString","coordinates":[[127.0302017,37.4969309],[127.0296578,37.4979964],[127.0294956,37.4983162],[127.0294896,37.4983281]]}},{"type":"Feature","properties":{"name":"역삼로3길"},"geometry":{"type":"LineString","coordinates":[[127.0317625,37.4936425],[127.0312324,37.4947586],[127.0311623,37.4949067],[127.0310281,37.4951627]]}},{"type":"Feature","properties":{"name":"역삼로4길"},"geometry":{"type":"LineString","coordinates":[[127.0324746,37.4921718],[127.0318206,37.4935212]]}},{"type":"Feature","properties":{"name":"역삼로12길"},"geometry":{"type":"LineString","coordinates":[[127.0350287,37.4929462],[127.0349074,37.4931835],[127.0345601,37.4939059],[127.0343885,37.4942632],[127.0343726,37.4942984]]}},{"type":"Feature","properties":{"name":"도곡로17길"},"geometry":{"type":"LineString","coordinates":[[127.0367229,37.4933297],[127.0370227,37.492711]]}},{"type":"Feature","properties":{"name":"도곡로17길"},"geometry":{"type":"LineString","coordinates":[[127.0370804,37.4925894],[127.0373667,37.4919734]]}},{"type":"Feature","properties":{"name":"도곡로22길"},"geometry":{"type":"LineString","coordinates":[[127.0393602,37.491864],[127.0394065,37.4917633],[127.0395638,37.4914291]]}},{"type":"Feature","properties":{"name":"도곡로21길"},"geometry":{"type":"LineString","coordinates":[[127.0384125,37.493844],[127.0387059,37.493222]]}},{"type":"Feature","properties":{"name":"도곡로21길"},"geometry":{"type":"LineString","coordinates":[[127.038764,37.4931002],[127.0390466,37.4925137]]}},{"type":"Feature","properties":{"name":"도곡로21길"},"geometry":{"type":"LineString","coordinates":[[127.0391195,37.4923631],[127.0393026,37.4919856]]}},{"type":"Feature","properties":{"name":"역삼로15길"},"geometry":{"type":"LineString","coordinates":[[127.0357152,37.4951619],[127.0356081,37.4952376]]}},{"type":"Feature","properties":{"name":"역삼로15길"},"geometry":{"type":"LineString","coordinates":[[127.035562,37.4953094],[127.0354919,37.4957032]]}},{"type":"Feature","properties":{"name":"역삼로15길"},"geometry":{"type":"LineString","coordinates":[[127.0354689,37.4958326],[127.0354142,37.4961399]]}},{"type":"Feature","properties":{"name":"테헤란로22길"},"geometry":{"type":"LineString","coordinates":[[127.0354724,37.4985722],[127.0350604,37.49946]]}},{"type":"Feature","properties":{"name":"서초대로74길"},"geometry":{"type":"LineString","coordinates":[[127.0282527,37.4925749],[127.0282323,37.4926183],[127.0278561,37.4934355],[127.0275648,37.4940686]]}},{"type":"Feature","properties":{"name":"서운로19길"},"geometry":{"type":"LineString","coordinates":[[127.0249274,37.4952646],[127.0249196,37.4952601],[127.0240273,37.4950094],[127.0234878,37.4948579],[127.0233894,37.4948303]]}},{"type":"Feature","properties":{"name":"서운로19길"},"geometry":{"type":"LineString","coordinates":[[127.0232351,37.4947851],[127.0227078,37.4946238]]}},{"type":"Feature","properties":{"name":"도곡로2길"},"geometry":{"type":"LineString","coordinates":[[127.0342134,37.4878026],[127.0341194,37.4879083],[127.0337352,37.4883365]]}},{"type":"Feature","properties":{"name":"도곡로2길"},"geometry":{"type":"LineString","coordinates":[[127.0336254,37.4884613],[127.0332855,37.4888559]]}},{"type":"Feature","properties":{"name":"도곡로2길"},"geometry":{"type":"LineString","coordinates":[[127.0331919,37.4889641],[127.032938,37.4892576]]}},{"type":"Feature","properties":{"name":"남부순환로363길"},"geometry":{"type":"LineString","coordinates":[[127.037475,37.4884837],[127.0376896,37.4874603]]}},{"type":"Feature","properties":{"name":"강남대로58길"},"geometry":{"type":"LineString","coordinates":[[127.0369628,37.490578],[127.0354249,37.4901031],[127.0354109,37.4901013]]}},{"type":"Feature","properties":{"name":"강남대로58길"},"geometry":{"type":"LineString","coordinates":[[127.0352538,37.4900723],[127.0351932,37.4900582],[127.0348921,37.4899632],[127.0342173,37.4897675],[127.0334167,37.4895165]]}},{"type":"Feature","properties":{"name":"강남대로58길"},"geometry":{"type":"LineString","coordinates":[[127.0332436,37.4894582],[127.0329458,37.4893497]]}},{"type":"Feature","properties":{"name":"강남대로58길"},"geometry":{"type":"LineString","coordinates":[[127.0327975,37.4892992],[127.0320865,37.4890771],[127.0320253,37.4890597]]}},{"type":"Feature","properties":{"name":"언주로57길"},"geometry":{"type":"LineString","coordinates":[[127.0468293,37.4935916],[127.04549,37.4931906]]}},{"type":"Feature","properties":{"name":"언주로57길"},"geometry":{"type":"LineString","coordinates":[[127.0453377,37.4931447],[127.0440828,37.4927646]]}},{"type":"Feature","properties":{"name":"논현로58길"},"geometry":{"type":"LineString","coordinates":[[127.0440796,37.4927636],[127.0427906,37.4923623]]}},{"type":"Feature","properties":{"name":"논현로58길"},"geometry":{"type":"LineString","coordinates":[[127.0426391,37.4923148],[127.041733,37.4920292],[127.0416669,37.4920084],[127.0412617,37.4918983]]}},{"type":"Feature","properties":{"name":"도곡로28길"},"geometry":{"type":"LineString","coordinates":[[127.0424941,37.4927637],[127.0426752,37.492381]]}},{"type":"Feature","properties":{"name":"도곡로38길"},"geometry":{"type":"LineString","coordinates":[[127.0451931,37.4935861],[127.045353,37.4932593],[127.0453749,37.4932108]]}},{"type":"Feature","properties":{"name":"매봉터널"},"geometry":{"type":"LineString","coordinates":[[127.0490951,37.4901936],[127.0479137,37.492262]]}},{"type":"Feature","properties":{"name":"언주로"},"geometry":{"type":"LineString","coordinates":[[127.0479123,37.4922644],[127.0473444,37.4931719],[127.0468797,37.4941172]]}},{"type":"Feature","properties":{"name":"남부순환로397길"},"geometry":{"type":"LineString","coordinates":[[127.0573237,37.4927572],[127.0569575,37.4925715]]}},{"type":"Feature","properties":{"name":"서초대로74길"},"geometry":{"type":"LineString","coordinates":[[127.0217362,37.491266],[127.0220325,37.4913488]]}},{"type":"Feature","properties":{"name":"사임당로20길"},"geometry":{"type":"LineString","coordinates":[[127.0223807,37.4892457],[127.0219549,37.4894471]]}},{"type":"Feature","properties":{"name":"언주로"},"geometry":{"type":"LineString","coordinates":[[127.0442902,37.4991146],[127.0445418,37.4985535]]}},{"type":"Feature","properties":{"name":"선릉로85길"},"geometry":{"type":"LineString","coordinates":[[127.0475572,37.5022646],[127.0487177,37.5026352]]}},{"type":"Feature","properties":{"name":"선릉로85길"},"geometry":{"type":"LineString","coordinates":[[127.0475194,37.502267],[127.0458927,37.5017501]]}},{"type":"Feature","properties":{"name":"테헤란로44길"},"geometry":{"type":"LineString","coordinates":[[127.0457864,37.5017594],[127.0449166,37.5022229]]}},{"type":"Feature","properties":{"name":"남부순환로"},"geometry":{"type":"LineString","coordinates":[[127.0555546,37.4908373],[127.0558791,37.4909867],[127.0563345,37.4911963],[127.0583379,37.4921173],[127.0599057,37.4928502]]}},{"type":"Feature","properties":{"name":"삼성로"},"geometry":{"type":"LineString","coordinates":[[127.0566234,37.5070703],[127.056606,37.5071043],[127.0564185,37.5074708]]}},{"type":"Feature","properties":{"name":"삼성로"},"geometry":{"type":"LineString","coordinates":[[127.056368,37.5075624],[127.0558719,37.5084008]]}},{"type":"Feature","properties":{"name":"삼성로"},"geometry":{"type":"LineString","coordinates":[[127.0558054,37.50852],[127.0558015,37.5085273],[127.0557594,37.5086078],[127.0553865,37.5093232]]}},{"type":"Feature","properties":{"name":"삼성로"},"geometry":{"type":"LineString","coordinates":[[127.0553237,37.5094427],[127.0547295,37.5105635]]}},{"type":"Feature","properties":{"name":"삼성로"},"geometry":{"type":"LineString","coordinates":[[127.0546632,37.5106844],[127.0541031,37.5117093]]}},{"type":"Feature","properties":{"name":"삼성로"},"geometry":{"type":"LineString","coordinates":[[127.0540385,37.5118293],[127.0535426,37.5127684],[127.0534483,37.5129595]]}},{"type":"Feature","properties":{"name":"테헤란로"},"geometry":{"type":"LineString","coordinates":[[127.0568647,37.5067742],[127.0570999,37.506842],[127.0573336,37.5069094],[127.0575422,37.5069736]]}},{"type":"Feature","properties":{"name":"테헤란로"},"geometry":{"type":"LineString","coordinates":[[127.0576415,37.5070045],[127.0582241,37.5071868],[127.0588711,37.5073937],[127.0592658,37.5075268],[127.0595015,37.5076063],[127.0597218,37.5076735],[127.0608148,37.5080062],[127.0620942,37.508322],[127.062748,37.5085265]]}},{"type":"Feature","properties":{"name":"삼성로"},"geometry":{"type":"LineString","coordinates":[[127.056705,37.5066368],[127.0567148,37.5066176],[127.0572406,37.505588],[127.0572891,37.5054931]]}},{"type":"Feature","properties":{"name":"삼성로"},"geometry":{"type":"LineString","coordinates":[[127.0573524,37.505374],[127.0576398,37.5048532]]}},{"type":"Feature","properties":{"name":"삼성로"},"geometry":{"type":"LineString","coordinates":[[127.0577051,37.5047342],[127.0582434,37.5037493]]}},{"type":"Feature","properties":{"name":"테헤란로"},"geometry":{"type":"LineString","coordinates":[[127.0488726,37.5046189],[127.0484877,37.5044999],[127.0477046,37.5042579],[127.0472562,37.5041162]]}},{"type":"Feature","properties":{"name":"테헤란로"},"geometry":{"type":"LineString","coordinates":[[127.0471044,37.5040688],[127.0456954,37.5036342]]}},{"type":"Feature","properties":{"name":"테헤란로"},"geometry":{"type":"LineString","coordinates":[[127.0455439,37.5035871],[127.0443876,37.5032231]]}},{"type":"Feature","properties":{"name":"테헤란로"},"geometry":{"type":"LineString","coordinates":[[127.044235,37.5031767],[127.0436079,37.5029928],[127.0429201,37.5027993],[127.0428667,37.5027854],[127.0428007,37.5027684]]}},{"type":"Feature","properties":{"name":"도곡로"},"geometry":{"type":"LineString","coordinates":[[127.0580118,37.4979771],[127.0571428,37.497698],[127.0566246,37.4975316],[127.0563856,37.4974547]]}},{"type":"Feature","properties":{"name":"도곡로"},"geometry":{"type":"LineString","coordinates":[[127.0562339,37.4974058],[127.0547685,37.4969317]]}},{"type":"Feature","properties":{"name":"도곡로"},"geometry":{"type":"LineString","coordinates":[[127.0546168,37.4968832],[127.0529603,37.4963604]]}},{"type":"Feature","properties":{"name":"삼성로"},"geometry":{"type":"LineString","coordinates":[[127.0587215,37.5031288],[127.058355,37.5037847],[127.0577898,37.5048302],[127.0576475,37.5051212],[127.0574902,37.5054222]]}},{"type":"Feature","properties":{"name":"삼성로"},"geometry":{"type":"LineString","coordinates":[[127.0574298,37.5055389],[127.0568536,37.5066609],[127.056843,37.5066817]]}},{"type":"Feature","properties":{"name":"삼성로"},"geometry":{"type":"LineString","coordinates":[[127.0533257,37.5129169],[127.0539358,37.5117985]]}},{"type":"Feature","properties":{"name":"삼성로"},"geometry":{"type":"LineString","coordinates":[[127.0540002,37.5116793],[127.0545527,37.5106448]]}},{"type":"Feature","properties":{"name":"삼성로"},"geometry":{"type":"LineString","coordinates":[[127.0546167,37.5105251],[127.0548642,37.510063],[127.0552175,37.5093987]]}},{"type":"Feature","properties":{"name":"삼성로"},"geometry":{"type":"LineString","coordinates":[[127.0552803,37.5092788],[127.0556883,37.5084894],[127.055701,37.5084647]]}},{"type":"Feature","properties":{"name":"삼성로"},"geometry":{"type":"LineString","coordinates":[[127.0557647,37.5083457],[127.0562907,37.5073947],[127.056472,37.5070587],[127.0564893,37.5070267]]}},{"type":"Feature","properties":{"name":"봉은사로81길"},"geometry":{"type":"LineString","coordinates":[[127.0541593,37.5132808],[127.0538735,37.513854]]}},{"type":"Feature","properties":{"name":"봉은사로81길"},"geometry":{"type":"LineString","coordinates":[[127.0538111,37.5139742],[127.0533236,37.514872]]}},{"type":"Feature","properties":{"name":""},"geometry":{"type":"LineString","coordinates":[[127.0549046,37.513394],[127.0546782,37.5140265],[127.0546021,37.5140703],[127.0539055,37.5139431]]}},{"type":"Feature","properties":{"name":"봉은사로71길"},"geometry":{"type":"LineString","coordinates":[[127.0502975,37.5122936],[127.0501687,37.5125673],[127.0500408,37.5128393]]}},{"type":"Feature","properties":{"name":"봉은사로71길"},"geometry":{"type":"LineString","coordinates":[[127.0499831,37.5129613],[127.0497955,37.5133565],[127.0497222,37.5135009]]}},{"type":"Feature","properties":{"name":"봉은사로71길"},"geometry":{"type":"LineString","coordinates":[[127.0496677,37.5136246],[127.049654,37.5136608],[127.0494062,37.5141793]]}},{"type":"Feature","properties":{"name":"봉은사로69길"},"geometry":{"type":"LineString","coordinates":[[127.0492408,37.5127465],[127.0490506,37.513159],[127.048999,37.513271],[127.0487074,37.5139051]]}},{"type":"Feature","properties":{"name":"봉은사로69길"},"geometry":{"type":"LineString","coordinates":[[127.0486499,37.5140278],[127.0485879,37.5141577],[127.0480546,37.5152832]]}},{"type":"Feature","properties":{"name":"봉은사로55길"},"geometry":{"type":"LineString","coordinates":[[127.043736,37.5133934],[127.0442063,37.5135232]]}},{"type":"Feature","properties":{"name":"봉은사로61길"},"geometry":{"type":"LineString","coordinates":[[127.0464056,37.5119218],[127.0461433,37.5124889],[127.0458688,37.5131031]]}},{"type":"Feature","properties":{"name":"봉은사로61길"},"geometry":{"type":"LineString","coordinates":[[127.0458244,37.5131988],[127.0455076,37.5138575]]}},{"type":"Feature","properties":{"name":"봉은사로61길"},"geometry":{"type":"LineString","coordinates":[[127.0454521,37.5139782],[127.0453969,37.5141042]]}},{"type":"Feature","properties":{"name":"봉은사로55길"},"geometry":{"type":"LineString","coordinates":[[127.0444202,37.5113465],[127.0443675,37.5114893],[127.0439822,37.5125332]]}},{"type":"Feature","properties":{"name":"봉은사로55길"},"geometry":{"type":"LineString","coordinates":[[127.0439375,37.5126574],[127.0437928,37.5130699],[127.0436928,37.5133286]]}},{"type":"Feature","properties":{"name":"봉은사로55길"},"geometry":{"type":"LineString","coordinates":[[127.0436451,37.5134528],[127.0435995,37.5135725],[127.0435524,37.5137059],[127.0435011,37.5138421]]}},{"type":"Feature","properties":{"name":"봉은사로73길"},"geometry":{"type":"LineString","coordinates":[[127.0510359,37.5125059],[127.0508978,37.5127811],[127.0507625,37.5130505]]}},{"type":"Feature","properties":{"name":"봉은사로73길"},"geometry":{"type":"LineString","coordinates":[[127.0507037,37.5131706],[127.050517,37.5135635],[127.0504366,37.5137317]]}},{"type":"Feature","properties":{"name":"봉은사로73길"},"geometry":{"type":"LineString","coordinates":[[127.0503786,37.513853],[127.0501781,37.5142731],[127.0501227,37.5143893]]}},{"type":"Feature","properties":{"name":"봉은사로63길"},"geometry":{"type":"LineString","coordinates":[[127.0473881,37.5114431],[127.0471231,37.5119909]]}},{"type":"Feature","properties":{"name":"봉은사로63길"},"geometry":{"type":"LineString","coordinates":[[127.0470654,37.5121125],[127.0465154,37.5132934]]}},{"type":"Feature","properties":{"name":"봉은사로63길"},"geometry":{"type":"LineString","coordinates":[[127.0464716,37.5133882],[127.0458998,37.514636]]}},{"type":"Feature","properties":{"name":"선릉로112길"},"geometry":{"type":"LineString","coordinates":[[127.0506327,37.5130957],[127.0500657,37.5129311]]}},{"type":"Feature","properties":{"name":"선릉로112길"},"geometry":{"type":"LineString","coordinates":[[127.049912,37.5128864],[127.0493226,37.5127154]]}},{"type":"Feature","properties":{"name":"선릉로112길"},"geometry":{"type":"LineString","coordinates":[[127.045082,37.511485],[127.044499,37.5113149]]}},{"type":"Feature","properties":{"name":"선릉로112길"},"geometry":{"type":"LineString","coordinates":[[127.0443451,37.5112713],[127.0442831,37.5112543],[127.0436532,37.5110708]]}},{"type":"Feature","properties":{"name":"선릉로112길"},"geometry":{"type":"LineString","coordinates":[[127.0491681,37.5126728],[127.0486204,37.5125298]]}},{"type":"Feature","properties":{"name":"선릉로112길"},"geometry":{"type":"LineString","coordinates":[[127.0484326,37.5124778],[127.047868,37.5123089]]}},{"type":"Feature","properties":{"name":"선릉로112길"},"geometry":{"type":"LineString","coordinates":[[127.0477175,37.5122613],[127.0471468,37.5120834]]}},{"type":"Feature","properties":{"name":"선릉로112길"},"geometry":{"type":"LineString","coordinates":[[127.0469939,37.5120376],[127.046487,37.5118915]]}},{"type":"Feature","properties":{"name":"선릉로112길"},"geometry":{"type":"LineString","coordinates":[[127.046334,37.5118471],[127.0458074,37.5116937],[127.0456234,37.511643],[127.0454629,37.5115978],[127.0452351,37.5115301]]}},{"type":"Feature","properties":{"name":"삼성로111길"},"geometry":{"type":"LineString","coordinates":[[127.0527391,37.5138461],[127.0527345,37.5138376],[127.0522218,37.51289]]}},{"type":"Feature","properties":{"name":"강남대로122길"},"geometry":{"type":"LineString","coordinates":[[127.0254687,37.5092653],[127.0261512,37.508834],[127.0262004,37.5087458]]}},{"type":"Feature","properties":{"name":""},"geometry":{"type":"LineString","coordinates":[[127.0534291,37.4892803],[127.0532114,37.4895785],[127.0532615,37.4896519],[127.0533377,37.4898059],[127.0534311,37.4898845],[127.0535122,37.4899054]]}},{"type":"Feature","properties":{"name":"언주로30길"},"geometry":{"type":"LineString","coordinates":[[127.0539078,37.4887623],[127.0553068,37.4894107]]}},{"type":"Feature","properties":{"name":""},"geometry":{"type":"LineString","coordinates":[[127.0538024,37.4888059],[127.0534619,37.4892644]]}},{"type":"Feature","properties":{"name":""},"geometry":{"type":"LineString","coordinates":[[127.0201895,37.492427],[127.0207855,37.4922421]]}},{"type":"Feature","properties":{"name":""},"geometry":{"type":"LineString","coordinates":[[127.0200889,37.4922118],[127.0205071,37.4920767],[127.0205394,37.492149],[127.0207159,37.4920926]]}},{"type":"Feature","properties":{"name":"양재천로"},"geometry":{"type":"LineString","coordinates":[[127.0571403,37.4888381],[127.0572495,37.4888977],[127.0575984,37.4890473],[127.0582279,37.4893071],[127.0584599,37.4893913],[127.0591166,37.4895949],[127.0596951,37.4897386],[127.0605932,37.4899287],[127.0618425,37.4901373],[127.0629033,37.4902859],[127.0635866,37.490395],[127.0640596,37.4904699],[127.0640939,37.4904759],[127.0646541,37.4905759],[127.0651212,37.4906643],[127.0652812,37.4906939],[127.0655542,37.4907461],[127.0657927,37.4907921],[127.0663848,37.4909061],[127.0668062,37.4910065],[127.0673277,37.491187],[127.0677957,37.4913732],[127.0680697,37.4914979],[127.0683534,37.4916542],[127.0684377,37.4917071],[127.0688019,37.4919492],[127.0693526,37.4923397],[127.0696637,37.4926005],[127.0701343,37.4930713],[127.0707642,37.4937612],[127.071,37.4939883],[127.0710339,37.4940209]]}},{"type":"Feature","properties":{"name":"서초대로"},"geometry":{"type":"LineString","coordinates":[[127.0272243,37.4977146],[127.0274313,37.4977751]]}},{"type":"Feature","properties":{"name":"봉은사로57길"},"geometry":{"type":"LineString","coordinates":[[127.0451852,37.5114248],[127.0453544,37.5111736],[127.045555,37.5109118]]}},{"type":"Feature","properties":{"name":"봉은사로57길"},"geometry":{"type":"LineString","coordinates":[[127.044097,37.5140394],[127.0441512,37.5138893],[127.0441915,37.513754],[127.0442395,37.5136175]]}},{"type":"Feature","properties":{"name":"봉은사로57길"},"geometry":{"type":"LineString","coordinates":[[127.0442849,37.5134908],[127.0445296,37.51282]]}},{"type":"Feature","properties":{"name":"봉은사로57길"},"geometry":{"type":"LineString","coordinates":[[127.0445702,37.5127238],[127.0451311,37.5115532]]}},{"type":"Feature","properties":{"name":""},"geometry":{"type":"LineString","coordinates":[[127.0478556,37.5137694],[127.0476288,37.5142082]]}},{"type":"Feature","properties":{"name":""},"geometry":{"type":"LineString","coordinates":[[127.0476755,37.512502],[127.047753,37.5123291]]}},{"type":"Feature","properties":{"name":"서초대로"},"geometry":{"type":"LineString","coordinates":[[127.0268681,37.4978416],[127.0264282,37.4977098]]}},{"type":"Feature","properties":{"name":"선릉로"},"geometry":{"type":"LineString","coordinates":[[127.0557369,37.4898453],[127.0554674,37.4906858],[127.0554557,37.4907223]]}},{"type":"Feature","properties":{"name":"서초대로65길"},"geometry":{"type":"LineString","coordinates":[[127.0193486,37.5002102],[127.0197514,37.4992247],[127.0199514,37.4987353],[127.0202418,37.4980247],[127.0202476,37.4980107],[127.0204134,37.4975055]]}},{"type":"Feature","properties":{"name":"서초대로65길"},"geometry":{"type":"LineString","coordinates":[[127.0204628,37.4973785],[127.0204642,37.4973753]]}},{"type":"Feature","properties":{"name":"서초대로65길"},"geometry":{"type":"LineString","coordinates":[[127.0205237,37.4972432],[127.0206246,37.4970337],[127.0207286,37.4967531]]}},{"type":"Feature","properties":{"name":"강남대로"},"geometry":{"type":"LineString","coordinates":[[127.0319515,37.4882782],[127.0322108,37.4877544],[127.0323904,37.4873911]]}},{"type":"Feature","properties":{"name":"강남대로62길"},"geometry":{"type":"LineString","coordinates":[[127.0315721,37.4901143],[127.0316651,37.4901441],[127.0324228,37.4903903]]}},{"type":"Feature","properties":{"name":"강남대로62길"},"geometry":{"type":"LineString","coordinates":[[127.032576,37.4904384],[127.0331101,37.4905977]]}},{"type":"Feature","properties":{"name":"강남대로62길"},"geometry":{"type":"LineString","coordinates":[[127.033263,37.4906432],[127.0339944,37.4908598],[127.0341752,37.4909165],[127.0345222,37.4910244],[127.034755,37.4910925]]}},{"type":"Feature","properties":{"name":"강남대로66길"},"geometry":{"type":"LineString","coordinates":[[127.0308766,37.4916046],[127.030938,37.4916231],[127.0315996,37.4918216]]}},{"type":"Feature","properties":{"name":"강남대로66길"},"geometry":{"type":"LineString","coordinates":[[127.0317517,37.4918675],[127.0324169,37.4920693]]}},{"type":"Feature","properties":{"name":"강남대로"},"geometry":{"type":"LineString","coordinates":[[127.0293126,37.4947862],[127.0291061,37.495218],[127.0288903,37.495644],[127.0287787,37.4958189]]}},{"type":"Feature","properties":{"name":"역삼로"},"geometry":{"type":"LineString","coordinates":[[127.0301592,37.4930645],[127.0303837,37.4931359],[127.0309031,37.4933016]]}},{"type":"Feature","properties":{"name":"역삼로"},"geometry":{"type":"LineString","coordinates":[[127.031053,37.4933477],[127.0317042,37.4935402]]}},{"type":"Feature","properties":{"name":"역삼로"},"geometry":{"type":"LineString","coordinates":[[127.0318574,37.4935868],[127.0325173,37.493794]]}},{"type":"Feature","properties":{"name":"역삼로"},"geometry":{"type":"LineString","coordinates":[[127.0326678,37.4938401],[127.0330854,37.4939644],[127.0333385,37.4940452]]}},{"type":"Feature","properties":{"name":"역삼로"},"geometry":{"type":"LineString","coordinates":[[127.033491,37.494092],[127.0338086,37.4941852],[127.0342574,37.4943185]]}},{"type":"Feature","properties":{"name":"강남대로"},"geometry":{"type":"LineString","coordinates":[[127.0314762,37.4901691],[127.0312572,37.490604],[127.031221,37.4906897],[127.0308863,37.4914993],[127.0308512,37.4915405]]}},{"type":"Feature","properties":{"name":"강남대로"},"geometry":{"type":"LineString","coordinates":[[127.030773,37.4916582],[127.0306474,37.4919217],[127.0304909,37.4922491],[127.030307,37.4926234],[127.0301748,37.492877],[127.0301251,37.4929912]]}},{"type":"Feature","properties":{"name":"강남대로"},"geometry":{"type":"LineString","coordinates":[[127.019546,37.5152502],[127.0196556,37.5147304],[127.0198611,37.5139822]]}},{"type":"Feature","properties":{"name":"강남대로"},"geometry":{"type":"LineString","coordinates":[[127.0198969,37.5138558],[127.0199297,37.5137432],[127.0201737,37.5130666]]}},{"type":"Feature","properties":{"name":"강남대로"},"geometry":{"type":"LineString","coordinates":[[127.0210185,37.5120321],[127.0209204,37.5122559],[127.020684,37.5127959]]}},{"type":"Feature","properties":{"name":"강남대로"},"geometry":{"type":"LineString","coordinates":[[127.0206378,37.5129219],[127.0205795,37.5131191],[127.0204056,37.5136684]]}},{"type":"Feature","properties":{"name":"강남대로"},"geometry":{"type":"LineString","coordinates":[[127.020375,37.5137665],[127.0203719,37.5137766]]}},{"type":"Feature","properties":{"name":"서초대로"},"geometry":{"type":"LineString","coordinates":[[127.0258299,37.4974934],[127.0250801,37.4972696],[127.024378,37.4970471],[127.0243384,37.4970347],[127.024279,37.497016]]}},{"type":"Feature","properties":{"name":"서초대로74길"},"geometry":{"type":"LineString","coordinates":[[127.0267092,37.4959114],[127.0265431,37.4962885],[127.0265275,37.4963227],[127.0263902,37.4965944],[127.0262954,37.496793],[127.0260484,37.4972853]]}},{"type":"Feature","properties":{"name":"강남대로55길"},"geometry":{"type":"LineString","coordinates":[[127.0280955,37.4962694],[127.0276823,37.4961433],[127.0272876,37.4960323],[127.0272087,37.4960102],[127.02679,37.4958817]]}},{"type":"Feature","properties":{"name":"강남대로55길"},"geometry":{"type":"LineString","coordinates":[[127.0265701,37.4958148],[127.0259487,37.4956268],[127.0258732,37.495604],[127.0257999,37.4955818],[127.0255627,37.4955096],[127.0250696,37.4953595]]}},{"type":"Feature","properties":{"name":"강남대로53길"},"geometry":{"type":"LineString","coordinates":[[127.0258771,37.4936328],[127.0258986,37.4936392],[127.0260247,37.4936769],[127.0266714,37.4938694],[127.0274451,37.4940881]]}},{"type":"Feature","properties":{"name":"강남대로53길"},"geometry":{"type":"LineString","coordinates":[[127.0276025,37.4941332],[127.028039,37.4942599],[127.0284999,37.4944112],[127.0289131,37.4945481]]}},{"type":"Feature","properties":{"name":"서초대로74길"},"geometry":{"type":"LineString","coordinates":[[127.0274783,37.4942451],[127.0273754,37.4944434],[127.0271311,37.4949149],[127.0270763,37.495033],[127.0268199,37.4955851],[127.0267555,37.4957239]]}},{"type":"Feature","properties":{"name":"강남대로61길"},"geometry":{"type":"LineString","coordinates":[[127.0265767,37.4994533],[127.0260576,37.4992856],[127.0256869,37.4991696],[127.025262,37.4990365]]}},{"type":"Feature","properties":{"name":"서초대로"},"geometry":{"type":"LineString","coordinates":[[127.0263565,37.497657],[127.0259823,37.4975399]]}},{"type":"Feature","properties":{"name":"서운로"},"geometry":{"type":"LineString","coordinates":[[127.0234675,37.498575],[127.0228933,37.4997239],[127.0228211,37.4998725],[127.0227638,37.4999905],[127.0227442,37.5000309],[127.0226062,37.5003157],[127.0225003,37.5005338],[127.022441,37.5006562],[127.0223472,37.5008495],[127.0223315,37.5008818],[127.0222905,37.5009664],[127.0222572,37.5010349],[127.022145,37.5012666],[127.021974,37.5016833],[127.0219374,37.501773],[127.0218346,37.5019834],[127.0217952,37.5020644],[127.0217392,37.5021797],[127.0216772,37.5023071],[127.0215544,37.5025591],[127.0213914,37.5028836],[127.0212642,37.5031668],[127.0211904,37.5033308],[127.0211762,37.5033623]]}},{"type":"Feature","properties":{"name":"언주로"},"geometry":{"type":"LineString","coordinates":[[127.0402029,37.5070931],[127.0398778,37.5074418],[127.0395817,37.5077593]]}},{"type":"Feature","properties":{"name":"언주로"},"geometry":{"type":"LineString","coordinates":[[127.0394522,37.507938],[127.0393032,37.5080852],[127.038858,37.508519]]}},{"type":"Feature","properties":{"name":"언주로"},"geometry":{"type":"LineString","coordinates":[[127.0355044,37.5133432],[127.0355001,37.5136334],[127.0355011,37.5146393],[127.0354962,37.5152275],[127.0354975,37.5153541]]}},{"type":"Feature","properties":{"name":"언주로"},"geometry":{"type":"LineString","coordinates":[[127.0388056,37.5085244],[127.0386391,37.5086865]]}},{"type":"Feature","properties":{"name":"언주로"},"geometry":{"type":"LineString","coordinates":[[127.0384836,37.508841],[127.0376906,37.5096386]]}},{"type":"Feature","properties":{"name":"언주로"},"geometry":{"type":"LineString","coordinates":[[127.0375875,37.5097433],[127.03688,37.5104734]]}},{"type":"Feature","properties":{"name":"언주로"},"geometry":{"type":"LineString","coordinates":[[127.0368098,37.5105577],[127.0366405,37.5108027]]}},{"type":"Feature","properties":{"name":"언주로"},"geometry":{"type":"LineString","coordinates":[[127.0360422,37.5116538],[127.0359482,37.5117977]]}},{"type":"Feature","properties":{"name":"언주로"},"geometry":{"type":"LineString","coordinates":[[127.0366176,37.5108357],[127.0366007,37.5108619],[127.0361162,37.5116032]]}},{"type":"Feature","properties":{"name":"언주로"},"geometry":{"type":"LineString","coordinates":[[127.0359198,37.5119307],[127.035654,37.5126474]]}},{"type":"Feature","properties":{"name":"언주로"},"geometry":{"type":"LineString","coordinates":[[127.0356004,37.5127585],[127.0355361,37.5131035],[127.0355163,37.513209]]}},{"type":"Feature","properties":{"name":"강남대로"},"geometry":{"type":"LineString","coordinates":[[127.0326401,37.4876913],[127.032524,37.4879769]]}},{"type":"Feature","properties":{"name":"강남대로"},"geometry":{"type":"LineString","coordinates":[[127.0324675,37.4880952],[127.0322366,37.4885143]]}},{"type":"Feature","properties":{"name":"강남대로"},"geometry":{"type":"LineString","coordinates":[[127.0321729,37.4886341],[127.0320013,37.488968]]}},{"type":"Feature","properties":{"name":"강남대로"},"geometry":{"type":"LineString","coordinates":[[127.0319439,37.4890903],[127.0318262,37.4893677],[127.0317615,37.489529]]}},{"type":"Feature","properties":{"name":"테헤란로"},"geometry":{"type":"LineString","coordinates":[[127.028431,37.4983374],[127.0279046,37.4981731]]}},{"type":"Feature","properties":{"name":"테헤란로"},"geometry":{"type":"LineString","coordinates":[[127.0278256,37.4981531],[127.0278051,37.4981469]]}},{"type":"Feature","properties":{"name":"강남대로"},"geometry":{"type":"LineString","coordinates":[[127.0275867,37.4984074],[127.0273793,37.4988523],[127.0271987,37.4992461],[127.027044,37.4995646],[127.0270188,37.4996174],[127.0269047,37.4998578]]}},{"type":"Feature","properties":{"name":"강남대로"},"geometry":{"type":"LineString","coordinates":[[127.0314397,37.4894472],[127.031503,37.4892892],[127.0316495,37.489005]]}},{"type":"Feature","properties":{"name":"강남대로"},"geometry":{"type":"LineString","coordinates":[[127.0317079,37.4888831],[127.0317485,37.4887922],[127.031898,37.4883994]]}},{"type":"Feature","properties":{"name":"강남대로"},"geometry":{"type":"LineString","coordinates":[[127.0311872,37.4899653],[127.0313417,37.4896719],[127.0313812,37.4895841]]}},{"type":"Feature","properties":{"name":"강남대로"},"geometry":{"type":"LineString","coordinates":[[127.0289956,37.4945206],[127.0296825,37.4931737],[127.0297517,37.4930285]]}},{"type":"Feature","properties":{"name":"강남대로"},"geometry":{"type":"LineString","coordinates":[[127.0275435,37.4977541],[127.0276035,37.4976242],[127.0276085,37.4976135]]}},{"type":"Feature","properties":{"name":"강남대로"},"geometry":{"type":"LineString","coordinates":[[127.024332,37.5043205],[127.0244512,37.5042087],[127.0248172,37.503469],[127.0249242,37.5032384],[127.0250617,37.5028375],[127.0252024,37.5025078],[127.0254421,37.501926],[127.0256417,37.5015082],[127.0259201,37.5009482]]}},{"type":"Feature","properties":{"name":"강남대로"},"geometry":{"type":"LineString","coordinates":[[127.0237714,37.505576],[127.0241961,37.5046264],[127.0242341,37.5044915]]}},{"type":"Feature","properties":{"name":"강남대로"},"geometry":{"type":"LineString","coordinates":[[127.0202836,37.5130184],[127.0203802,37.5127105]]}},{"type":"Feature","properties":{"name":"강남대로"},"geometry":{"type":"LineString","coordinates":[[127.0204272,37.5125899],[127.0206033,37.512211]]}},{"type":"Feature","properties":{"name":"강남대로"},"geometry":{"type":"LineString","coordinates":[[127.0206606,37.5120898],[127.0210617,37.5112593],[127.0211037,37.5111722]]}},{"type":"Feature","properties":{"name":"강남대로"},"geometry":{"type":"LineString","coordinates":[[127.0261485,37.5016852],[127.0259666,37.5020138],[127.0258215,37.5023254],[127.0256823,37.5026247]]}},{"type":"Feature","properties":{"name":"강남대로"},"geometry":{"type":"LineString","coordinates":[[127.0256243,37.5027446],[127.0251759,37.5036378],[127.0250345,37.5039328]]}},{"type":"Feature","properties":{"name":"강남대로"},"geometry":{"type":"LineString","coordinates":[[127.0249899,37.5040271],[127.0248469,37.5043326],[127.0248062,37.504447]]}},{"type":"Feature","properties":{"name":"강남대로"},"geometry":{"type":"LineString","coordinates":[[127.0300521,37.4931252],[127.029984,37.4932596],[127.0297454,37.4938123],[127.0296853,37.4939392],[127.0293683,37.4946647]]}},{"type":"Feature","properties":{"name":"강남대로"},"geometry":{"type":"LineString","coordinates":[[127.0287939,37.4958967],[127.0285947,37.4962881]]}},{"type":"Feature","properties":{"name":"강남대로"},"geometry":{"type":"LineString","coordinates":[[127.0285343,37.4964088],[127.0284906,37.4964973]]}},{"type":"Feature","properties":{"name":"강남대로"},"geometry":{"type":"LineString","coordinates":[[127.0284913,37.496575],[127.0281034,37.4973626]]}},{"type":"Feature","properties":{"name":"강남대로"},"geometry":{"type":"LineString","coordinates":[[127.0280716,37.4974308],[127.0280335,37.4975134]]}},{"type":"Feature","properties":{"name":"강남대로"},"geometry":{"type":"LineString","coordinates":[[127.0204402,37.5138609],[127.0202251,37.5146318],[127.0199261,37.5154435],[127.0198962,37.5155585],[127.0198741,37.5156608]]}},{"type":"Feature","properties":{"name":"강남대로"},"geometry":{"type":"LineString","coordinates":[[127.0213847,37.5112567],[127.0213428,37.5113451],[127.0210614,37.5119379]]}},{"type":"Feature","properties":{"name":"강남대로"},"geometry":{"type":"LineString","coordinates":[[127.0246941,37.5046445],[127.0246094,37.5047445],[127.0244482,37.5050775]]}},{"type":"Feature","properties":{"name":"강남대로"},"geometry":{"type":"LineString","coordinates":[[127.0243896,37.5051986],[127.0243414,37.5052983],[127.024201,37.5056256]]}},{"type":"Feature","properties":{"name":"강남대로"},"geometry":{"type":"LineString","coordinates":[[127.0317051,37.4896684],[127.0316624,37.4897725],[127.0315737,37.4899444],[127.0315314,37.490048]]}},{"type":"Feature","properties":{"name":"강남대로"},"geometry":{"type":"LineString","coordinates":[[127.0224613,37.5082369],[127.0225567,37.5079341],[127.0226943,37.5076482]]}},{"type":"Feature","properties":{"name":"강남대로"},"geometry":{"type":"LineString","coordinates":[[127.0227524,37.507527],[127.0230174,37.506976],[127.0230417,37.5069255]]}},{"type":"Feature","properties":{"name":"강남대로"},"geometry":{"type":"LineString","coordinates":[[127.0231222,37.5067776],[127.023336,37.5064013],[127.0236978,37.5057348]]}},{"type":"Feature","properties":{"name":"강남대로"},"geometry":{"type":"LineString","coordinates":[[127.02694,37.4999459],[127.026724,37.5003949]]}},{"type":"Feature","properties":{"name":"강남대로"},"geometry":{"type":"LineString","coordinates":[[127.0266803,37.5004899],[127.0264174,37.5010878],[127.0263717,37.5012131]]}},{"type":"Feature","properties":{"name":"강남대로"},"geometry":{"type":"LineString","coordinates":[[127.0262958,37.5013812],[127.0261569,37.5016689]]}},{"type":"Feature","properties":{"name":"강남대로"},"geometry":{"type":"LineString","coordinates":[[127.0242006,37.5056265],[127.0241061,37.5059034]]}},{"type":"Feature","properties":{"name":"강남대로"},"geometry":{"type":"LineString","coordinates":[[127.0240343,37.5060674],[127.0239906,37.5061599],[127.0238107,37.5065529],[127.0236636,37.5068117],[127.0235099,37.5070834]]}},{"type":"Feature","properties":{"name":"봉은사로"},"geometry":{"type":"LineString","coordinates":[[127.0600987,37.5142369],[127.0598176,37.514175],[127.0595976,37.5141379],[127.0589029,37.5140127],[127.0584141,37.5139156],[127.0583368,37.5139021],[127.0580916,37.5138607],[127.0579722,37.5138394],[127.0564265,37.5135825],[127.0563747,37.5135746]]}},{"type":"Feature","properties":{"name":"봉은사로"},"geometry":{"type":"LineString","coordinates":[[127.0562127,37.5135497],[127.0553655,37.5134187]]}},{"type":"Feature","properties":{"name":"봉은사로"},"geometry":{"type":"LineString","coordinates":[[127.0552393,37.513398],[127.0549838,37.513353]]}},{"type":"Feature","properties":{"name":"봉은사로"},"geometry":{"type":"LineString","coordinates":[[127.054824,37.5133263],[127.0544499,37.5132668]]}},{"type":"Feature","properties":{"name":"봉은사로"},"geometry":{"type":"LineString","coordinates":[[127.0540861,37.5132086],[127.0534621,37.5130839]]}},{"type":"Feature","properties":{"name":"봉은사로"},"geometry":{"type":"LineString","coordinates":[[127.0437838,37.5102688],[127.0432989,37.5101347],[127.0430562,37.5100638]]}},{"type":"Feature","properties":{"name":"봉은사로"},"geometry":{"type":"LineString","coordinates":[[127.0388374,37.5088328],[127.038648,37.5087765]]}},{"type":"Feature","properties":{"name":"봉은사로"},"geometry":{"type":"LineString","coordinates":[[127.0382812,37.5086628],[127.0380464,37.508588]]}},{"type":"Feature","properties":{"name":"봉은사로"},"geometry":{"type":"LineString","coordinates":[[127.03796,37.5085605],[127.0373087,37.508353]]}},{"type":"Feature","properties":{"name":"봉은사로"},"geometry":{"type":"LineString","coordinates":[[127.0371548,37.5083056],[127.0371444,37.5083026],[127.0360834,37.5079892]]}},{"type":"Feature","properties":{"name":"봉은사로"},"geometry":{"type":"LineString","coordinates":[[127.0359304,37.507944],[127.035033,37.5076789]]}},{"type":"Feature","properties":{"name":"봉은사로"},"geometry":{"type":"LineString","coordinates":[[127.0348801,37.5076337],[127.0341725,37.5074245],[127.0340948,37.5074024]]}},{"type":"Feature","properties":{"name":"봉은사로"},"geometry":{"type":"LineString","coordinates":[[127.0337712,37.5073069],[127.0337294,37.5072942],[127.032894,37.5070506]]}},{"type":"Feature","properties":{"name":"봉은사로"},"geometry":{"type":"LineString","coordinates":[[127.042905,37.5100174],[127.0424645,37.5098916]]}},{"type":"Feature","properties":{"name":"봉은사로"},"geometry":{"type":"LineString","coordinates":[[127.0327405,37.507004],[127.0323756,37.5068885]]}},{"type":"Feature","properties":{"name":"봉은사로"},"geometry":{"type":"LineString","coordinates":[[127.0322251,37.5068419],[127.0315443,37.5066357]]}},{"type":"Feature","properties":{"name":"봉은사로"},"geometry":{"type":"LineString","coordinates":[[127.0423105,37.5098459],[127.0413233,37.5095414],[127.0410418,37.5094629],[127.0407329,37.5093762],[127.0404309,37.5092892],[127.0401769,37.5092217]]}},{"type":"Feature","properties":{"name":"봉은사로"},"geometry":{"type":"LineString","coordinates":[[127.0400213,37.5091784],[127.0389268,37.5088594]]}},{"type":"Feature","properties":{"name":"선릉로"},"geometry":{"type":"LineString","coordinates":[[127.0508691,37.5006243],[127.0506074,37.5011905]]}},{"type":"Feature","properties":{"name":"선릉로"},"geometry":{"type":"LineString","coordinates":[[127.0505635,37.5012822],[127.0500771,37.5022631]]}},{"type":"Feature","properties":{"name":"선릉로"},"geometry":{"type":"LineString","coordinates":[[127.0500322,37.5023579],[127.0497855,37.5029032]]}},{"type":"Feature","properties":{"name":"선릉로"},"geometry":{"type":"LineString","coordinates":[[127.0497288,37.503026],[127.0495606,37.5033825],[127.0493968,37.5037412],[127.049335,37.5038776],[127.0491347,37.5042984],[127.0491233,37.5043222]]}},{"type":"Feature","properties":{"name":"역삼로"},"geometry":{"type":"LineString","coordinates":[[127.0509644,37.5005692],[127.0524906,37.5010709],[127.0525967,37.5011058]]}},{"type":"Feature","properties":{"name":"역삼로"},"geometry":{"type":"LineString","coordinates":[[127.0527495,37.501156],[127.0530824,37.5012653],[127.0534554,37.5013893],[127.0537945,37.5014962]]}},{"type":"Feature","properties":{"name":"역삼로"},"geometry":{"type":"LineString","coordinates":[[127.0539167,37.5015361],[127.0545882,37.50176],[127.0549497,37.501874],[127.0551858,37.5019551]]}},{"type":"Feature","properties":{"name":"역삼로"},"geometry":{"type":"LineString","coordinates":[[127.0553451,37.5020078],[127.0559664,37.5022014],[127.0566311,37.5024214]]}},{"type":"Feature","properties":{"name":"역삼로"},"geometry":{"type":"LineString","coordinates":[[127.0567832,37.5024717],[127.057207,37.5026118],[127.0572638,37.5026293],[127.0573168,37.5026467],[127.0576668,37.5027593],[127.0579069,37.5028367],[127.0580477,37.5028845],[127.0581509,37.5029195]]}},{"type":"Feature","properties":{"name":"언주로"},"geometry":{"type":"LineString","coordinates":[[127.0446396,37.49842],[127.0446872,37.4983121],[127.0448942,37.4978425]]}},{"type":"Feature","properties":{"name":"언주로"},"geometry":{"type":"LineString","coordinates":[[127.0449323,37.4977608],[127.045383,37.4968327]]}},{"type":"Feature","properties":{"name":"언주로"},"geometry":{"type":"LineString","coordinates":[[127.045458,37.4966729],[127.0457068,37.4961842]]}},{"type":"Feature","properties":{"name":"언주로"},"geometry":{"type":"LineString","coordinates":[[127.0457652,37.4960625],[127.045977,37.495593]]}},{"type":"Feature","properties":{"name":"언주로"},"geometry":{"type":"LineString","coordinates":[[127.0460309,37.4954702],[127.046274,37.4948981],[127.0465155,37.4943546]]}},{"type":"Feature","properties":{"name":"언주로"},"geometry":{"type":"LineString","coordinates":[[127.0469249,37.4935355],[127.0471269,37.4931094],[127.0473769,37.4925202],[127.0475567,37.4921495]]}},{"type":"Feature","properties":{"name":"도곡로"},"geometry":{"type":"LineString","coordinates":[[127.0464757,37.4942887],[127.0457403,37.4940647],[127.0451578,37.4938776]]}},{"type":"Feature","properties":{"name":"도곡로"},"geometry":{"type":"LineString","coordinates":[[127.0450062,37.4938298],[127.0438235,37.4934661]]}},{"type":"Feature","properties":{"name":"도곡로"},"geometry":{"type":"LineString","coordinates":[[127.0436713,37.4934197],[127.0424622,37.493055]]}},{"type":"Feature","properties":{"name":"도곡로"},"geometry":{"type":"LineString","coordinates":[[127.0423076,37.4930077],[127.0417378,37.492831]]}},{"type":"Feature","properties":{"name":"도곡로"},"geometry":{"type":"LineString","coordinates":[[127.0415859,37.4927841],[127.040944,37.4925867]]}},{"type":"Feature","properties":{"name":"언주로"},"geometry":{"type":"LineString","coordinates":[[127.0467376,37.4944192],[127.0462254,37.4955376]]}},{"type":"Feature","properties":{"name":"언주로"},"geometry":{"type":"LineString","coordinates":[[127.0461691,37.4956593],[127.0456636,37.4967394]]}},{"type":"Feature","properties":{"name":"언주로"},"geometry":{"type":"LineString","coordinates":[[127.0455919,37.4968936],[127.0448623,37.4984822]]}},{"type":"Feature","properties":{"name":"역삼로"},"geometry":{"type":"LineString","coordinates":[[127.0449218,37.4985875],[127.0452469,37.4986967],[127.0470505,37.499277]]}},{"type":"Feature","properties":{"name":"역삼로"},"geometry":{"type":"LineString","coordinates":[[127.0472018,37.4993266],[127.0476171,37.499465]]}},{"type":"Feature","properties":{"name":"역삼로"},"geometry":{"type":"LineString","coordinates":[[127.047768,37.4995144],[127.0491323,37.4999508],[127.0494327,37.5000484],[127.0508117,37.5005181]]}},{"type":"Feature","properties":{"name":"봉은사로"},"geometry":{"type":"LineString","coordinates":[[127.0531689,37.5130783],[127.0530824,37.5130543],[127.0525079,37.512895]]}},{"type":"Feature","properties":{"name":"봉은사로"},"geometry":{"type":"LineString","coordinates":[[127.045527,37.5108474],[127.0439194,37.5103691]]}},{"type":"Feature","properties":{"name":"봉은사로"},"geometry":{"type":"LineString","coordinates":[[127.0521126,37.5127788],[127.0511475,37.5124845]]}},{"type":"Feature","properties":{"name":"봉은사로"},"geometry":{"type":"LineString","coordinates":[[127.0509659,37.5124307],[127.0504169,37.5122733]]}},{"type":"Feature","properties":{"name":"봉은사로"},"geometry":{"type":"LineString","coordinates":[[127.0502258,37.5122191],[127.0498898,37.5121256],[127.0495275,37.512025]]}},{"type":"Feature","properties":{"name":"봉은사로"},"geometry":{"type":"LineString","coordinates":[[127.049271,37.5119507],[127.0481914,37.5116269],[127.0475049,37.5114232]]}},{"type":"Feature","properties":{"name":"봉은사로"},"geometry":{"type":"LineString","coordinates":[[127.0473174,37.511368],[127.0457008,37.5108986]]}},{"type":"Feature","properties":{"name":"학동로"},"geometry":{"type":"LineString","coordinates":[[127.0267312,37.5128481],[127.0266873,37.5128347],[127.0259398,37.5125888],[127.0252253,37.5123711]]}},{"type":"Feature","properties":{"name":"학동로"},"geometry":{"type":"LineString","coordinates":[[127.0250751,37.5123234],[127.0250488,37.5123147],[127.024568,37.5121761],[127.024078,37.5120323]]}},{"type":"Feature","properties":{"name":"학동로"},"geometry":{"type":"LineString","coordinates":[[127.0239256,37.5119868],[127.0233535,37.511814]]}},{"type":"Feature","properties":{"name":"학동로"},"geometry":{"type":"LineString","coordinates":[[127.0232006,37.5117687],[127.0228214,37.5116585]]}},{"type":"Feature","properties":{"name":"학동로"},"geometry":{"type":"LineString","coordinates":[[127.0226567,37.5116064],[127.0225664,37.5115753],[127.0221899,37.5114573]]}},{"type":"Feature","properties":{"name":"학동로"},"geometry":{"type":"LineString","coordinates":[[127.0220726,37.5114197],[127.0217903,37.5113267],[127.0217276,37.5113075],[127.0214719,37.5112294]]}},{"type":"Feature","properties":{"name":"서초대로"},"geometry":{"type":"LineString","coordinates":[[127.0203543,37.4957587],[127.0190325,37.495353],[127.018932,37.4953232],[127.0178823,37.4949996],[127.0176323,37.4949218]]}},{"type":"Feature","properties":{"name":"서초대로64길"},"geometry":{"type":"LineString","coordinates":[[127.0213884,37.4931788],[127.0217026,37.4923862]]}},{"type":"Feature","properties":{"name":"서초대로64길"},"geometry":{"type":"LineString","coordinates":[[127.0217507,37.4922621],[127.0218961,37.4918789],[127.0219258,37.4918008],[127.0220616,37.4914425],[127.0220624,37.4914402]]}},{"type":"Feature","properties":{"name":"서초대로64길"},"geometry":{"type":"LineString","coordinates":[[127.022113,37.4913181],[127.0221364,37.4912662],[127.0221809,37.4911371],[127.0222466,37.4909468],[127.0222787,37.4908562],[127.0222992,37.4907984],[127.0223041,37.4907847]]}},{"type":"Feature","properties":{"name":"사임당로"},"geometry":{"type":"LineString","coordinates":[[127.0229732,37.490899],[127.0236254,37.4910932],[127.0240953,37.4912429],[127.0247593,37.4914383],[127.0248234,37.4914571]]}},{"type":"Feature","properties":{"name":"사임당로"},"geometry":{"type":"LineString","coordinates":[[127.0249763,37.4915026],[127.0257196,37.4917251],[127.0261234,37.491847],[127.0264533,37.4919466],[127.0265067,37.4919628]]}},{"type":"Feature","properties":{"name":"사임당로"},"geometry":{"type":"LineString","coordinates":[[127.0198682,37.4899517],[127.0203164,37.490089],[127.0209083,37.4902703]]}},{"type":"Feature","properties":{"name":"사임당로19길"},"geometry":{"type":"LineString","coordinates":[[127.0193165,37.4910336],[127.0197841,37.4912062],[127.019972,37.4912783]]}},{"type":"Feature","properties":{"name":"사임당로19길"},"geometry":{"type":"LineString","coordinates":[[127.0201183,37.4913325],[127.0204621,37.491455]]}},{"type":"Feature","properties":{"name":"서초대로65길"},"geometry":{"type":"LineString","coordinates":[[127.0207727,37.4966221],[127.0209476,37.4960625],[127.0209634,37.4960324]]}},{"type":"Feature","properties":{"name":"서초중앙로24길"},"geometry":{"type":"LineString","coordinates":[[127.0165655,37.494976],[127.0166473,37.495],[127.0173888,37.4952175],[127.0182341,37.4954752],[127.0187951,37.4956265],[127.0195094,37.495873],[127.0197494,37.4960145],[127.0198783,37.4961042],[127.0200448,37.4962203],[127.0201417,37.496288]]}},{"type":"Feature","properties":{"name":"서초중앙로24길"},"geometry":{"type":"LineString","coordinates":[[127.0202784,37.4963791],[127.0206975,37.4966426]]}},{"type":"Feature","properties":{"name":"강남대로"},"geometry":{"type":"LineString","coordinates":[[127.0267361,37.4993879],[127.0267707,37.4993194],[127.0267735,37.4993132]]}},{"type":"Feature","properties":{"name":"강남대로"},"geometry":{"type":"LineString","coordinates":[[127.0267705,37.4992356],[127.0269717,37.4987959],[127.0270796,37.4985558],[127.0271359,37.4984373]]}},{"type":"Feature","properties":{"name":"강남대로"},"geometry":{"type":"LineString","coordinates":[[127.0271927,37.4984005],[127.0273442,37.4980937]]}},{"type":"Feature","properties":{"name":"주흥3길"},"geometry":{"type":"LineString","coordinates":[[127.0191827,37.5041375],[127.0200997,37.5043458],[127.0203777,37.5044071]]}},{"type":"Feature","properties":{"name":"주흥길"},"geometry":{"type":"LineString","coordinates":[[127.0204012,37.5045145],[127.0197168,37.5048997]]}},{"type":"Feature","properties":{"name":"논현로"},"geometry":{"type":"LineString","coordinates":[[127.0361574,37.5025984],[127.0359547,37.5030552],[127.0357748,37.5034259]]}},{"type":"Feature","properties":{"name":"논현로"},"geometry":{"type":"LineString","coordinates":[[127.0357022,37.5035549],[127.0356941,37.5035678],[127.0351807,37.5046923]]}},{"type":"Feature","properties":{"name":"논현로"},"geometry":{"type":"LineString","coordinates":[[127.0351245,37.5048157],[127.0351095,37.5048487],[127.0347863,37.5055584],[127.034557,37.5060544],[127.0345432,37.5060842]]}},{"type":"Feature","properties":{"name":"역삼로"},"geometry":{"type":"LineString","coordinates":[[127.0393909,37.4959006],[127.0395196,37.4959678],[127.0403769,37.4963739]]}},{"type":"Feature","properties":{"name":"역삼로"},"geometry":{"type":"LineString","coordinates":[[127.0405174,37.4964466],[127.0406725,37.4965347],[127.0408794,37.4966377],[127.0419239,37.4971495]]}},{"type":"Feature","properties":{"name":"역삼로"},"geometry":{"type":"LineString","coordinates":[[127.0420761,37.4972243],[127.0427209,37.4975421],[127.0433047,37.4978298]]}},{"type":"Feature","properties":{"name":"역삼로"},"geometry":{"type":"LineString","coordinates":[[127.0434454,37.4979055],[127.0439298,37.4981391],[127.0445407,37.4984338]]}},{"type":"Feature","properties":{"name":"사평대로"},"geometry":{"type":"LineString","coordinates":[[127.0235005,37.5041132],[127.0235504,37.5041268]]}},{"type":"Feature","properties":{"name":"사평대로"},"geometry":{"type":"LineString","coordinates":[[127.0237104,37.5041757],[127.0241724,37.504331],[127.0242259,37.504346]]}},{"type":"Feature","properties":{"name":"사평대로"},"geometry":{"type":"LineString","coordinates":[[127.0228996,37.5039326],[127.0234993,37.5041128]]}},{"type":"Feature","properties":{"name":"강남대로94길"},"geometry":{"type":"LineString","coordinates":[[127.0318313,37.5005033],[127.0315917,37.5010549],[127.0312287,37.5009433]]}},{"type":"Feature","properties":{"name":"강남대로94길"},"geometry":{"type":"LineString","coordinates":[[127.0297307,37.4998606],[127.0296715,37.4999833],[127.0291647,37.501038]]}},{"type":"Feature","properties":{"name":"선릉로"},"geometry":{"type":"LineString","coordinates":[[127.0553496,37.4910355],[127.0553051,37.4911488],[127.0551318,37.4915901],[127.0547773,37.4923451],[127.0547405,37.4924154],[127.0547161,37.4924638],[127.0545836,37.4927617],[127.0538986,37.4942141],[127.0537349,37.4945632],[127.0534813,37.4951121],[127.0534324,37.4952117],[127.0531866,37.4957261],[127.0529367,37.4962652]]}},{"type":"Feature","properties":{"name":"남부순환로"},"geometry":{"type":"LineString","coordinates":[[127.0552195,37.4909159],[127.0534003,37.4900948],[127.0513294,37.4891645]]}},{"type":"Feature","properties":{"name":"남부순환로"},"geometry":{"type":"LineString","coordinates":[[127.0512328,37.4891543],[127.0512239,37.4891502],[127.0506697,37.4889014],[127.0503042,37.488733]]}},{"type":"Feature","properties":{"name":"남부순환로"},"geometry":{"type":"LineString","coordinates":[[127.0502916,37.488694],[127.0499409,37.4885358]]}},{"type":"Feature","properties":{"name":"언주로"},"geometry":{"type":"LineString","coordinates":[[127.0498081,37.4882391],[127.0498551,37.4881465],[127.0499025,37.4880532]]}},{"type":"Feature","properties":{"name":"남부순환로"},"geometry":{"type":"LineString","coordinates":[[127.0500385,37.488404],[127.0503423,37.488547]]}},{"type":"Feature","properties":{"name":"남부순환로"},"geometry":{"type":"LineString","coordinates":[[127.0513944,37.4890079],[127.0534968,37.4899276]]}},{"type":"Feature","properties":{"name":"남부순환로"},"geometry":{"type":"LineString","coordinates":[[127.0503931,37.4885371],[127.0513325,37.488948]]}},{"type":"Feature","properties":{"name":"남부순환로"},"geometry":{"type":"LineString","coordinates":[[127.0545451,37.4903897],[127.0553435,37.4907416]]}},{"type":"Feature","properties":{"name":"남부순환로"},"geometry":{"type":"LineString","coordinates":[[127.0535436,37.4899152],[127.0544834,37.4903295]]}},{"type":"Feature","properties":{"name":"언주로"},"geometry":{"type":"LineString","coordinates":[[127.0498574,37.4885575],[127.0498469,37.4885762],[127.0497899,37.4886781],[127.049682,37.4888841]]}},{"type":"Feature","properties":{"name":"언주로"},"geometry":{"type":"LineString","coordinates":[[127.049279,37.4897825],[127.0490968,37.4901902]]}},{"type":"Feature","properties":{"name":"언주로"},"geometry":{"type":"LineString","coordinates":[[127.0497013,37.4889241],[127.0493434,37.4897244]]}},{"type":"Feature","properties":{"name":"남부순환로"},"geometry":{"type":"LineString","coordinates":[[127.0496484,37.4884092],[127.0493714,37.488283]]}},{"type":"Feature","properties":{"name":"남부순환로"},"geometry":{"type":"LineString","coordinates":[[127.0483464,37.4878159],[127.0483443,37.4878151]]}},{"type":"Feature","properties":{"name":"남부순환로"},"geometry":{"type":"LineString","coordinates":[[127.0493225,37.4882939],[127.0483957,37.4878716]]}},{"type":"Feature","properties":{"name":"언주로"},"geometry":{"type":"LineString","coordinates":[[127.050069,37.4881567],[127.0500318,37.4882261],[127.049993,37.4882988]]}},{"type":"Feature","properties":{"name":"남부순환로"},"geometry":{"type":"LineString","coordinates":[[127.0454834,37.4862661],[127.0484336,37.4876528]]}},{"type":"Feature","properties":{"name":"남부순환로"},"geometry":{"type":"LineString","coordinates":[[127.0485299,37.4876646],[127.0494499,37.488097]]}},{"type":"Feature","properties":{"name":"남부순환로"},"geometry":{"type":"LineString","coordinates":[[127.0494623,37.4881364],[127.0497226,37.4882594]]}},{"type":"Feature","properties":{"name":"서운로"},"geometry":{"type":"LineString","coordinates":[[127.0284981,37.4880098],[127.0283098,37.4884024],[127.0282825,37.4884591]]}},{"type":"Feature","properties":{"name":"경부고속도로"},"geometry":{"type":"LineString","coordinates":[[127.0246322,37.4876258],[127.0234054,37.4908403],[127.023264,37.4911917],[127.0215123,37.4958545],[127.0213654,37.4962494],[127.0212383,37.4965575],[127.0202099,37.4991708],[127.0196892,37.5006483]]}},{"type":"Feature","properties":{"name":"서운로15길"},"geometry":{"type":"LineString","coordinates":[[127.0240115,37.4931065],[127.023894,37.4930742],[127.0237265,37.493028],[127.0230934,37.4928539],[127.0230731,37.4928515],[127.0230646,37.492854],[127.0230557,37.4928615],[127.0230251,37.4929428]]}},{"type":"Feature","properties":{"name":"선릉로86길"},"geometry":{"type":"LineString","coordinates":[[127.0498235,37.5029702],[127.0502616,37.5031068],[127.0503594,37.503138],[127.050728,37.5032579],[127.0514679,37.5034944]]}},{"type":"Feature","properties":{"name":"선릉로86길"},"geometry":{"type":"LineString","coordinates":[[127.0516257,37.5035456],[127.0519439,37.5036508],[127.0522794,37.5037613],[127.0526414,37.5038773],[127.0530061,37.5040059],[127.0530792,37.5040287],[127.0533507,37.5041179],[127.0536824,37.5042247]]}},{"type":"Feature","properties":{"name":"역삼로"},"geometry":{"type":"LineString","coordinates":[[127.0344461,37.4943765],[127.0350769,37.4945625]]}},{"type":"Feature","properties":{"name":"역삼로"},"geometry":{"type":"LineString","coordinates":[[127.0352289,37.4946084],[127.0358299,37.4947935]]}},{"type":"Feature","properties":{"name":"역삼로"},"geometry":{"type":"LineString","coordinates":[[127.0360842,37.4948722],[127.0368908,37.4951202]]}},{"type":"Feature","properties":{"name":"역삼로"},"geometry":{"type":"LineString","coordinates":[[127.0370529,37.4951702],[127.0376264,37.4953465],[127.0381257,37.4954955]]}},{"type":"Feature","properties":{"name":"역삼로"},"geometry":{"type":"LineString","coordinates":[[127.038278,37.4955406],[127.0390466,37.4957666],[127.0391725,37.495808]]}},{"type":"Feature","properties":{"name":"강남대로66길"},"geometry":{"type":"LineString","coordinates":[[127.0340401,37.4925909],[127.0336917,37.4924951],[127.0336619,37.4924684],[127.033288,37.4923433],[127.0325633,37.4921285]]}},{"type":"Feature","properties":{"name":"논현로67길"},"geometry":{"type":"LineString","coordinates":[[127.0351376,37.4928949],[127.0357945,37.4930951]]}},{"type":"Feature","properties":{"name":"논현로67길"},"geometry":{"type":"LineString","coordinates":[[127.0392051,37.4941756],[127.0398364,37.4943613]]}},{"type":"Feature","properties":{"name":"논현로67길"},"geometry":{"type":"LineString","coordinates":[[127.0359476,37.4931422],[127.036641,37.4933584]]}},{"type":"Feature","properties":{"name":"논현로67길"},"geometry":{"type":"LineString","coordinates":[[127.0367929,37.4934054],[127.0371148,37.493504]]}},{"type":"Feature","properties":{"name":"논현로67길"},"geometry":{"type":"LineString","coordinates":[[127.0372669,37.4935509],[127.0375577,37.4936413],[127.0378846,37.4937417],[127.038163,37.4938243],[127.0383244,37.4938718]]}},{"type":"Feature","properties":{"name":"논현로67길"},"geometry":{"type":"LineString","coordinates":[[127.0384836,37.493919],[127.0388001,37.4940119],[127.0390549,37.4940751]]}},{"type":"Feature","properties":{"name":""},"geometry":{"type":"LineString","coordinates":[[127.0281171,37.497431],[127.0283936,37.4980612],[127.0284147,37.4980647]]}},{"type":"Feature","properties":{"name":""},"geometry":{"type":"LineString","coordinates":[[127.0468034,37.499882],[127.0470715,37.4993694]]}},{"type":"Feature","properties":{"name":""},"geometry":{"type":"LineString","coordinates":[[127.0468029,37.4998822],[127.0463338,37.5007611],[127.0459812,37.501474],[127.0458925,37.5016582],[127.0458685,37.5017076]]}},{"type":"Feature","properties":{"name":""},"geometry":{"type":"LineString","coordinates":[[127.0396235,37.4913073],[127.0396588,37.4912374],[127.0397837,37.4909907],[127.0398857,37.4907969],[127.0400662,37.4904542],[127.0401089,37.490373]]}},{"type":"Feature","properties":{"name":""},"geometry":{"type":"LineString","coordinates":[[127.0400745,37.4903074],[127.0398745,37.4902434],[127.0395995,37.4901551],[127.0397379,37.4898757],[127.0397922,37.489766],[127.0398918,37.4895652],[127.039982,37.4893478]]}},{"type":"Feature","properties":{"name":""},"geometry":{"type":"LineString","coordinates":[[127.0402386,37.4903274],[127.0403776,37.4903692],[127.0406438,37.4904492],[127.041144,37.4905996],[127.0413826,37.4906712],[127.0414389,37.4906882]]}},{"type":"Feature","properties":{"name":"경부고속도로"},"geometry":{"type":"LineString","coordinates":[[127.0192204,37.5010779],[127.0210716,37.496177],[127.0212166,37.4957832],[127.0229997,37.4911252],[127.0231379,37.4907732],[127.0232788,37.4904287],[127.02333,37.4903034],[127.0233603,37.4902223],[127.02436,37.4875473]]}},{"type":"Feature","properties":{"name":"테헤란로82길"},"geometry":{"type":"LineString","coordinates":[[127.0574868,37.5071627],[127.057549,37.5070367]]}},{"type":"Feature","properties":{"name":""},"geometry":{"type":"LineString","coordinates":[[127.0344223,37.5139518],[127.0342028,37.5138732]]}},{"type":"Feature","properties":{"name":"서초대로64길"},"geometry":{"type":"LineString","coordinates":[[127.0211264,37.4921795],[127.0216694,37.4922964]]}},{"type":"Feature","properties":{"name":""},"geometry":{"type":"LineString","coordinates":[[127.0236571,37.5095407],[127.0231965,37.5093948]]}},{"type":"Feature","properties":{"name":"사평대로53길"},"geometry":{"type":"LineString","coordinates":[[127.0201873,37.5067545],[127.0202244,37.5067673],[127.0202594,37.5067865],[127.0203331,37.5068571],[127.0205391,37.5070623],[127.0205787,37.5070862],[127.0206441,37.5070954]]}},{"type":"Feature","properties":{"name":"주흥길"},"geometry":{"type":"LineString","coordinates":[[127.0200969,37.506812],[127.0200642,37.5069307]]}},{"type":"Feature","properties":{"name":""},"geometry":{"type":"LineString","coordinates":[[127.0559793,37.4890823],[127.0562776,37.4881245],[127.0566281,37.4870496],[127.0567045,37.4868342]]}},{"type":"Feature","properties":{"name":"효령로77길"},"geometry":{"type":"LineString","coordinates":[[127.0299347,37.4891091],[127.0299081,37.4891636],[127.0297359,37.4895176]]}},{"type":"Feature","properties":{"name":"효령로77길"},"geometry":{"type":"LineString","coordinates":[[127.0296769,37.4896385],[127.0296192,37.4897572],[127.0293546,37.4903021],[127.0291899,37.4906408],[127.0290297,37.4909704]]}},{"type":"Feature","properties":{"name":"효령로77길"},"geometry":{"type":"LineString","coordinates":[[127.0289709,37.4910914],[127.0287334,37.4915802],[127.0286193,37.4918151],[127.0283989,37.4922688],[127.0283251,37.4924208],[127.0283098,37.4924532]]}},{"type":"Feature","properties":{"name":"논현로"},"geometry":{"type":"LineString","coordinates":[[127.0409077,37.4922756],[127.0409863,37.4921069],[127.0410768,37.4919005]]}},{"type":"Feature","properties":{"name":"논현로"},"geometry":{"type":"LineString","coordinates":[[127.0411349,37.4917755],[127.0411486,37.4917473],[127.0411788,37.4916857],[127.0413676,37.4912086],[127.0414909,37.4907862]]}},{"type":"Feature","properties":{"name":"논현로"},"geometry":{"type":"LineString","coordinates":[[127.0415058,37.4906513],[127.0415057,37.4903601],[127.0415047,37.4897844]]}},{"type":"Feature","properties":{"name":"논현로"},"geometry":{"type":"LineString","coordinates":[[127.0414934,37.4896462],[127.0414204,37.4891312],[127.0413809,37.4884969]]}},{"type":"Feature","properties":{"name":"논현로"},"geometry":{"type":"LineString","coordinates":[[127.041372,37.4883633],[127.0413625,37.4882233],[127.0413416,37.4879604],[127.0413359,37.4877466]]}},{"type":"Feature","properties":{"name":"테헤란로63길"},"geometry":{"type":"LineString","coordinates":[[127.0507168,37.5052656],[127.0507081,37.5052852],[127.0505076,37.5057446],[127.0502908,37.5061792]]}},{"type":"Feature","properties":{"name":"테헤란로63길"},"geometry":{"type":"LineString","coordinates":[[127.0502598,37.5062909],[127.0502477,37.5066085],[127.0502567,37.5067277]]}},{"type":"Feature","properties":{"name":"테헤란로43길"},"geometry":{"type":"LineString","coordinates":[[127.0437802,37.5041884],[127.0438841,37.5039825]]}},{"type":"Feature","properties":{"name":"테헤란로43길"},"geometry":{"type":"LineString","coordinates":[[127.043946,37.5038618],[127.04402,37.5037202],[127.0442468,37.5032869],[127.0442597,37.5032622],[127.0442705,37.5032416]]}},{"type":"Feature","properties":{"name":"삼성로95길"},"geometry":{"type":"LineString","coordinates":[[127.0556663,37.5083974],[127.0556199,37.5083806],[127.0550784,37.5081221]]}},{"type":"Feature","properties":{"name":"삼성로95길"},"geometry":{"type":"LineString","coordinates":[[127.0549317,37.5080586],[127.0543081,37.5078174]]}},{"type":"Feature","properties":{"name":"삼성로95길"},"geometry":{"type":"LineString","coordinates":[[127.0541584,37.5077576],[127.0536062,37.5075307]]}},{"type":"Feature","properties":{"name":"삼성로95길"},"geometry":{"type":"LineString","coordinates":[[127.0534474,37.5074651],[127.0523733,37.5070192]]}},{"type":"Feature","properties":{"name":"삼성로92길"},"geometry":{"type":"LineString","coordinates":[[127.0564532,37.5075365],[127.0571194,37.5077538]]}},{"type":"Feature","properties":{"name":"삼성로92길"},"geometry":{"type":"LineString","coordinates":[[127.0572714,37.5078015],[127.0577254,37.5079394]]}},{"type":"Feature","properties":{"name":"삼성로92길"},"geometry":{"type":"LineString","coordinates":[[127.0578789,37.5079846],[127.0582322,37.5080853],[127.0584343,37.5081515]]}},{"type":"Feature","properties":{"name":"봉은사로48길"},"geometry":{"type":"LineString","coordinates":[[127.042505,37.5056248],[127.0426322,37.5060893],[127.0429029,37.5069857]]}},{"type":"Feature","properties":{"name":"언주로104길"},"geometry":{"type":"LineString","coordinates":[[127.0430003,37.5078105],[127.042818,37.5077481],[127.0424624,37.5076462],[127.042247,37.5075805]]}},{"type":"Feature","properties":{"name":"언주로104길"},"geometry":{"type":"LineString","coordinates":[[127.0420672,37.5075282],[127.041895,37.5074814],[127.0414391,37.5073468],[127.0413957,37.5073332],[127.0409625,37.507204]]}},{"type":"Feature","properties":{"name":"언주로104길"},"geometry":{"type":"LineString","coordinates":[[127.0408211,37.5071615],[127.0403983,37.5070329]]}},{"type":"Feature","properties":{"name":"선릉로93길"},"geometry":{"type":"LineString","coordinates":[[127.0483897,37.5056429],[127.0479048,37.5054921],[127.0475848,37.5053868]]}},{"type":"Feature","properties":{"name":"선릉로93길"},"geometry":{"type":"LineString","coordinates":[[127.0474352,37.5053362],[127.0472678,37.505278]]}},{"type":"Feature","properties":{"name":"선릉로93길"},"geometry":{"type":"LineString","coordinates":[[127.0471704,37.5052162],[127.0468206,37.50487]]}},{"type":"Feature","properties":{"name":"선릉로93길"},"geometry":{"type":"LineString","coordinates":[[127.0466695,37.5047933],[127.0453239,37.5043898]]}},{"type":"Feature","properties":{"name":"선릉로93길"},"geometry":{"type":"LineString","coordinates":[[127.045171,37.5043423],[127.0446609,37.504178]]}},{"type":"Feature","properties":{"name":"선릉로93길"},"geometry":{"type":"LineString","coordinates":[[127.0445099,37.5041294],[127.0440003,37.5039654]]}},{"type":"Feature","properties":{"name":"봉은사로44길"},"geometry":{"type":"LineString","coordinates":[[127.0401143,37.5091208],[127.0403967,37.5084646]]}},{"type":"Feature","properties":{"name":"테헤란로51길"},"geometry":{"type":"LineString","coordinates":[[127.0436986,37.5059051],[127.0439765,37.5058472],[127.0442451,37.5057888]]}},{"type":"Feature","properties":{"name":"테헤란로51길"},"geometry":{"type":"LineString","coordinates":[[127.0444052,37.5057553],[127.0446684,37.5057023],[127.0450052,37.5056296],[127.0451618,37.5056071],[127.0453115,37.50554],[127.0457236,37.5053314],[127.0466768,37.5048509]]}},{"type":"Feature","properties":{"name":"테헤란로51길"},"geometry":{"type":"LineString","coordinates":[[127.0468012,37.5047488],[127.0468925,37.5045803],[127.0471168,37.504173],[127.0471311,37.5041474],[127.0471385,37.504134]]}},{"type":"Feature","properties":{"name":"테헤란로43길"},"geometry":{"type":"LineString","coordinates":[[127.0438178,37.5042851],[127.0440217,37.5047082]]}},{"type":"Feature","properties":{"name":"테헤란로43길"},"geometry":{"type":"LineString","coordinates":[[127.0440725,37.5048388],[127.0441801,37.5052062]]}},{"type":"Feature","properties":{"name":"테헤란로43길"},"geometry":{"type":"LineString","coordinates":[[127.044217,37.5053326],[127.0443291,37.5057183]]}},{"type":"Feature","properties":{"name":"테헤란로47길"},"geometry":{"type":"LineString","coordinates":[[127.0451397,37.5045543],[127.0452081,37.5044089]]}},{"type":"Feature","properties":{"name":"테헤란로47길"},"geometry":{"type":"LineString","coordinates":[[127.0452668,37.5042873],[127.045573,37.5036658],[127.0455796,37.5036525]]}},{"type":"Feature","properties":{"name":"봉은사로50길"},"geometry":{"type":"LineString","coordinates":[[127.0433097,37.5089017],[127.043385,37.5086705]]}},{"type":"Feature","properties":{"name":"봉은사로50길"},"geometry":{"type":"LineString","coordinates":[[127.043432,37.5085481],[127.0434684,37.5084658],[127.0435176,37.5083652]]}},{"type":"Feature","properties":{"name":"테헤란로53길"},"geometry":{"type":"LineString","coordinates":[[127.043078,37.5077777],[127.0433963,37.5075841],[127.0438516,37.5073017],[127.0439301,37.5072546]]}},{"type":"Feature","properties":{"name":"테헤란로53길"},"geometry":{"type":"LineString","coordinates":[[127.044066,37.5071721],[127.0443058,37.5070254],[127.0445759,37.5068633]]}},{"type":"Feature","properties":{"name":"테헤란로53길"},"geometry":{"type":"LineString","coordinates":[[127.0447145,37.5067801],[127.0454762,37.5063234],[127.0456523,37.5062103],[127.0462149,37.5058629]]}},{"type":"Feature","properties":{"name":"테헤란로53길"},"geometry":{"type":"LineString","coordinates":[[127.0463152,37.5058012],[127.0468526,37.5054734],[127.0470429,37.5053535],[127.0471589,37.5052862]]}},{"type":"Feature","properties":{"name":"선릉로108길"},"geometry":{"type":"LineString","coordinates":[[127.0500517,37.5112013],[127.0486039,37.5107749],[127.0481797,37.5106459]]}},{"type":"Feature","properties":{"name":"선릉로108길"},"geometry":{"type":"LineString","coordinates":[[127.048024,37.5105992],[127.0461009,37.5100258]]}},{"type":"Feature","properties":{"name":"선릉로108길"},"geometry":{"type":"LineString","coordinates":[[127.0459538,37.5099741],[127.0443481,37.5093145]]}},{"type":"Feature","properties":{"name":"언주로97길"},"geometry":{"type":"LineString","coordinates":[[127.0406707,37.5053787],[127.0413435,37.5052586]]}},{"type":"Feature","properties":{"name":"테헤란로55길"},"geometry":{"type":"LineString","coordinates":[[127.0449373,37.5070574],[127.0457199,37.506575],[127.0464706,37.5061289]]}},{"type":"Feature","properties":{"name":"테헤란로55길"},"geometry":{"type":"LineString","coordinates":[[127.0465738,37.5060681],[127.047369,37.5056027],[127.0474688,37.5054037]]}},{"type":"Feature","properties":{"name":"언주로106길"},"geometry":{"type":"LineString","coordinates":[[127.0404224,37.5077092],[127.0406804,37.5077843],[127.0411729,37.5079276],[127.0417864,37.5081094]]}},{"type":"Feature","properties":{"name":"언주로106길"},"geometry":{"type":"LineString","coordinates":[[127.0419399,37.5081575],[127.0425585,37.5083617],[127.0429073,37.5084574],[127.0433516,37.508579]]}},{"type":"Feature","properties":{"name":"봉은사로44길"},"geometry":{"type":"LineString","coordinates":[[127.0401446,37.507957],[127.0403423,37.5077416]]}},{"type":"Feature","properties":{"name":"봉은사로44길"},"geometry":{"type":"LineString","coordinates":[[127.0404086,37.5076716],[127.0408434,37.5072251]]}},{"type":"Feature","properties":{"name":"봉은사로44길"},"geometry":{"type":"LineString","coordinates":[[127.040953,37.5071137],[127.0417083,37.5063541],[127.0417858,37.5062731],[127.0423991,37.5056133]]}},{"type":"Feature","properties":{"name":"테헤란로53길"},"geometry":{"type":"LineString","coordinates":[[127.0439567,37.5071563],[127.043878,37.5068571],[127.0438089,37.5066043]]}},{"type":"Feature","properties":{"name":"테헤란로53길"},"geometry":{"type":"LineString","coordinates":[[127.0437705,37.5064713],[127.0436247,37.5060019]]}},{"type":"Feature","properties":{"name":"봉은사로48길"},"geometry":{"type":"LineString","coordinates":[[127.0437349,37.5065834],[127.0434429,37.5067682]]}},{"type":"Feature","properties":{"name":"봉은사로48길"},"geometry":{"type":"LineString","coordinates":[[127.0433067,37.506852],[127.043027,37.5070165],[127.0429993,37.507032]]}},{"type":"Feature","properties":{"name":"봉은사로48길"},"geometry":{"type":"LineString","coordinates":[[127.0428697,37.5071095],[127.0426822,37.5072224],[127.0422486,37.5074936]]}},{"type":"Feature","properties":{"name":"언주로104길"},"geometry":{"type":"LineString","coordinates":[[127.0435095,37.5083167],[127.0431495,37.5079313],[127.0430724,37.5078487]]}},{"type":"Feature","properties":{"name":"봉은사로44길"},"geometry":{"type":"LineString","coordinates":[[127.0425444,37.5055338],[127.04283,37.5054831],[127.0428834,37.5054742]]}},{"type":"Feature","properties":{"name":"봉은사로44길"},"geometry":{"type":"LineString","coordinates":[[127.0430428,37.5054474],[127.0431615,37.5054275],[127.0433941,37.5053926]]}},{"type":"Feature","properties":{"name":"봉은사로44길"},"geometry":{"type":"LineString","coordinates":[[127.0435536,37.5053665],[127.0438081,37.505319],[127.0440967,37.5052724]]}},{"type":"Feature","properties":{"name":"선릉로107길"},"geometry":{"type":"LineString","coordinates":[[127.0441949,37.5092561],[127.043891,37.509149],[127.0437681,37.5091138],[127.0435526,37.5090513],[127.0433704,37.5089956]]}},{"type":"Feature","properties":{"name":"선릉로107길"},"geometry":{"type":"LineString","coordinates":[[127.0432531,37.5089872],[127.0428194,37.5090721]]}},{"type":"Feature","properties":{"name":"선릉로107길"},"geometry":{"type":"LineString","coordinates":[[127.0426673,37.5090648],[127.0422938,37.508974],[127.0416846,37.5087896],[127.0416585,37.5087822]]}},{"type":"Feature","properties":{"name":"선릉로99길"},"geometry":{"type":"LineString","coordinates":[[127.0463035,37.505872],[127.0464828,37.5060585]]}},{"type":"Feature","properties":{"name":"선릉로99길"},"geometry":{"type":"LineString","coordinates":[[127.0465831,37.5061615],[127.0467608,37.5063421]]}},{"type":"Feature","properties":{"name":"선릉로99길"},"geometry":{"type":"LineString","coordinates":[[127.0468375,37.506423],[127.0471046,37.5067152],[127.0472361,37.5068543]]}},{"type":"Feature","properties":{"name":"봉은사로48길"},"geometry":{"type":"LineString","coordinates":[[127.0433107,37.5067313],[127.0429669,37.505542]]}},{"type":"Feature","properties":{"name":"봉은사로50길"},"geometry":{"type":"LineString","coordinates":[[127.0427408,37.5091377],[127.0424388,37.5097995]]}},{"type":"Feature","properties":{"name":"언주로94길"},"geometry":{"type":"LineString","coordinates":[[127.0437099,37.5042644],[127.0429758,37.504407],[127.042857,37.5044163],[127.0427357,37.5043996],[127.0421832,37.5042398],[127.0421567,37.5042322]]}},{"type":"Feature","properties":{"name":"테헤란로69길"},"geometry":{"type":"LineString","coordinates":[[127.0528783,37.505921],[127.0528704,37.5059369],[127.052709,37.506263],[127.0526328,37.506401],[127.0525026,37.506634],[127.0523726,37.5068942],[127.0523611,37.5069182]]}},{"type":"Feature","properties":{"name":"봉은사로48길"},"geometry":{"type":"LineString","coordinates":[[127.0421386,37.5076028],[127.0419021,37.5080904]]}},{"type":"Feature","properties":{"name":"봉은사로48길"},"geometry":{"type":"LineString","coordinates":[[127.0418451,37.5082128],[127.0416324,37.5086902]]}},{"type":"Feature","properties":{"name":"선릉로85길"},"geometry":{"type":"LineString","coordinates":[[127.0489157,37.5026966],[127.0496703,37.5029232]]}},{"type":"Feature","properties":{"name":"테헤란로52길"},"geometry":{"type":"LineString","coordinates":[[127.0472951,37.5037886],[127.0473063,37.5037644],[127.047577,37.5031835],[127.0476351,37.5030398]]}},{"type":"Feature","properties":{"name":"테헤란로52길"},"geometry":{"type":"LineString","coordinates":[[127.0477328,37.5029534],[127.0482501,37.5028228],[127.0487112,37.5027132]]}},{"type":"Feature","properties":{"name":"봉은사로58길"},"geometry":{"type":"LineString","coordinates":[[127.045691,37.5106883],[127.0459857,37.5100457]]}},{"type":"Feature","properties":{"name":"봉은사로74길"},"geometry":{"type":"LineString","coordinates":[[127.0518098,37.5117306],[127.052214,37.5118689],[127.0524054,37.5119344],[127.0525292,37.5119767],[127.0527685,37.5120572]]}},{"type":"Feature","properties":{"name":"테헤란로79길"},"geometry":{"type":"LineString","coordinates":[[127.0555711,37.5071718],[127.0550645,37.5080214]]}},{"type":"Feature","properties":{"name":"테헤란로79길"},"geometry":{"type":"LineString","coordinates":[[127.0549961,37.5081436],[127.0545267,37.5090306]]}},{"type":"Feature","properties":{"name":"테헤란로79길"},"geometry":{"type":"LineString","coordinates":[[127.0544629,37.5091502],[127.0541958,37.5096459]]}},{"type":"Feature","properties":{"name":"테헤란로79길"},"geometry":{"type":"LineString","coordinates":[[127.0541323,37.5097649],[127.0538676,37.5102661]]}},{"type":"Feature","properties":{"name":"봉은사로74길"},"geometry":{"type":"LineString","coordinates":[[127.0532517,37.5102002],[127.0530274,37.5104298],[127.0523383,37.5110967]]}},{"type":"Feature","properties":{"name":"봉은사로74길"},"geometry":{"type":"LineString","coordinates":[[127.0522207,37.5112148],[127.0517885,37.5116657]]}},{"type":"Feature","properties":{"name":"봉은사로74길"},"geometry":{"type":"LineString","coordinates":[[127.0516873,37.5117695],[127.0515561,37.5119012],[127.0514514,37.5119885],[127.0511877,37.5122858]]}},{"type":"Feature","properties":{"name":"삼성로99길"},"geometry":{"type":"LineString","coordinates":[[127.053096,37.5085925],[127.0536025,37.5087644]]}},{"type":"Feature","properties":{"name":"삼성로99길"},"geometry":{"type":"LineString","coordinates":[[127.0537624,37.5088194],[127.0539907,37.5088991],[127.0544105,37.5090457]]}},{"type":"Feature","properties":{"name":"삼성로99길"},"geometry":{"type":"LineString","coordinates":[[127.0545607,37.5090967],[127.0551401,37.5092873],[127.0551975,37.5093062]]}},{"type":"Feature","properties":{"name":"봉은사로68길"},"geometry":{"type":"LineString","coordinates":[[127.0533152,37.5090624],[127.0529102,37.5087531]]}},{"type":"Feature","properties":{"name":"테헤란로77길"},"geometry":{"type":"LineString","coordinates":[[127.0540653,37.5096877],[127.0537679,37.5095867],[127.0532117,37.5093902]]}},{"type":"Feature","properties":{"name":"선릉로94길"},"geometry":{"type":"LineString","coordinates":[[127.0501612,37.5062229],[127.0485415,37.5056914]]}},{"type":"Feature","properties":{"name":"봉은사로68길"},"geometry":{"type":"LineString","coordinates":[[127.0531428,37.5092313],[127.0527173,37.508908]]}},{"type":"Feature","properties":{"name":"삼성로107길"},"geometry":{"type":"LineString","coordinates":[[127.050981,37.5104898],[127.0512581,37.5106679],[127.0515255,37.510844]]}},{"type":"Feature","properties":{"name":"삼성로107길"},"geometry":{"type":"LineString","coordinates":[[127.0516649,37.5109169],[127.0519329,37.5110288],[127.0521826,37.5111065]]}},{"type":"Feature","properties":{"name":"삼성로107길"},"geometry":{"type":"LineString","coordinates":[[127.0523601,37.5111594],[127.0525625,37.511217],[127.0528792,37.5113256],[127.0531246,37.5114134]]}},{"type":"Feature","properties":{"name":"삼성로107길"},"geometry":{"type":"LineString","coordinates":[[127.0532738,37.511468],[127.0538758,37.511692],[127.0539168,37.5117058]]}},{"type":"Feature","properties":{"name":"봉은사로72길"},"geometry":{"type":"LineString","coordinates":[[127.0504272,37.5120568],[127.0511755,37.5113028],[127.0515144,37.5109386]]}},{"type":"Feature","properties":{"name":"봉은사로72길"},"geometry":{"type":"LineString","coordinates":[[127.0516208,37.5108319],[127.0518076,37.5106558],[127.0519947,37.5104435],[127.0524224,37.5100251],[127.0525476,37.5099075]]}},{"type":"Feature","properties":{"name":"삼성로103길"},"geometry":{"type":"LineString","coordinates":[[127.0545191,37.5105781],[127.0544699,37.510561],[127.0538865,37.5103596]]}},{"type":"Feature","properties":{"name":"삼성로103길"},"geometry":{"type":"LineString","coordinates":[[127.0537369,37.510308],[127.0534495,37.5102087],[127.0533529,37.5101723]]}},{"type":"Feature","properties":{"name":"삼성로103길"},"geometry":{"type":"LineString","coordinates":[[127.0532029,37.5101172],[127.0531404,37.5100947],[127.0529494,37.5100345],[127.0526825,37.5099138]]}},{"type":"Feature","properties":{"name":"삼성로103길"},"geometry":{"type":"LineString","coordinates":[[127.0525388,37.5098371],[127.0519951,37.509494]]}},{"type":"Feature","properties":{"name":"봉은사로86길"},"geometry":{"type":"LineString","coordinates":[[127.0563093,37.5134748],[127.0566254,37.5129112],[127.0568126,37.5125771]]}},{"type":"Feature","properties":{"name":"봉은사로86길"},"geometry":{"type":"LineString","coordinates":[[127.0568783,37.5124582],[127.0569921,37.5122494]]}},{"type":"Feature","properties":{"name":"봉은사로86길"},"geometry":{"type":"LineString","coordinates":[[127.0570572,37.5121302],[127.057223,37.5118262]]}},{"type":"Feature","properties":{"name":"봉은사로86길"},"geometry":{"type":"LineString","coordinates":[[127.057288,37.5117071],[127.0574127,37.5114782]]}},{"type":"Feature","properties":{"name":"남부순환로391길"},"geometry":{"type":"LineString","coordinates":[[127.0565724,37.4938731],[127.0570438,37.4932445],[127.0573476,37.4928301]]}},{"type":"Feature","properties":{"name":"남부순환로391길"},"geometry":{"type":"LineString","coordinates":[[127.0574283,37.4927152],[127.0578012,37.4921616],[127.0578107,37.4921476]]}},{"type":"Feature","properties":{"name":"삼성로57길"},"geometry":{"type":"LineString","coordinates":[[127.0611358,37.498315],[127.0611035,37.4983046],[127.0606343,37.4981548],[127.0602982,37.4980475],[127.0591656,37.4976837],[127.0586195,37.4975246],[127.0581166,37.4973584],[127.0574874,37.4971656],[127.0571449,37.4970578],[127.0569845,37.4970067],[127.0566639,37.4969112]]}},{"type":"Feature","properties":{"name":"삼성로57길"},"geometry":{"type":"LineString","coordinates":[[127.0565122,37.4968636],[127.0550517,37.4963829]]}},{"type":"Feature","properties":{"name":"도곡로70길"},"geometry":{"type":"LineString","coordinates":[[127.0563307,37.4973514],[127.0565469,37.4969294]]}},{"type":"Feature","properties":{"name":"도곡로70길"},"geometry":{"type":"LineString","coordinates":[[127.0565945,37.4968357],[127.0570944,37.4958413],[127.0576832,37.4958383]]}},{"type":"Feature","properties":{"name":"도곡로64길"},"geometry":{"type":"LineString","coordinates":[[127.0547143,37.4968281],[127.0549325,37.4964095],[127.0549363,37.4964012]]}},{"type":"Feature","properties":{"name":"도곡로64길"},"geometry":{"type":"LineString","coordinates":[[127.05498,37.4963067],[127.0552697,37.4956756],[127.0553637,37.4954823],[127.0555454,37.495086],[127.055814,37.4945113],[127.0558644,37.4944484],[127.0560015,37.4942776]]}},{"type":"Feature","properties":{"name":"남부순환로397길"},"geometry":{"type":"LineString","coordinates":[[127.057484,37.4928021],[127.0579047,37.4930018],[127.0592078,37.4935718],[127.0604495,37.4941499]]}},{"type":"Feature","properties":{"name":"삼성로75길"},"geometry":{"type":"LineString","coordinates":[[127.0539723,37.5023433],[127.0542629,37.5024347],[127.0545434,37.5025303],[127.0546125,37.5025523],[127.0548976,37.5026463],[127.0549583,37.5026661],[127.0552518,37.5027621],[127.055368,37.5028017],[127.0556621,37.5028997],[127.0560658,37.5030311],[127.0563019,37.503107]]}},{"type":"Feature","properties":{"name":"테헤란로78길"},"geometry":{"type":"LineString","coordinates":[[127.0551669,37.5061687],[127.0553798,37.5057759],[127.0555733,37.5053945],[127.0556916,37.5051554],[127.0557757,37.5049855]]}},{"type":"Feature","properties":{"name":"테헤란로78길"},"geometry":{"type":"LineString","coordinates":[[127.0558345,37.504863],[127.05608,37.5043356]]}},{"type":"Feature","properties":{"name":"삼성로100길"},"geometry":{"type":"LineString","coordinates":[[127.0567788,37.511283],[127.0573536,37.5100871]]}},{"type":"Feature","properties":{"name":"테헤란로64길"},"geometry":{"type":"LineString","coordinates":[[127.0508978,37.5048641],[127.0510855,37.5044578],[127.051329,37.5039258],[127.0514749,37.5035906],[127.0514791,37.5035859]]}},{"type":"Feature","properties":{"name":"테헤란로64길"},"geometry":{"type":"LineString","coordinates":[[127.0515561,37.5034676],[127.0518003,37.5029237]]}},{"type":"Feature","properties":{"name":"역삼로69길"},"geometry":{"type":"LineString","coordinates":[[127.0539241,37.5023717],[127.0540113,37.5032271],[127.0540566,37.5035384]]}},{"type":"Feature","properties":{"name":"삼성로81길"},"geometry":{"type":"LineString","coordinates":[[127.0560362,37.5042658],[127.0555225,37.5041027],[127.0551066,37.503966],[127.0548178,37.5038713],[127.0547126,37.5038354],[127.054348,37.5037175],[127.0541184,37.5036417]]}},{"type":"Feature","properties":{"name":"삼성로100길"},"geometry":{"type":"LineString","coordinates":[[127.0580598,37.5102586],[127.0579658,37.5102283],[127.0574693,37.510069]]}},{"type":"Feature","properties":{"name":"삼성로100길"},"geometry":{"type":"LineString","coordinates":[[127.0572824,37.5100084],[127.0569273,37.5098982]]}},{"type":"Feature","properties":{"name":"삼성로100길"},"geometry":{"type":"LineString","coordinates":[[127.0567756,37.5098518],[127.0562538,37.5096942]]}},{"type":"Feature","properties":{"name":"삼성로100길"},"geometry":{"type":"LineString","coordinates":[[127.0561008,37.5096458],[127.0554067,37.5094157]]}},{"type":"Feature","properties":{"name":"삼성로96길"},"geometry":{"type":"LineString","coordinates":[[127.058453,37.5093597],[127.0579128,37.5091877],[127.0573621,37.5090264]]}},{"type":"Feature","properties":{"name":"삼성로96길"},"geometry":{"type":"LineString","coordinates":[[127.0572077,37.5089791],[127.0567235,37.5088249]]}},{"type":"Feature","properties":{"name":"삼성로96길"},"geometry":{"type":"LineString","coordinates":[[127.0565709,37.50877],[127.0559364,37.508515],[127.0558881,37.5084957]]}},{"type":"Feature","properties":{"name":"테헤란로81길"},"geometry":{"type":"LineString","coordinates":[[127.0574598,37.5072947],[127.0574457,37.5073225],[127.0572357,37.5077364]]}},{"type":"Feature","properties":{"name":"테헤란로81길"},"geometry":{"type":"LineString","coordinates":[[127.0571872,37.5078306],[127.0569636,37.5082595],[127.0567037,37.5087319]]}},{"type":"Feature","properties":{"name":"테헤란로81길"},"geometry":{"type":"LineString","coordinates":[[127.0566383,37.5088516],[127.0562321,37.5096022]]}},{"type":"Feature","properties":{"name":"테헤란로81길"},"geometry":{"type":"LineString","coordinates":[[127.0561704,37.509723],[127.0561369,37.5097932],[127.0560678,37.5099384],[127.0560055,37.510069],[127.0559425,37.5102006],[127.0558791,37.5103336],[127.0558139,37.5104701],[127.0557506,37.5106028],[127.0556827,37.5107449],[127.0556018,37.5109146]]}},{"type":"Feature","properties":{"name":"테헤란로83길"},"geometry":{"type":"LineString","coordinates":[[127.0580557,37.5075023],[127.0580424,37.5075266],[127.0578426,37.50792]]}},{"type":"Feature","properties":{"name":"테헤란로83길"},"geometry":{"type":"LineString","coordinates":[[127.0577959,37.5080147],[127.0575819,37.5084628],[127.0573388,37.5089345]]}},{"type":"Feature","properties":{"name":"테헤란로83길"},"geometry":{"type":"LineString","coordinates":[[127.0572754,37.5090559],[127.0571063,37.5093749],[127.0570988,37.5093877],[127.0569039,37.5098054]]}},{"type":"Feature","properties":{"name":"삼성로108길"},"geometry":{"type":"LineString","coordinates":[[127.0567794,37.5125113],[127.055973,37.512248]]}},{"type":"Feature","properties":{"name":"삼성로108길"},"geometry":{"type":"LineString","coordinates":[[127.0558546,37.5122123],[127.0554262,37.5120928],[127.0552565,37.5120513]]}},{"type":"Feature","properties":{"name":"삼성로108길"},"geometry":{"type":"LineString","coordinates":[[127.055135,37.5120213],[127.055036,37.5119968]]}},{"type":"Feature","properties":{"name":"삼성로108길"},"geometry":{"type":"LineString","coordinates":[[127.0548789,37.5119604],[127.054131,37.5117992]]}},{"type":"Feature","properties":{"name":"사평대로53길"},"geometry":{"type":"LineString","coordinates":[[127.0210552,37.5056439],[127.0213598,37.5055213],[127.0213895,37.505533]]}},{"type":"Feature","properties":{"name":""},"geometry":{"type":"LineString","coordinates":[[127.0203616,37.4974185],[127.0203543,37.4974137]]}},{"type":"Feature","properties":{"name":""},"geometry":{"type":"LineString","coordinates":[[127.0549545,37.5120319],[127.0549138,37.5121266]]}},{"type":"Feature","properties":{"name":"봉은사로18길"},"geometry":{"type":"LineString","coordinates":[[127.0303161,37.5041325],[127.0300976,37.5042463],[127.0298833,37.504358]]}},{"type":"Feature","properties":{"name":"강남대로146길"},"geometry":{"type":"LineString","coordinates":[[127.0208547,37.5147585],[127.0211154,37.5139148]]}},{"type":"Feature","properties":{"name":"강남대로136길"},"geometry":{"type":"LineString","coordinates":[[127.0213453,37.5130864],[127.0211307,37.5138132]]}},{"type":"Feature","properties":{"name":"강남대로122길"},"geometry":{"type":"LineString","coordinates":[[127.0254579,37.5083854],[127.0256471,37.5080009],[127.0258315,37.5076087]]}},{"type":"Feature","properties":{"name":"강남대로118길"},"geometry":{"type":"LineString","coordinates":[[127.0258877,37.5074867],[127.026035,37.507162]]}},{"type":"Feature","properties":{"name":"강남대로106길"},"geometry":{"type":"LineString","coordinates":[[127.0270692,37.503186],[127.0269079,37.5035064]]}},{"type":"Feature","properties":{"name":"강남대로54길"},"geometry":{"type":"LineString","coordinates":[[127.0337368,37.4890328],[127.0336465,37.4889777],[127.034064,37.4885244]]}},{"type":"Feature","properties":{"name":"논현로95길"},"geometry":{"type":"LineString","coordinates":[[127.0340061,37.5015136],[127.0340485,37.501231]]}},{"type":"Feature","properties":{"name":"논현로95길"},"geometry":{"type":"LineString","coordinates":[[127.0340678,37.5011021],[127.0341091,37.500827]]}},{"type":"Feature","properties":{"name":"테헤란로27길"},"geometry":{"type":"LineString","coordinates":[[127.0380203,37.5034788],[127.037507,37.5033042]]}},{"type":"Feature","properties":{"name":"테헤란로21길"},"geometry":{"type":"LineString","coordinates":[[127.0343235,37.5016546],[127.0343439,37.5016575]]}},{"type":"Feature","properties":{"name":"논현로86길"},"geometry":{"type":"LineString","coordinates":[[127.0389369,37.5001003],[127.0388947,37.500056],[127.038589,37.4997348]]}},{"type":"Feature","properties":{"name":"논현로86길"},"geometry":{"type":"LineString","coordinates":[[127.0384819,37.4996755],[127.0380818,37.4995553],[127.0377056,37.4994424]]}},{"type":"Feature","properties":{"name":"도곡로13길"},"geometry":{"type":"LineString","coordinates":[[127.0367966,37.491212],[127.0366043,37.4916065]]}},{"type":"Feature","properties":{"name":"도곡로13길"},"geometry":{"type":"LineString","coordinates":[[127.0365454,37.4917276],[127.0362498,37.4923348]]}},{"type":"Feature","properties":{"name":"도곡로13길"},"geometry":{"type":"LineString","coordinates":[[127.0361923,37.4924566],[127.0359097,37.4930754]]}},{"type":"Feature","properties":{"name":"학동로24길"},"geometry":{"type":"LineString","coordinates":[[127.0289286,37.5127174],[127.0288866,37.5128046],[127.028697,37.5131979]]}},{"type":"Feature","properties":{"name":"논현로101길"},"geometry":{"type":"LineString","coordinates":[[127.0328884,37.5045808],[127.0335951,37.5041848]]}},{"type":"Feature","properties":{"name":"선릉로120길"},"geometry":{"type":"LineString","coordinates":[[127.0440135,37.5140674],[127.0438453,37.5140162],[127.0435333,37.5139349]]}},{"type":"Feature","properties":{"name":"선릉로120길"},"geometry":{"type":"LineString","coordinates":[[127.0433763,37.5138942],[127.0430646,37.5138136],[127.0426941,37.5137212]]}},{"type":"Feature","properties":{"name":"테헤란로19길"},"geometry":{"type":"LineString","coordinates":[[127.0316854,37.5043697],[127.0316256,37.5045075],[127.0313459,37.504655],[127.0310806,37.504795]]}},{"type":"Feature","properties":{"name":"봉은사로5길"},"geometry":{"type":"LineString","coordinates":[[127.0259847,37.5060259],[127.0261161,37.5057275]]}},{"type":"Feature","properties":{"name":"봉은사로5길"},"geometry":{"type":"LineString","coordinates":[[127.0261705,37.5056038],[127.026375,37.5051392]]}},{"type":"Feature","properties":{"name":""},"geometry":{"type":"LineString","coordinates":[[127.0573763,37.5099519],[127.0574513,37.5097803]]}},{"type":"Feature","properties":{"name":"테헤란로57길"},"geometry":{"type":"LineString","coordinates":[[127.0467479,37.5064119],[127.0461964,37.5067215],[127.0459881,37.5068543],[127.0452005,37.5073267]]}},{"type":"Feature","properties":{"name":"역삼로5길"},"geometry":{"type":"LineString","coordinates":[[127.0318173,37.4954131],[127.0319401,37.4951464],[127.032385,37.4942094],[127.03254,37.4938861]]}},{"type":"Feature","properties":{"name":"역삼로74길"},"geometry":{"type":"LineString","coordinates":[[127.0552148,37.5012763],[127.0552514,37.5015859],[127.0552834,37.5018986],[127.0552851,37.5019169]]}},{"type":"Feature","properties":{"name":"테헤란로70길"},"geometry":{"type":"LineString","coordinates":[[127.0540368,37.5036741],[127.0537983,37.5042058]]}},{"type":"Feature","properties":{"name":"삼성로81길"},"geometry":{"type":"LineString","coordinates":[[127.0576067,37.5047871],[127.0575666,37.5047738],[127.0561954,37.5043174]]}},{"type":"Feature","properties":{"name":"삼성로75길"},"geometry":{"type":"LineString","coordinates":[[127.0564682,37.5031452],[127.0568659,37.5032737],[127.0573309,37.5034338],[127.0577987,37.5035872],[127.0580424,37.5036674],[127.0581571,37.5037052]]}},{"type":"Feature","properties":{"name":"역삼로69길"},"geometry":{"type":"LineString","coordinates":[[127.0538393,37.5015992],[127.0538704,37.5019322],[127.0539138,37.5022811]]}},{"type":"Feature","properties":{"name":"봉은사로67길"},"geometry":{"type":"LineString","coordinates":[[127.0473209,37.5150678],[127.0475688,37.5145409],[127.0477936,37.5140556],[127.0479004,37.5138193]]}},{"type":"Feature","properties":{"name":"봉은사로49길"},"geometry":{"type":"LineString","coordinates":[[127.0415207,37.5120227],[127.0414134,37.512312],[127.0411482,37.5130364],[127.0410634,37.5132683]]}},{"type":"Feature","properties":{"name":"학동로9길"},"geometry":{"type":"LineString","coordinates":[[127.0237607,37.5138715],[127.0242289,37.5128803]]}},{"type":"Feature","properties":{"name":"강남대로128길"},"geometry":{"type":"LineString","coordinates":[[127.0246179,37.5104279],[127.024017,37.5102379],[127.0235605,37.5100937]]}},{"type":"Feature","properties":{"name":"강남대로128길"},"geometry":{"type":"LineString","coordinates":[[127.023408,37.5100472],[127.0229438,37.5099115]]}},{"type":"Feature","properties":{"name":"강남대로128길"},"geometry":{"type":"LineString","coordinates":[[127.0227905,37.5098652],[127.0224775,37.5097678],[127.0222132,37.5096838]]}},{"type":"Feature","properties":{"name":"학동로1길"},"geometry":{"type":"LineString","coordinates":[[127.0221088,37.5114866],[127.0217999,37.5121702]]}},{"type":"Feature","properties":{"name":""},"geometry":{"type":"LineString","coordinates":[[127.0444995,37.5046313],[127.0444379,37.5044193],[127.0445453,37.5041961]]}},{"type":"Feature","properties":{"name":"테헤란로5길"},"geometry":{"type":"LineString","coordinates":[[127.0289471,37.4999513],[127.028916,37.4999784],[127.0288774,37.5000996],[127.0289514,37.5003918],[127.028967,37.5005083],[127.0289525,37.5006385],[127.0289211,37.5007334]]}},{"type":"Feature","properties":{"name":"테헤란로5길"},"geometry":{"type":"LineString","coordinates":[[127.0293597,37.499776],[127.029325,37.4998242],[127.0292626,37.4998486],[127.0290397,37.4999022]]}},{"type":"Feature","properties":{"name":"테헤란로13길"},"geometry":{"type":"LineString","coordinates":[[127.0311191,37.5018355],[127.0311618,37.5018705],[127.0315421,37.5019794]]}},{"type":"Feature","properties":{"name":"도곡로57길"},"geometry":{"type":"LineString","coordinates":[[127.0509185,37.4965878],[127.050689,37.4970387]]}},{"type":"Feature","properties":{"name":"선릉로62길"},"geometry":{"type":"LineString","coordinates":[[127.0544135,37.4976223],[127.0549273,37.4977891],[127.0551116,37.4978515],[127.0558693,37.4981025]]}},{"type":"Feature","properties":{"name":"도곡로63길"},"geometry":{"type":"LineString","coordinates":[[127.0543516,37.4975327],[127.0546519,37.4969487]]}},{"type":"Feature","properties":{"name":"삼성로71길"},"geometry":{"type":"LineString","coordinates":[[127.0569383,37.5017906],[127.0566015,37.5016707],[127.0562752,37.5015676],[127.0562057,37.501539],[127.0558111,37.5014159],[127.0554277,37.5012896],[127.0552773,37.5012396]]}},{"type":"Feature","properties":{"name":"역삼로64길"},"geometry":{"type":"LineString","coordinates":[[127.0526782,37.5010776],[127.052926,37.5005516]]}},{"type":"Feature","properties":{"name":"언주로93길"},"geometry":{"type":"LineString","coordinates":[[127.0391823,37.5030974],[127.0394564,37.5031866],[127.0397991,37.5032983],[127.0401359,37.5034063],[127.0404307,37.5035024]]}},{"type":"Feature","properties":{"name":"언주로113길"},"geometry":{"type":"LineString","coordinates":[[127.0366024,37.5093612],[127.0373565,37.5095977]]}},{"type":"Feature","properties":{"name":"봉은사로37길"},"geometry":{"type":"LineString","coordinates":[[127.0365491,37.5092801],[127.0368558,37.5089384]]}},{"type":"Feature","properties":{"name":"봉은사로37길"},"geometry":{"type":"LineString","coordinates":[[127.0369398,37.5088231],[127.0371892,37.5083706]]}},{"type":"Feature","properties":{"name":"언주로"},"geometry":{"type":"LineString","coordinates":[[127.0448257,37.4986417],[127.0445352,37.4992359],[127.0434313,37.5013296]]}},{"type":"Feature","properties":{"name":"언주로"},"geometry":{"type":"LineString","coordinates":[[127.0420767,37.5042634],[127.0417162,37.5051408]]}},{"type":"Feature","properties":{"name":"언주로"},"geometry":{"type":"LineString","coordinates":[[127.0416085,37.5053903],[127.0414841,37.5056692],[127.0412821,37.5059847],[127.0410474,37.5062133],[127.0403874,37.5069417]]}},{"type":"Feature","properties":{"name":"언주로"},"geometry":{"type":"LineString","coordinates":[[127.0433703,37.5014504],[127.0431584,37.5018936],[127.0430377,37.5021328],[127.0429932,37.5022227],[127.0429281,37.5023543],[127.042894,37.5024231]]}},{"type":"Feature","properties":{"name":"언주로"},"geometry":{"type":"LineString","coordinates":[[127.0426847,37.5028125],[127.0426057,37.5029992],[127.0423821,37.5035376],[127.042128,37.5041401]]}},{"type":"Feature","properties":{"name":"언주로"},"geometry":{"type":"LineString","coordinates":[[127.0494967,37.4888006],[127.0495964,37.4886166],[127.0496638,37.4885032],[127.0496708,37.4884913]]}},{"type":"Feature","properties":{"name":"언주로"},"geometry":{"type":"LineString","coordinates":[[127.0466619,37.494045],[127.0468646,37.4936567]]}},{"type":"Feature","properties":{"name":""},"geometry":{"type":"LineString","coordinates":[[127.0272196,37.4977191],[127.0272295,37.4977255],[127.027348,37.4977037],[127.0274312,37.4976763],[127.0275233,37.4976265],[127.0275704,37.4975951]]}},{"type":"Feature","properties":{"name":""},"geometry":{"type":"LineString","coordinates":[[127.0294003,37.5112212],[127.0299454,37.5109579]]}},{"type":"Feature","properties":{"name":""},"geometry":{"type":"LineString","coordinates":[[127.0280083,37.4975566],[127.0279619,37.4976277],[127.0279709,37.4976549],[127.0280278,37.4977798],[127.0280842,37.4978713],[127.0281765,37.4979742],[127.0283237,37.498027]]}},{"type":"Feature","properties":{"name":"학동로38길"},"geometry":{"type":"LineString","coordinates":[[127.0349009,37.5116297],[127.0348027,37.5118739],[127.0346685,37.512193],[127.0346122,37.5123431]]}},{"type":"Feature","properties":{"name":"학동로38길"},"geometry":{"type":"LineString","coordinates":[[127.0345925,37.5124238],[127.0345385,37.5129133]]}},{"type":"Feature","properties":{"name":"학동로30길"},"geometry":{"type":"LineString","coordinates":[[127.0319613,37.5135028],[127.0321923,37.5130223]]}},{"type":"Feature","properties":{"name":"학동로30길"},"geometry":{"type":"LineString","coordinates":[[127.0316463,37.5141532],[127.0319029,37.513624]]}},{"type":"Feature","properties":{"name":""},"geometry":{"type":"LineString","coordinates":[[127.0380501,37.508954],[127.0380972,37.5089381],[127.0381086,37.5088961],[127.0381153,37.5088594],[127.0381137,37.508833],[127.038112,37.5088196],[127.0381026,37.5087706],[127.038077,37.5087089],[127.0380436,37.5086514],[127.0380169,37.5086154]]}},{"type":"Feature","properties":{"name":""},"geometry":{"type":"LineString","coordinates":[[127.0388376,37.5085448],[127.0388107,37.5085907],[127.0388261,37.5086737],[127.0388381,37.5087063],[127.0388476,37.508729],[127.0388786,37.5087758]]}},{"type":"Feature","properties":{"name":""},"geometry":{"type":"LineString","coordinates":[[127.0502731,37.4887198],[127.0501684,37.4886792],[127.0500934,37.4886847],[127.0500753,37.4886869],[127.0500458,37.4886904],[127.0500036,37.4886996],[127.0499603,37.488716],[127.0499177,37.4887347],[127.049805,37.4888016],[127.0497192,37.4888968]]}},{"type":"Feature","properties":{"name":""},"geometry":{"type":"LineString","coordinates":[[127.0494796,37.4887886],[127.0495154,37.4887549],[127.0495382,37.4886707],[127.049557,37.4885888],[127.0495529,37.4885431],[127.0495398,37.4884906],[127.0495247,37.4884547],[127.049498,37.4884218],[127.0494403,37.488359],[127.0493525,37.4883092]]}},{"type":"Feature","properties":{"name":""},"geometry":{"type":"LineString","coordinates":[[127.05011,37.4881655],[127.0501172,37.4882455],[127.0501256,37.4882961],[127.0501323,37.4883197],[127.0501484,37.4883516],[127.0501671,37.4883856],[127.0502148,37.4884394],[127.0502704,37.4884994],[127.0503587,37.4885252]]}},{"type":"Feature","properties":{"name":""},"geometry":{"type":"LineString","coordinates":[[127.0494815,37.4881125],[127.0495221,37.4881333],[127.0496199,37.4881217],[127.0497192,37.4881067],[127.0497501,37.4880999],[127.0497839,37.4880845],[127.0498264,37.488061],[127.0498654,37.4880345]]}},{"type":"Feature","properties":{"name":""},"geometry":{"type":"LineString","coordinates":[[127.0497605,37.5135678],[127.050321,37.5137497]]}},{"type":"Feature","properties":{"name":""},"geometry":{"type":"LineString","coordinates":[[127.020164,37.4964095],[127.020107,37.4964604],[127.0200555,37.4965063],[127.0200364,37.4965652],[127.020021,37.4966128]]}},{"type":"Feature","properties":{"name":"삼성로67길"},"geometry":{"type":"LineString","coordinates":[[127.0576757,37.5007119],[127.0582595,37.5009028],[127.0585723,37.5010051],[127.0588829,37.5011068],[127.0592261,37.5012189],[127.059486,37.5013039]]}},{"type":"Feature","properties":{"name":"테헤란로"},"geometry":{"type":"LineString","coordinates":[[127.0371383,37.500695],[127.037149,37.5006984],[127.037271,37.5007361],[127.0377062,37.5008708],[127.0384271,37.5010934]]}},{"type":"Feature","properties":{"name":"테헤란로"},"geometry":{"type":"LineString","coordinates":[[127.0385786,37.5011407],[127.0392239,37.5013429],[127.0398351,37.501532]]}},{"type":"Feature","properties":{"name":"테헤란로"},"geometry":{"type":"LineString","coordinates":[[127.039988,37.5015778],[127.0400628,37.5015997],[127.040562,37.5017456],[127.0412026,37.5019608]]}},{"type":"Feature","properties":{"name":"테헤란로"},"geometry":{"type":"LineString","coordinates":[[127.0413549,37.5020086],[127.0423689,37.5023068],[127.0424457,37.5023295],[127.0425518,37.5023606]]}},{"type":"Feature","properties":{"name":"논현로"},"geometry":{"type":"LineString","coordinates":[[127.0392902,37.4959454],[127.0391158,37.4963036],[127.038944,37.4966679]]}},{"type":"Feature","properties":{"name":"논현로"},"geometry":{"type":"LineString","coordinates":[[127.0388869,37.4967895],[127.0387208,37.4971448]]}},{"type":"Feature","properties":{"name":"논현로"},"geometry":{"type":"LineString","coordinates":[[127.0386649,37.4972658],[127.0384123,37.4978206]]}},{"type":"Feature","properties":{"name":"논현로"},"geometry":{"type":"LineString","coordinates":[[127.0383561,37.4979429],[127.0381933,37.498295]]}},{"type":"Feature","properties":{"name":"논현로"},"geometry":{"type":"LineString","coordinates":[[127.038135,37.498418],[127.0376819,37.4993504]]}},{"type":"Feature","properties":{"name":"논현로"},"geometry":{"type":"LineString","coordinates":[[127.0376243,37.499472],[127.0372458,37.5002911],[127.037119,37.5005657],[127.0371148,37.5005745],[127.0370908,37.5006265]]}},{"type":"Feature","properties":{"name":"테헤란로"},"geometry":{"type":"LineString","coordinates":[[127.0423915,37.5026769],[127.042293,37.5026452],[127.0420423,37.5025646],[127.0412015,37.5022939]]}},{"type":"Feature","properties":{"name":"테헤란로"},"geometry":{"type":"LineString","coordinates":[[127.04105,37.5022458],[127.0399085,37.5018882],[127.0398266,37.5018626]]}},{"type":"Feature","properties":{"name":"테헤란로"},"geometry":{"type":"LineString","coordinates":[[127.0396763,37.5018137],[127.039078,37.5016117],[127.0384249,37.5014044]]}},{"type":"Feature","properties":{"name":"테헤란로"},"geometry":{"type":"LineString","coordinates":[[127.0382387,37.5013474],[127.038026,37.501284],[127.0371803,37.5010316],[127.0371353,37.5010182],[127.0370042,37.500979],[127.0370004,37.5009779]]}},{"type":"Feature","properties":{"name":"학동로"},"geometry":{"type":"LineString","coordinates":[[127.0305814,37.5140152],[127.0304851,37.5139885],[127.0293615,37.5136524],[127.0286675,37.5134302]]}},{"type":"Feature","properties":{"name":"학동로"},"geometry":{"type":"LineString","coordinates":[[127.0285044,37.5133781],[127.0284256,37.513353],[127.0281106,37.5132525],[127.0279575,37.5132038],[127.0276556,37.5131081],[127.0269421,37.512883]]}},{"type":"Feature","properties":{"name":"논현로"},"geometry":{"type":"LineString","coordinates":[[127.0307938,37.5138149],[127.0308174,37.5137473],[127.0308261,37.5137265],[127.0309545,37.5133326]]}},{"type":"Feature","properties":{"name":"논현로"},"geometry":{"type":"LineString","coordinates":[[127.0310069,37.5131968],[127.0313426,37.5124564],[127.0314942,37.5121271]]}},{"type":"Feature","properties":{"name":"테헤란로87길"},"geometry":{"type":"LineString","coordinates":[[127.0574142,37.5114757],[127.0580696,37.5102776]]}},{"type":"Feature","properties":{"name":"테헤란로"},"geometry":{"type":"LineString","coordinates":[[127.0491764,37.5043938],[127.0494114,37.5044712],[127.0508164,37.5048937]]}},{"type":"Feature","properties":{"name":"테헤란로"},"geometry":{"type":"LineString","coordinates":[[127.0509683,37.5049401],[127.051997,37.5052584],[127.0528927,37.5055252],[127.052964,37.5055465]]}},{"type":"Feature","properties":{"name":"테헤란로"},"geometry":{"type":"LineString","coordinates":[[127.053116,37.5055925],[127.0550825,37.5061987]]}},{"type":"Feature","properties":{"name":"테헤란로"},"geometry":{"type":"LineString","coordinates":[[127.0552347,37.5062453],[127.0563951,37.5065973],[127.0565984,37.5066583]]}},{"type":"Feature","properties":{"name":"테헤란로"},"geometry":{"type":"LineString","coordinates":[[127.0564544,37.5069619],[127.0560073,37.5068274],[127.0550291,37.5065254]]}},{"type":"Feature","properties":{"name":"테헤란로"},"geometry":{"type":"LineString","coordinates":[[127.054877,37.5064786],[127.0529608,37.5058917]]}},{"type":"Feature","properties":{"name":"테헤란로"},"geometry":{"type":"LineString","coordinates":[[127.0528086,37.5058454],[127.052734,37.5058228],[127.0507974,37.5052357]]}},{"type":"Feature","properties":{"name":"테헤란로"},"geometry":{"type":"LineString","coordinates":[[127.0506453,37.5051893],[127.049104,37.5047183],[127.0490205,37.5046941]]}},{"type":"Feature","properties":{"name":"논현로"},"geometry":{"type":"LineString","coordinates":[[127.0363346,37.5022253],[127.0363147,37.5022667],[127.036188,37.5025322]]}},{"type":"Feature","properties":{"name":"논현로94길"},"geometry":{"type":"LineString","coordinates":[[127.0364295,37.5021681],[127.0365156,37.5021941],[127.0371053,37.5023721]]}},{"type":"Feature","properties":{"name":"논현로"},"geometry":{"type":"LineString","coordinates":[[127.0369094,37.5010238],[127.0368917,37.5010588],[127.0368297,37.5011815],[127.0367072,37.5014243],[127.0363923,37.5021027]]}},{"type":"Feature","properties":{"name":""},"geometry":{"type":"LineString","coordinates":[[127.0571253,37.5122121],[127.0574909,37.5123653]]}},{"type":"Feature","properties":{"name":""},"geometry":{"type":"LineString","coordinates":[[127.057355,37.5117842],[127.0574653,37.5118192]]}},{"type":"Feature","properties":{"name":""},"geometry":{"type":"LineString","coordinates":[[127.0360213,37.5004923],[127.0360252,37.5004976],[127.0360734,37.5005392],[127.0361486,37.5005721],[127.0362733,37.5006114],[127.0362961,37.5006202],[127.0363133,37.5006291]]}},{"type":"Feature","properties":{"name":"봉은사로"},"geometry":{"type":"LineString","coordinates":[[127.0248562,37.5045017],[127.0249256,37.504523],[127.0252926,37.504636]]}},{"type":"Feature","properties":{"name":"봉은사로"},"geometry":{"type":"LineString","coordinates":[[127.0254098,37.5046733],[127.0258072,37.504805]]}},{"type":"Feature","properties":{"name":"봉은사로"},"geometry":{"type":"LineString","coordinates":[[127.025959,37.5048531],[127.0264154,37.5049915]]}},{"type":"Feature","properties":{"name":"봉은사로"},"geometry":{"type":"LineString","coordinates":[[127.026567,37.5050382],[127.0277509,37.5054079]]}},{"type":"Feature","properties":{"name":"봉은사로"},"geometry":{"type":"LineString","coordinates":[[127.0278999,37.5054523],[127.0281271,37.5055168]]}},{"type":"Feature","properties":{"name":"봉은사로"},"geometry":{"type":"LineString","coordinates":[[127.0282805,37.5055615],[127.0291259,37.5058162]]}},{"type":"Feature","properties":{"name":"봉은사로"},"geometry":{"type":"LineString","coordinates":[[127.0292779,37.5058624],[127.03045,37.5062217]]}},{"type":"Feature","properties":{"name":"봉은사로"},"geometry":{"type":"LineString","coordinates":[[127.03045,37.5062217],[127.0313045,37.5064885],[127.0314089,37.5065457]]}},{"type":"Feature","properties":{"name":"봉은사로"},"geometry":{"type":"LineString","coordinates":[[127.0313859,37.5065978],[127.0312642,37.5065758],[127.0304406,37.5063078],[127.0298208,37.5061308]]}},{"type":"Feature","properties":{"name":"봉은사로"},"geometry":{"type":"LineString","coordinates":[[127.029669,37.5060862],[127.0291561,37.5059318],[127.0290185,37.5058897]]}},{"type":"Feature","properties":{"name":"봉은사로"},"geometry":{"type":"LineString","coordinates":[[127.0288655,37.5058442],[127.0282331,37.5056614]]}},{"type":"Feature","properties":{"name":"봉은사로"},"geometry":{"type":"LineString","coordinates":[[127.0280779,37.5056139],[127.0278591,37.5055435]]}},{"type":"Feature","properties":{"name":"봉은사로"},"geometry":{"type":"LineString","coordinates":[[127.0277081,37.5054958],[127.02649,37.5051191]]}},{"type":"Feature","properties":{"name":"봉은사로"},"geometry":{"type":"LineString","coordinates":[[127.0263375,37.505073],[127.0258397,37.5049257],[127.0253747,37.5047893]]}},{"type":"Feature","properties":{"name":"봉은사로"},"geometry":{"type":"LineString","coordinates":[[127.0252207,37.5047459],[127.024864,37.5046495],[127.0247841,37.5046278]]}},{"type":"Feature","properties":{"name":""},"geometry":{"type":"LineString","coordinates":[[127.0355298,37.5127263],[127.0355183,37.5127449],[127.0354941,37.5128088],[127.0354672,37.5129066],[127.0354486,37.5129323],[127.035443,37.5129362]]}},{"type":"Feature","properties":{"name":""},"geometry":{"type":"LineString","coordinates":[[127.0364667,37.5107301],[127.0364777,37.5107281],[127.03651,37.5107301],[127.0365342,37.5107413],[127.0365543,37.5107637],[127.0365592,37.5107738]]}},{"type":"Feature","properties":{"name":"테헤란로"},"geometry":{"type":"LineString","coordinates":[[127.0283557,37.4980378],[127.0284183,37.4980575]]}},{"type":"Feature","properties":{"name":"테헤란로"},"geometry":{"type":"LineString","coordinates":[[127.0285097,37.4980856],[127.0287517,37.4981576],[127.0293738,37.4983465]]}},{"type":"Feature","properties":{"name":"강남대로"},"geometry":{"type":"LineString","coordinates":[[127.0279804,37.497545],[127.0278445,37.4978422]]}},{"type":"Feature","properties":{"name":"테헤란로"},"geometry":{"type":"LineString","coordinates":[[127.0278765,37.497923],[127.0279403,37.4979358]]}},{"type":"Feature","properties":{"name":"테헤란로"},"geometry":{"type":"LineString","coordinates":[[127.0280343,37.4979548],[127.0283169,37.4980412]]}}]}